#
# A fatal error has been detected by the Java Runtime Environment:
#
#  EXCEPTION_ACCESS_VIOLATION (0xc0000005) at pc=0x00007ffad213180e, pid=37868, tid=28624
#
# JRE version: OpenJDK Runtime Environment (26.0+35) (build 26+35-2893)
# Java VM: OpenJDK 64-Bit Server VM (26+35-2893, mixed mode, sharing, tiered, compressed oops, compressed class ptrs, g1 gc, windows-amd64)
# Problematic frame:
# V  [jvm.dll+0x51180e]
#
# No core dump will be written. Minidumps are not enabled by default on client versions of Windows
#
# If you would like to submit a bug report, please visit:
#   https://bugreport.java.com/bugreport/crash.jsp
#

---------------  S U M M A R Y ------------

Command Line: -javaagent:C:\Program Files\JetBrains\IntelliJ IDEA 2025.2.4\lib\idea_rt.jar=61185 -Dfile.encoding=UTF-8 -Dsun.stdout.encoding=UTF-8 -Dsun.stderr.encoding=UTF-8 org.example.Launcher

Host: AMD Ryzen 7 6800H with Radeon Graphics         , 16 cores, 23G,  Windows 11 , 64 bit Build 26100 (10.0.26100.8246)
Time: Sat Apr 25 15:05:22 2026 Central Europe Daylight Time elapsed time: 10.444038 seconds (0d 0h 0m 10s)

---------------  T H R E A D  ---------------

Current thread (0x000001fc3f8c7d60):  JavaThread "JavaFX Application Thread"        [_thread_in_vm, id=28624, stack(0x000000ac10c00000,0x000000ac10d00000) (1024K)]

Stack: [0x000000ac10c00000,0x000000ac10d00000],  sp=0x000000ac10cfd010,  free space=1012k
Native frames: (J=compiled Java code, j=interpreted, Vv=VM code, C=native code)
V  [jvm.dll+0x51180e]  (no source info available)
V  [jvm.dll+0x50e9a4]  (no source info available)
C  0x00007ffab3d4b1e5  (no source info available)
C  0x00007ffab319c0dd  (no source info available)
C  0x00007ffab2ab0f80  (no source info available)
C  0x000001fc2714d4f3  (no source info available)

The last pc belongs to native method entry point (kind = native) (printed below).
Java frames: (J=compiled Java code, j=interpreted, Vv=VM code)
j  com.sun.webkit.WebPage.twkExecuteScript(JLjava/lang/String;)Ljava/lang/Object;+0
j  com.sun.webkit.WebPage.executeScript(JLjava/lang/String;)Ljava/lang/Object;+78
j  javafx.scene.web.WebEngine.executeScript(Ljava/lang/String;)Ljava/lang/Object;+19
j  org.example.controller.ManzelController.lambda$showFormView$0(Ljavafx/scene/web/WebEngine;Ljavafx/beans/value/ObservableValue;Ljavafx/concurrent/Worker$State;Ljavafx/concurrent/Worker$State;)V+11
j  org.example.controller.ManzelController$$Lambda+0x000000008c3e8e90.changed(Ljavafx/beans/value/ObservableValue;Ljava/lang/Object;Ljava/lang/Object;)V+13
J 5710 c1 com.sun.javafx.binding.ExpressionHelper$SingleChange.fireValueChangedEvent()V (96 bytes) @ 0x000001fc205d21fc [0x000001fc205d1e00+0x00000000000003fc]
J 3494 c1 javafx.beans.property.ReadOnlyObjectWrapper.fireValueChangedEvent()V (19 bytes) @ 0x000001fc20218f3c [0x000001fc20218b80+0x00000000000003bc]
J 2590 c1 javafx.beans.property.ObjectPropertyBase.set(Ljava/lang/Object;)V (76 bytes) @ 0x000001fc200d67dc [0x000001fc200d6200+0x00000000000005dc]
j  javafx.scene.web.WebEngine$LoadWorker.updateState(Ljavafx/concurrent/Worker$State;)V+8
j  javafx.scene.web.WebEngine$LoadWorker.dispatchLoadEvent(JILjava/lang/String;Ljava/lang/String;DI)V+270
j  javafx.scene.web.WebEngine$PageLoadListener.dispatchLoadEvent(JILjava/lang/String;Ljava/lang/String;DI)V+32
j  com.sun.webkit.WebPage.fireLoadEvent(JILjava/lang/String;Ljava/lang/String;DI)V+53
j  com.sun.webkit.WebPage.fwkFireLoadEvent(JILjava/lang/String;Ljava/lang/String;DI)V+32
v  ~StubRoutines::Stub Generator call_stub_stub 0x000001fc271418e2
j  com.sun.webkit.network.URLLoaderBase.twkDidFinishLoading(J)V+0
j  com.sun.webkit.network.HTTP2Loader.notifyDidFinishLoading()V+48
j  com.sun.webkit.network.HTTP2Loader$$Lambda+0x000000008c493230.run()V+4
j  com.sun.webkit.network.HTTP2Loader.lambda$callBackIfNotCanceled$10(Ljava/lang/Runnable;)V+8
j  com.sun.webkit.network.HTTP2Loader$$Lambda+0x000000008c45ea68.run()V+8
j  com.sun.javafx.application.PlatformImpl.lambda$runLater$10(Ljava/lang/Runnable;)Ljava/lang/Void;+1
j  com.sun.javafx.application.PlatformImpl$$Lambda+0x000000008c085300.run()Ljava/lang/Object;+4
J 5084 c1 java.security.AccessController.doPrivileged(Ljava/security/PrivilegedAction;Ljava/security/AccessControlContext;)Ljava/lang/Object; java.base@26 (9 bytes) @ 0x000001fc204f3064 [0x000001fc204f2f80+0x00000000000000e4]
j  com.sun.javafx.application.PlatformImpl.lambda$runLater$11(Ljava/lang/Runnable;Ljava/security/AccessControlContext;)V+7
j  com.sun.javafx.application.PlatformImpl$$Lambda+0x000000008c084a40.run()V+8
J 6228 c1 com.sun.glass.ui.InvokeLaterDispatcher$Future.run()V (91 bytes) @ 0x000001fc206a1614 [0x000001fc206a1500+0x0000000000000114]
v  ~StubRoutines::Stub Generator call_stub_stub 0x000001fc271418e2
j  com.sun.glass.ui.win.WinApplication._runLoop(Ljava/lang/Runnable;)V+0
j  com.sun.glass.ui.win.WinApplication.lambda$runLoop$3(ILjava/lang/Runnable;)V+8
j  com.sun.glass.ui.win.WinApplication$$Lambda+0x000000008c06cf10.run()V+12
j  java.lang.Thread.runWith(Ljava/lang/Object;Ljava/lang/Runnable;)V+5 java.base@26
j  java.lang.Thread.run()V+19 java.base@26
v  ~StubRoutines::Stub Generator call_stub_stub 0x000001fc271418e2

siginfo: EXCEPTION_ACCESS_VIOLATION (0xc0000005), reading address 0x0000000000000000


Registers:
RAX=0x0000000000000000, RBX=0x0000000000000005, RCX=0x00000000690bffff, RDX=0x00007ffa2970c956
RSP=0x000000ac10cfd010, RBP=0x0000000000000000, RSI=0x0000000000000000, RDI=0x000000008b4d3aa0
R8 =0x0000000000000000, R9 =0x0000000000000000, R10=0x00007ffad212e8e0, R11=0x000000ac10cfd1c8
R12=0x00007ffab4be8eb8, R13=0x000001fc3f8c7d60, R14=0x000000008b4dae00, R15=0x00007ffab4be775c
RIP=0x00007ffad213180e, EFLAGS=0x0000000000010293

XMM[0]=0x000000ac10cfc9c0 0x0000000000000000
XMM[1]=0x0000000000000000 0x000000ac10cfc968
XMM[2]=0x0000000000000000 0x000001fc1fe48808
XMM[3]=0x000000ac10cfcb90 0x0000000000000000
XMM[4]=0x0000000000000000 0x0000000000000000
XMM[5]=0x4c295a3b676e6972 0x74532f676e616c2f
XMM[6]=0x0000000000000000 0x0000000000000000
XMM[7]=0x0000000000000000 0x0000000000000000
XMM[8]=0x0000000000000000 0x0000000000000000
XMM[9]=0x0000000000000000 0x0000000000000000
XMM[10]=0x0000000000000000 0x0000000000000000
XMM[11]=0x0000000000000000 0x0000000000000000
XMM[12]=0x0000000000000000 0x0000000000000000
XMM[13]=0x0000000000000000 0x0000000000000000
XMM[14]=0x0000000000000000 0x0000000000000000
XMM[15]=0x0000000000000000 0x0000000000000000
  MXCSR=0x00001faf


Register to memory mapping:

RAX=0x0 is null
RBX=0x0000000000000005 is an unknown value
RCX=0x00000000690bffff is an unknown value
RDX=0x00007ffa2970c956 is an unknown value
RSP=0x000000ac10cfd010 is pointing into the stack for thread: 0x000001fc3f8c7d60
RBP=0x0 is null
RSI=0x0 is null
RDI=0x000000008b4d3aa0 is pointing into metadata
R8 =0x0 is null
R9 =0x0 is null
R10=0x00007ffad212e8e0 jvm.dll
R11=0x000000ac10cfd1c8 is pointing into the stack for thread: 0x000001fc3f8c7d60
R12=0x00007ffab4be8eb8 points into unknown readable memory: 0x00003e74696e693c | 3c 69 6e 69 74 3e 00 00
R13=0x000001fc3f8c7d60 is a thread
R14=0x000000008b4dae00 is pointing into metadata
R15=0x00007ffab4be775c points into unknown readable memory: 28 4a 49 29

Top of Stack: (sp=0x000000ac10cfd010)
0x000000ac10cfd010:   0000000000000005 0000000000000000   ................
0x000000ac10cfd020:   000000008b4d3aa0 000001fc3f885c50   .:M.....P\.?....
0x000000ac10cfd030:   000001fc3f727a00 000001fc3f727a40   .zr?....@zr?....
0x000000ac10cfd040:   000001fc3f727a00 00000000000000d8   .zr?............
0x000000ac10cfd050:   000000ac10cfdc40 000001fc3f8c7d60   @.......`}.?....
0x000000ac10cfd060:   0000000000000000 025666f46c5e0272   ........r.^l.fV.
0x000000ac10cfd070:   0000000000000000 0000000000000000   ................
0x000000ac10cfd080:   000001fc3f8c7d00 000001fc3f736100   .}.?.....as?....
0x000000ac10cfd090:   000001fc3f8c7d60 000001fc3f8c8190   `}.?.......?....
0x000000ac10cfd0a0:   000001fc3f8c7d60 000000000000001b   `}.?............
0x000000ac10cfd0b0:   000001fc49a47258 0000000000000018   Xr.I............
0x000000ac10cfd0c0:   000001fc3f727a38 00007ffad1fce54f   8zr?....O.......
0x000000ac10cfd0d0:   000001fc49a47258 000001fc3f727a00   Xr.I.....zr?....
0x000000ac10cfd0e0:   000001fc3f8854d0 000001fc3a729eb0   .T.?......r:....
0x000000ac10cfd0f0:   0000000000000000 0000000000000000   ................
0x000000ac10cfd100:   0000000000000000 0000000000000000   ................
0x000000ac10cfd110:   0000000000000000 0000000000000000   ................
0x000000ac10cfd120:   000001fc49fc3038 000001fc49a47258   80.I....Xr.I....
0x000000ac10cfd130:   0000000000000018 000001fc3f8c7d60   ........`}.?....
0x000000ac10cfd140:   000001fc49fc3038 000001fc4c90c670   80.I....p..L....
0x000000ac10cfd150:   0000000000000000 00007ffbb04d88c0   ..........M.....
0x000000ac10cfd160:   000000ac10cfd2b0 00007ffbb03b489e   .........H;.....
0x000000ac10cfd170:   000000ac10cfd1f0 000000ac10cfd1f0   ................
0x000000ac10cfd180:   00006b4033b4c6f1 000000ac10cfd1f0   ...3@k..........
0x000000ac10cfd190:   000001fc49fc3038 0000000000000000   80.I............
0x000000ac10cfd1a0:   00007ffab4c9f388 0000000000000018   ................
0x000000ac10cfd1b0:   000001fc3f8c8190 00007ffab4be775c   ...?....\w......
0x000000ac10cfd1c0:   00007ffab4be8eb8 00007ffad212e9a4   ................
0x000000ac10cfd1d0:   000001fc3f8c7d60 00007ffab4a3e10d   `}.?............
0x000000ac10cfd1e0:   000001fc49fc3038 000001fc4c90c670   80.I....p..L....
0x000000ac10cfd1f0:   0000000000000000 000001fc3f8c7d60   ........`}.?....
0x000000ac10cfd200:   000001fc3f8c7d60 000001fc3f727a30   `}.?....0zr?....

Instructions: (pc=0x00007ffad213180e)
  0x00007ffad213170e:   41 57 48 81 ec 80 01 00 00 48 8b 05 22 91 85 00
  0x00007ffad213171e:   48 33 c4 48 89 84 24 70 01 00 00 0f b6 ac 24 e0
  0x00007ffad213172e:   01 00 00 4d 8b f9 4c 8b ac 24 e8 01 00 00 4d 8b
  0x00007ffad213173e:   e0 40 88 6c 24 30 48 8b f2 4d 85 c0 75 0e 48 8b
  0x00007ffad213174e:   0d 8d c6 8d 00 e8 98 be 3f 00 eb 03 49 8b c4 48
  0x00007ffad213175e:   c7 c3 ff ff ff ff 48 8b d3 48 ff c2 80 3c 10 00
  0x00007ffad213176e:   75 f7 4c 8d 44 24 58 48 8b c8 e8 33 fb 3f 00 48
  0x00007ffad213177e:   8b f8 48 85 c0 74 10 8b 08 66 83 f9 01 75 08 48
  0x00007ffad213178e:   8b c8 e8 0b ce 3f 00 48 ff c3 41 80 3c 1f 00 75
  0x00007ffad213179e:   f6 4c 8d 44 24 5c 8b d3 49 8b cf e8 02 fb 3f 00
  0x00007ffad21317ae:   4c 8b f0 48 85 c0 74 10 8b 08 66 83 f9 01 75 08
  0x00007ffad21317be:   48 8b c8 e8 da cd 3f 00 48 85 ff 0f 84 9d 02 00
  0x00007ffad21317ce:   00 4d 85 f6 0f 84 94 02 00 00 48 8b c6 83 e0 03
  0x00007ffad21317de:   48 83 f8 01 75 12 48 8b 05 ed 3c 83 00 48 8d 4e
  0x00007ffad21317ee:   ff ff d0 48 8b d8 eb 1b 48 83 f8 02 75 12 48 8b
  0x00007ffad21317fe:   05 1d 98 82 00 48 8d 4e fe ff d0 48 8b d8 eb 03
=>0x00007ffad213180e:   48 8b 1e 8b 15 61 c3 89 00 48 8b cb e8 f1 f9 2a
  0x00007ffad213181e:   00 8b 15 53 c3 89 00 48 8b cb 48 8b f0 e8 e0 f9
  0x00007ffad213182e:   2a 00 48 8b ce 48 85 c0 0f 85 c6 00 00 00 49 8b
  0x00007ffad213183e:   9d 90 03 00 00 48 8b 43 18 48 8b 6b 20 48 89 44
  0x00007ffad213184e:   24 38 48 8b 43 28 48 89 44 24 48 48 8b 43 08 48
  0x00007ffad213185e:   89 44 24 40 48 8b 06 ff 90 10 01 00 00 80 7c 24
  0x00007ffad213186e:   30 00 4c 8d 05 f9 97 52 00 4c 8b c8 4c 89 7c 24
  0x00007ffad213187e:   28 48 8d 05 c2 9b 52 00 4c 89 64 24 20 4c 0f 45
  0x00007ffad213188e:   c0 48 8d 15 9a 16 64 00 48 8d 4c 24 60 e8 70 2e
  0x00007ffad213189e:   be ff 4c 8b 0d 79 be 8d 00 48 8d 15 e2 15 64 00
  0x00007ffad21318ae:   49 8b cd 4c 8b 00 4c 89 44 24 20 41 b8 38 04 00
  0x00007ffad21318be:   00 e8 fc c7 e9 ff 48 8b 74 24 38 48 83 3e 00 74
  0x00007ffad21318ce:   15 48 8b 54 24 40 48 8b cb e8 e4 c2 c0 ff 48 8b
  0x00007ffad21318de:   ce e8 bc c2 c0 ff 48 39 6b 20 74 2b 48 8b 44 24
  0x00007ffad21318ee:   48 48 89 43 28 48 89 73 18 48 89 6b 20 33 db e9
  0x00007ffad21318fe:   92 01 00 00 48 8b 06 49 8b d5 ff 90 b0 00 00 00


Stack slot to memory mapping:

stack at sp + 0 slots: 0x0000000000000005 is an unknown value
stack at sp + 1 slots: 0x0 is null
stack at sp + 2 slots: 0x000000008b4d3aa0 is pointing into metadata
stack at sp + 3 slots: 0x000001fc3f885c50 points into unknown readable memory: 0x0000000000000a02 | 02 0a 00 00 00 00 00 00
stack at sp + 4 slots: 0x000001fc3f727a00 points into unknown readable memory: 0x0000000000000000 | 00 00 00 00 00 00 00 00
stack at sp + 5 slots: 0x000001fc3f727a40 points into unknown readable memory: 0x000000068e582de8 | e8 2d 58 8e 06 00 00 00
stack at sp + 6 slots: 0x000001fc3f727a00 points into unknown readable memory: 0x0000000000000000 | 00 00 00 00 00 00 00 00
stack at sp + 7 slots: 0x00000000000000d8 is an unknown value

Lock stack of current Java thread (top to bottom):

native method entry point (kind = native)  [0x000001fc2714d120, 0x000001fc2714dc10]  2800 bytes

Loading hsdis library failed, undisassembled code is shown in MachCode section
[MachCode]
  0x000001fc2714d120: 488b 4b08 | 0fb7 492e | 584c 8d74 | ccf8 6800 | 0000 0068 | 0000 0000 | 5055 488b | ec41 5548 
  0x000001fc2714d140: 8b43 084c | 8d68 3848 | 8b40 0868 | 0000 0000 | 5348 8b50 | 1848 8b52 | 7048 8b12 | 5248 8b53 
  0x000001fc2714d160: 1048 85d2 | 7407 4881 | c2d0 0000 | 0052 488b | 5010 5249 | 8bc6 482b | c548 c1e8 | 0350 6800 
  0x000001fc2714d180: 0000 0068 | f7ff ffff | 41c6 87ca | 0400 0001 | 488b 4310 | 4885 c074 | 208b 8890 | 0000 0083 
  0x000001fc2714d1a0: c102 8988 | 9000 0000 | 2388 a400 | 0000 0f84 | ad09 0000 | e9cf 0000 | 0048 8b43 | 1848 85c0 
  0x000001fc2714d1c0: 0f85 b000 | 0000 e805 | 0000 00e9 | 9900 0000 | 488b d348 | 8d44 2408 | 4c89 6dc0 | 498b cfc5 
  0x000001fc2714d1e0: f877 4989 | af20 0400 | 0049 8987 | 1004 0000 | 4883 ec20 | 40f6 c40f | 0f84 1900 | 0000 4883 
  0x000001fc2714d200: ec08 48b8 | 5073 0ad2 | fa7f 0000 | ffd0 4883 | c408 e90c | 0000 0048 | b850 730a | d2fa 7f00 
  0x000001fc2714d220: 00ff d048 | 83c4 2049 | c787 1004 | 0000 0000 | 0000 49c7 | 8720 0400 | 0000 0000 | 0049 c787 
  0x000001fc2714d240: 1804 0000 | 0000 0000 | c5f8 7749 | 837f 0800 | 0f84 0500 | 0000 e985 | 45ff ff4c | 8b6d c04c 
  0x000001fc2714d260: 8b75 c84e | 8d74 f500 | c348 8b43 | 1848 85c0 | 0f84 1200 | 0000 8b48 | 0883 c102 | 8948 0823 
  0x000001fc2714d280: 482c 0f84 | d908 0000 | 493b a750 | 0500 000f | 8748 0000 | 0089 8424 | 00f0 ffff | 8984 2400 
  0x000001fc2714d2a0: e0ff ff89 | 8424 00d0 | ffff 8984 | 2400 c0ff | ff89 8424 | 00b0 ffff | 8984 2400 | a0ff ff89 
  0x000001fc2714d2c0: 8424 0090 | ffff 8984 | 2400 80ff | ff49 3ba7 | 4805 0000 | 7607 4989 | a750 0500 | 0041 c687 
  0x000001fc2714d2e0: ca04 0000 | 0048 8b5d | e84c 8b5b | 0845 0fb7 | 5b2e 41c1 | e303 492b | e348 83ec | 2048 83e4 
  0x000001fc2714d300: f04c 8b5b | 604d 85db | 0f85 ab00 | 0000 e805 | 0000 00e9 | 9900 0000 | 488b d348 | 8d44 2408 
  0x000001fc2714d320: 4c89 6dc0 | 498b cfc5 | f877 4989 | af20 0400 | 0049 8987 | 1004 0000 | 4883 ec20 | 40f6 c40f 
  0x000001fc2714d340: 0f84 1900 | 0000 4883 | ec08 48b8 | 109d 0ad2 | fa7f 0000 | ffd0 4883 | c408 e90c | 0000 0048 
  0x000001fc2714d360: b810 9d0a | d2fa 7f00 | 00ff d048 | 83c4 2049 | c787 1004 | 0000 0000 | 0000 49c7 | 8720 0400 
  0x000001fc2714d380: 0000 0000 | 0049 c787 | 1804 0000 | 0000 0000 | c5f8 7749 | 837f 0800 | 0f84 0500 | 0000 e93d 
  0x000001fc2714d3a0: 44ff ff4c | 8b6d c04c | 8b75 c84e | 8d74 f500 | c348 8b5d | e84c 8b5b | 6041 ffd3 | 488b 5de8 
  0x000001fc2714d3c0: 4889 4518 | 440f b75b | 2c41 f6c3 | 080f 841b | 0000 004c | 8b5b 084d | 8b5b 084d | 8b5b 184d 
  0x000001fc2714d3e0: 8b5b 704d | 8b1b 4c89 | 5d10 488d | 5510 488b | 4358 49ba | b04e 47d2 | fa7f 0000 | 493b c20f 
  0x000001fc2714d400: 85ab 0000 | 00e8 0500 | 0000 e999 | 0000 0048 | 8bd3 488d | 4424 084c | 896d c049 | 8bcf c5f8 
  0x000001fc2714d420: 7749 89af | 2004 0000 | 4989 8710 | 0400 0048 | 83ec 2040 | f6c4 0f0f | 8419 0000 | 0048 83ec 
  0x000001fc2714d440: 0848 b810 | 9d0a d2fa | 7f00 00ff | d048 83c4 | 08e9 0c00 | 0000 48b8 | 109d 0ad2 | fa7f 0000 
  0x000001fc2714d460: ffd0 4883 | c420 49c7 | 8710 0400 | 0000 0000 | 0049 c787 | 2004 0000 | 0000 0000 | 49c7 8718 
  0x000001fc2714d480: 0400 0000 | 0000 00c5 | f877 4983 | 7f08 000f | 8405 0000 | 00e9 4643 | ffff 4c8b | 6dc0 4c8b 
  0x000001fc2714d4a0: 75c8 4e8d | 74f5 00c3 | 488b 5de8 | 488b 4358 | 498d 8f30 | 0400 004c | 8d15 d500 | 0000 4d89 
  0x000001fc2714d4c0: 9718 0400 | 00c5 f877 | 4989 af20 | 0400 0049 | 89a7 1004 | 0000 41c7 | 87ac 0400 | 0004 0000 
  0x000001fc2714d4e0: 0049 3ba7 | a805 0000 | 7607 4989 | a7a8 0500 | 00ff d049 | 3ba7 a805 | 0000 720b | 49c7 87a8 
  0x000001fc2714d500: 0500 0000 | 0000 00c5 | f877 4883 | ec10 c5fb | 1104 2448 | 83ec 1048 | 8904 2448 | c744 2408 
  0x000001fc2714d520: 0000 0000 | 41c7 87ac | 0400 0005 | 0000 00f0 | 8344 24c0 | 0049 3b6f | 280f 870e | 0000 0041 
  0x000001fc2714d540: 83bf a804 | 0000 000f | 8420 0000 | 0049 8bcf | 4c8b e448 | 83ec 2048 | 83e4 f048 | b860 050c 
  0x000001fc2714d560: d2fa 7f00 | 00ff d049 | 8be4 4d33 | e441 c787 | ac04 0000 | 0800 0000 | 4d8b 97c0 | 0500 0049 
  0x000001fc2714d580: 83fa 0074 | 3549 c787 | c005 0000 | 0000 0000 | 41ff e249 | ba60 c114 | 27fc 0100 | 0041 ffd2 
  0x000001fc2714d5a0: 4883 ec10 | c5fb 1104 | 2448 83ec | 1048 8904 | 2448 c744 | 2408 0000 | 0000 49c7 | 8710 0400 
  0x000001fc2714d5c0: 0000 0000 | 0049 c787 | 2004 0000 | 0000 0000 | 49c7 8718 | 0400 0000 | 0000 00c5 | f877 4d8b 
  0x000001fc2714d5e0: 9f90 0400 | 0041 c783 | 0001 0000 | 0000 0000 | 49bb 5aaa | 1427 fc01 | 0000 4c3b | 5d18 0f85 
  0x000001fc2714d600: 5001 0000 | 488b 0424 | 4883 c410 | 4885 c00f | 842a 0100 | 00a8 030f | 8508 0000 | 0048 8b00 
  0x000001fc2714d620: e91a 0100 | 00a8 010f | 8509 0000 | 0048 8b40 | fee9 0901 | 0000 488b | 40ff 4180 | 7f48 000f 
  0x000001fc2714d640: 84fa 0000 | 0048 85c0 | 0f84 f100 | 0000 4d8b | 5f38 4d85 | db74 1449 | 83eb 084d | 895f 384d 
  0x000001fc2714d660: 035f 4049 | 8903 e9d4 | 0000 0048 | 83ec 7048 | 8904 2448 | 894c 2408 | 4889 5424 | 104c 8944 
  0x000001fc2714d680: 2418 4c89 | 4c24 204c | 8954 2428 | 4c89 5c24 | 30c5 fb11 | 4424 40c5 | fb11 4c24 | 48c5 fb11 
  0x000001fc2714d6a0: 5424 50c5 | fb11 5c24 | 58c5 fb11 | 6424 60c5 | fb11 6c24 | 6849 8bd7 | 488b c848 | 83ec 2040 
  0x000001fc2714d6c0: f6c4 0f0f | 8419 0000 | 0048 83ec | 0848 b890 | acfe d1fa | 7f00 00ff | d048 83c4 | 08e9 0c00 
  0x000001fc2714d6e0: 0000 48b8 | 90ac fed1 | fa7f 0000 | ffd0 4883 | c420 c5fb | 106c 2468 | c5fb 1064 | 2460 c5fb 
  0x000001fc2714d700: 105c 2458 | c5fb 1054 | 2450 c5fb | 104c 2448 | c5fb 1044 | 2440 4c8b | 5c24 304c | 8b54 2428 
  0x000001fc2714d720: 4c8b 4c24 | 204c 8b44 | 2418 488b | 5424 1048 | 8b4c 2408 | 488b 0424 | 4883 c470 | c5f8 7748 
  0x000001fc2714d740: 8945 1048 | 83ec 1048 | 8904 2448 | c744 2408 | 0000 0000 | 4183 bf30 | 0500 0002 | 0f85 bf00 
  0x000001fc2714d760: 0000 4881 | ec80 0000 | 0048 8944 | 2478 4889 | 4c24 7048 | 8954 2468 | 4889 5c24 | 6048 896c 
  0x000001fc2714d780: 2450 4889 | 7424 4848 | 897c 2440 | 4c89 4424 | 384c 894c | 2430 4c89 | 5424 284c | 895c 2420 
  0x000001fc2714d7a0: 4c89 6424 | 184c 896c | 2410 4c89 | 7424 084c | 893c 244c | 8be4 4883 | ec20 4883 | e4f0 48b8 
  0x000001fc2714d7c0: 3036 47d2 | fa7f 0000 | ffd0 498b | e44c 8b3c | 244c 8b74 | 2408 4c8b | 6c24 104c | 8b64 2418 
  0x000001fc2714d7e0: 4c8b 5c24 | 204c 8b54 | 2428 4c8b | 4c24 304c | 8b44 2438 | 488b 7c24 | 4048 8b74 | 2448 488b 
  0x000001fc2714d800: 6c24 5048 | 8b5c 2460 | 488b 5424 | 6848 8b4c | 2470 488b | 4424 7848 | 81c4 8000 | 0000 4d33 
  0x000001fc2714d820: e448 8b5d | e84c 8b6b | 084d 8d6d | 3849 837f | 0800 0f84 | bb00 0000 | e805 0000 | 00e9 9600 
  0x000001fc2714d840: 0000 488d | 4424 084c | 896d c049 | 8bcf c5f8 | 7749 89af | 2004 0000 | 4989 8710 | 0400 0048 
  0x000001fc2714d860: 83ec 2040 | f6c4 0f0f | 8419 0000 | 0048 83ec | 0848 b840 | bb0a d2fa | 7f00 00ff | d048 83c4 
  0x000001fc2714d880: 08e9 0c00 | 0000 48b8 | 40bb 0ad2 | fa7f 0000 | ffd0 4883 | c420 49c7 | 8710 0400 | 0000 0000 
  0x000001fc2714d8a0: 0049 c787 | 2004 0000 | 0000 0000 | 49c7 8718 | 0400 0000 | 0000 00c5 | f877 4983 | 7f08 000f 
  0x000001fc2714d8c0: 8405 0000 | 00e9 163f | ffff 4c8b | 6dc0 4c8b | 75c8 4e8d | 74f5 00c3 | 48b9 2872 | 72d2 fa7f 
  0x000001fc2714d8e0: 0000 4883 | e4f0 48b8 | 40e4 33d2 | fa7f 0000 | ffd0 f444 | 0fb7 5b2c | 41f6 c320 | 0f84 7201 
  0x000001fc2714d900: 0000 488d | 55a8 4c8b | 5a08 4d85 | db0f 85bb | 0000 00e8 | 0500 0000 | e996 0000 | 0048 8d44 
  0x000001fc2714d920: 2408 4c89 | 6dc0 498b | cfc5 f877 | 4989 af20 | 0400 0049 | 8987 1004 | 0000 4883 | ec20 40f6 
  0x000001fc2714d940: c40f 0f84 | 1900 0000 | 4883 ec08 | 48b8 70ba | 0ad2 fa7f | 0000 ffd0 | 4883 c408 | e90c 0000 
  0x000001fc2714d960: 0048 b870 | ba0a d2fa | 7f00 00ff | d048 83c4 | 2049 c787 | 1004 0000 | 0000 0000 | 49c7 8720 
  0x000001fc2714d980: 0400 0000 | 0000 0049 | c787 1804 | 0000 0000 | 0000 c5f8 | 7749 837f | 0800 0f84 | 0500 0000 
  0x000001fc2714d9a0: e93b 3eff | ff4c 8b6d | c04c 8b75 | c84e 8d74 | f500 c348 | b928 7272 | d2fa 7f00 | 0048 83e4 
  0x000001fc2714d9c0: f048 b840 | e433 d2fa | 7f00 00ff | d0f4 4c89 | 6dc0 4c8b | 4a08 48c7 | 4208 0000 | 0000 458b 
  0x000001fc2714d9e0: 87c8 0600 | 004f 3b4c | 07f8 0f85 | 4200 0000 | 4183 afc8 | 0600 0008 | 4f3b 4c07 | f00f 842a 
  0x000001fc2714da00: 0000 0049 | 8b01 a802 | 0f85 1200 | 0000 4c8b | c049 83c8 | 01f0 4d0f | b101 0f84 | 0d00 0000 
  0x000001fc2714da20: 4183 87c8 | 0600 0008 | e905 0000 | 00e9 3e00 | 0000 4c89 | 4a08 488b | ca48 83ec | 2040 f6c4 
  0x000001fc2714da40: 0f0f 8419 | 0000 0048 | 83ec 0848 | b8a0 8c0a | d2fa 7f00 | 00ff d048 | 83c4 08e9 | 0c00 0000 
  0x000001fc2714da60: 48b8 a08c | 0ad2 fa7f | 0000 ffd0 | 4883 c420 | 4c8b 6dc0 | 41c6 877e | 0300 0001 | 493b 6f28 
  0x000001fc2714da80: 0f87 0500 | 0000 e9ab | 0000 0048 | 83ec 10c5 | fb11 0424 | 4883 ec10 | 4889 0424 | 48c7 4424 
  0x000001fc2714daa0: 0800 0000 | 00c5 f877 | 4989 af20 | 0400 0049 | baa5 da14 | 27fc 0100 | 004d 8997 | 1804 0000 
  0x000001fc2714dac0: 4989 a710 | 0400 0049 | 8bcf 4883 | ec20 40f6 | c40f 0f84 | 1900 0000 | 4883 ec08 | 48b8 e072 
  0x000001fc2714dae0: 0ad2 fa7f | 0000 ffd0 | 4883 c408 | e90c 0000 | 0048 b8e0 | 720a d2fa | 7f00 00ff | d048 83c4 
  0x000001fc2714db00: 2049 c787 | 1004 0000 | 0000 0000 | 49c7 8720 | 0400 0000 | 0000 0049 | c787 1804 | 0000 0000 
  0x000001fc2714db20: 0000 c5f8 | 7748 8b04 | 2448 83c4 | 10c5 fb10 | 0424 4883 | c410 488b | 0424 4883 | c410 c5fb 
  0x000001fc2714db40: 1004 2448 | 83c4 104c | 8b5d 1841 | ffd3 4c8b | 5df8 c941 | c687 7e03 | 0000 005f | 498b e3ff 
  0x000001fc2714db60: e7ba 0000 | 0000 e805 | 0000 00e9 | 9600 0000 | 488d 4424 | 084c 896d | c049 8bcf | c5f8 7749 
  0x000001fc2714db80: 89af 2004 | 0000 4989 | 8710 0400 | 0048 83ec | 2040 f6c4 | 0f0f 8419 | 0000 0048 | 83ec 0848 
  0x000001fc2714dba0: b8a0 820a | d2fa 7f00 | 00ff d048 | 83c4 08e9 | 0c00 0000 | 48b8 a082 | 0ad2 fa7f | 0000 ffd0 
  0x000001fc2714dbc0: 4883 c420 | 49c7 8710 | 0400 0000 | 0000 0049 | c787 2004 | 0000 0000 | 0000 49c7 | 8718 0400 
  0x000001fc2714dbe0: 0000 0000 | 00c5 f877 | 4983 7f08 | 000f 8405 | 0000 00e9 | e83b ffff | 4c8b 6dc0 | 4c8b 75c8 
  0x000001fc2714dc00: 4e8d 74f5 | 00c3 488b | 5de8 e979 | f6ff ff90 
[/MachCode]

Compiled method (c1) 10609 5710   !   3       com.sun.javafx.binding.ExpressionHelper$SingleChange::fireValueChangedEvent (96 bytes)
 total in heap  [0x000001fc205d1d08,0x000001fc205d2ae0] = 3544
 main code      [0x000001fc205d1e00,0x000001fc205d2a48] = 3144
 stub code      [0x000001fc205d2a48,0x000001fc205d2ad8] = 144
 oops           [0x000001fc205d2ad8,0x000001fc205d2ae0] = 8
 mutable data [0x000001fc4018b740,0x000001fc4018b868] = 296
 relocation     [0x000001fc4018b740,0x000001fc4018b830] = 240
 metadata       [0x000001fc4018b830,0x000001fc4018b868] = 56
 immutable data [0x000001fc4a6854e0,0x000001fc4a685764] = 644
 dependencies   [0x000001fc4a6854e0,0x000001fc4a6854f8] = 24
 nul chk table  [0x000001fc4a6854f8,0x000001fc4a685530] = 56
 handler table  [0x000001fc4a685530,0x000001fc4a685560] = 48
 scopes pcs     [0x000001fc4a685560,0x000001fc4a685690] = 304
 scopes data    [0x000001fc4a685690,0x000001fc4a685760] = 208

[Constant Pool (empty)]


Loading hsdis library failed, undisassembled code is shown in MachCode section
[MachCode]
[Instructions begin]
  0x000001fc205d1e00: 660f 1f84 | 0000 0000 | 0066 0f1f | 8400 0000 | 0000 448b | 5208 443b 

  0x000001fc205d1e18: ;   {runtime_call Shared Runtime ic_miss_blob}
  0x000001fc205d1e18: 5008 0f85 | c0cf bb06 
[Verified Entry Point]
  0x000001fc205d1e20: 8984 2400 | 80ff ff55 | 4881 ec80 | 0000 0090 | 4181 7f20 | 0500 0000 

  0x000001fc205d1e38: ;   {runtime_call Stub::Stub Generator method_entry_barrier_stub}
  0x000001fc205d1e38: 7405 e841 | 22ba 0648 | 8954 2458 

  0x000001fc205d1e44: ;   {metadata(method data for {method} {0x000001fc3b743c70} 'fireValueChangedEvent' '()V' in 'com/sun/javafx/binding/ExpressionHelper$SingleChange')}
  0x000001fc205d1e44: 48be d84d | 8e3c fc01 | 0000 8bbe | 9000 0000 | 83c7 0289 | be90 0000 | 0081 e7fe | 0700 0085 
  0x000001fc205d1e64: ff0f 849f | 0a00 008b | 7214 48c1 | e603 4889 | 7424 608b | 7a0c 48c1 | e703 483b | 0748 8bdf 
  0x000001fc205d1e84: ;   {metadata(method data for {method} {0x000001fc3b743c70} 'fireValueChangedEvent' '()V' in 'com/sun/javafx/binding/ExpressionHelper$SingleChange')}
  0x000001fc205d1e84: 48b8 d84d | 8e3c fc01 | 0000 8b5b | 0841 ba00 | 0000 8b49 | 03da 483b | 98e0 0000 | 0075 0d48 
  0x000001fc205d1ea4: 8380 e800 | 0000 01e9 | 6000 0000 | 483b 98f0 | 0000 0075 | 0d48 8380 | f800 0000 | 01e9 4a00 
  0x000001fc205d1ec4: 0000 4883 | b8e0 0000 | 0000 7517 | 4889 98e0 | 0000 0048 | c780 e800 | 0000 0100 | 0000 e929 
  0x000001fc205d1ee4: 0000 0048 | 83b8 f000 | 0000 0075 | 1748 8998 | f000 0000 | 48c7 80f8 | 0000 0001 | 0000 00e9 
  0x000001fc205d1f04: 0800 0000 | 4883 80d8 | 0000 0001 | 488b d766 | 9048 b800 | 2b81 47fc 

  0x000001fc205d1f1c: ;   {virtual_call}
  0x000001fc205d1f1c: 0100 00e8 

  0x000001fc205d1f20: ; ImmutableOopMap {[88]=Oop [96]=Oop }
                      ;*invokeinterface getValue {reexecute=0 rethrow=0 return_oop=0}
                      ; - com.sun.javafx.binding.ExpressionHelper$SingleChange::fireValueChangedEvent@10 (line 188)
  0x000001fc205d1f20: 448b c906 

  0x000001fc205d1f24: ;   {post_call_nop}
  0x000001fc205d1f24: 0f1f 8400 | 1c02 0000 | 450f be47 | 4845 85c0 | 488b 5424 | 580f 85f1 | 0900 004c | 8bd0 49c1 
  0x000001fc205d1f44: ea03 4489 | 5214 488b | f248 33f0 | 48c1 ee16 | 7418 4885 | c074 1348 | 8bf2 48c1 | ee09 4903 
  0x000001fc205d1f64: 7750 803e | ff75 03c6 | 0600 4885 

  0x000001fc205d1f70: ;   {metadata(method data for {method} {0x000001fc3b743c70} 'fireValueChangedEvent' '()V' in 'com/sun/javafx/binding/ExpressionHelper$SingleChange')}
  0x000001fc205d1f70: c049 b8d8 | 4d8e 3cfc | 0100 00be | 0801 0000 | 7505 be18 | 0100 0049 | 8b3c 3048 | 8d7f 0149 
  0x000001fc205d1f90: 893c 3048 | 8b74 2460 | 0f85 6100 | 0000 4885 

  0x000001fc205d1fa0: ;   {metadata(method data for {method} {0x000001fc3b743c70} 'fireValueChangedEvent' '()V' in 'com/sun/javafx/binding/ExpressionHelper$SingleChange')}
  0x000001fc205d1fa0: f649 b8d8 | 4d8e 3cfc | 0100 00bf | 2801 0000 | 7405 bf38 | 0100 0049 | 8b1c 3848 | 8d5b 0149 
  0x000001fc205d1fc0: 891c 380f | 841b 0000 

  0x000001fc205d1fc8: ;   {metadata(method data for {method} {0x000001fc3b743c70} 'fireValueChangedEvent' '()V' in 'com/sun/javafx/binding/ExpressionHelper$SingleChange')}
  0x000001fc205d1fc8: 0049 b8d8 | 4d8e 3cfc | 0100 0041 | ff80 4801 | 0000 bf01 | 0000 00e9 | 2401 0000 

  0x000001fc205d1fe4: ;   {metadata(method data for {method} {0x000001fc3b743c70} 'fireValueChangedEvent' '()V' in 'com/sun/javafx/binding/ExpressionHelper$SingleChange')}
  0x000001fc205d1fe4: 49b8 d84d | 8e3c fc01 | 0000 41ff | 8060 0100 | 00bf 0000 | 0000 e909 | 0100 008b | 7a14 48c1 
  0x000001fc205d2004: e703 483b | 074c 8bc7 

  0x000001fc205d200c: ;   {metadata(method data for {method} {0x000001fc3b743c70} 'fireValueChangedEvent' '()V' in 'com/sun/javafx/binding/ExpressionHelper$SingleChange')}
  0x000001fc205d200c: 48bb d84d | 8e3c fc01 | 0000 458b | 4008 41ba | 0000 008b | 4d03 c24c | 3b83 8001 | 0000 750d 
  0x000001fc205d202c: 4883 8388 | 0100 0001 | e960 0000 | 004c 3b83 | 9001 0000 | 750d 4883 | 8398 0100 | 0001 e94a 
  0x000001fc205d204c: 0000 0048 | 83bb 8001 | 0000 0075 | 174c 8983 | 8001 0000 | 48c7 8388 | 0100 0001 | 0000 00e9 
  0x000001fc205d206c: 2900 0000 | 4883 bb90 | 0100 0000 | 7517 4c89 | 8390 0100 | 0048 c783 | 9801 0000 | 0100 0000 
  0x000001fc205d208c: e908 0000 | 0048 8383 | 7801 0000 | 014c 8bc6 | 488b d766 | 0f1f 4400 | 0048 b828 | 2b81 47fc 
  0x000001fc205d20ac: ;   {virtual_call}
  0x000001fc205d20ac: 0100 00e8 

  0x000001fc205d20b0: ; ImmutableOopMap {[88]=Oop [96]=Oop }
                      ;*invokevirtual equals {reexecute=0 rethrow=0 return_oop=0}
                      ; - com.sun.javafx.binding.ExpressionHelper$SingleChange::fireValueChangedEvent@42 (line 189)
  0x000001fc205d20b0: 8c89 c906 

  0x000001fc205d20b4: ;   {post_call_nop}
  0x000001fc205d20b4: 0f1f 8400 | ac03 0001 

  0x000001fc205d20bc: ;   {metadata(method data for {method} {0x000001fc3b743c70} 'fireValueChangedEvent' '()V' in 'com/sun/javafx/binding/ExpressionHelper$SingleChange')}
  0x000001fc205d20bc: 85c0 49b8 | d84d 8e3c | fc01 0000 | 41b9 a801 | 0000 7506 | 41b9 b801 | 0000 4b8b | 3c08 488d 
  0x000001fc205d20dc: 7f01 4b89 | 3c08 0f85 | 1b00 0000 

  0x000001fc205d20e8: ;   {metadata(method data for {method} {0x000001fc3b743c70} 'fireValueChangedEvent' '()V' in 'com/sun/javafx/binding/ExpressionHelper$SingleChange')}
  0x000001fc205d20e8: 49b8 d84d | 8e3c fc01 | 0000 41ff | 80c8 0100 | 00bf 0100 | 0000 e905 | 0000 00bf | 0000 0000 
  0x000001fc205d2108: ;   {metadata(method data for {method} {0x000001fc3b743c70} 'fireValueChangedEvent' '()V' in 'com/sun/javafx/binding/ExpressionHelper$SingleChange')}
  0x000001fc205d2108: 85ff 49b8 | d84d 8e3c | fc01 0000 | 41b9 e001 | 0000 7406 | 41b9 f001 | 0000 4b8b | 3c08 488d 
  0x000001fc205d2128: 7f01 4b89 | 3c08 0f84 | c307 0000 | 488b 7424 | 6048 8b54 | 2458 8b5a | 1048 c1e3 | 0344 8b42 
  0x000001fc205d2148: 0c49 c1e0 | 038b 7a14 | 48c1 e703 

  0x000001fc205d2154: ; implicit exception: dispatches to 0x000001fc205d2954
  0x000001fc205d2154: 483b 034c 

  0x000001fc205d2158: ;   {metadata(method data for {method} {0x000001fc3b743c70} 'fireValueChangedEvent' '()V' in 'com/sun/javafx/binding/ExpressionHelper$SingleChange')}
  0x000001fc205d2158: 8bcb 48ba | d84d 8e3c | fc01 0000 | 458b 4908 | 41ba 0000 | 008b 4d03 | ca4c 3b8a | 0802 0000 
  0x000001fc205d2178: 750d 4883 | 8210 0200 | 0001 e960 | 0000 004c | 3b8a 1802 | 0000 750d | 4883 8220 | 0200 0001 
  0x000001fc205d2198: e94a 0000 | 0048 83ba | 0802 0000 | 0075 174c | 898a 0802 | 0000 48c7 | 8210 0200 | 0001 0000 
  0x000001fc205d21b8: 00e9 2900 | 0000 4883 | ba18 0200 | 0000 7517 | 4c89 8a18 | 0200 0048 | c782 2002 | 0000 0100 
  0x000001fc205d21d8: 0000 e908 | 0000 0048 | 8382 0002 | 0000 014c | 8bce 488b | d348 b850 | 2b81 47fc 

  0x000001fc205d21f4: ;   {virtual_call}
  0x000001fc205d21f4: 0100 00e8 

  0x000001fc205d21f8: ; ImmutableOopMap {}
                      ;*invokeinterface changed {reexecute=0 rethrow=0 return_oop=0}
                      ; - com.sun.javafx.binding.ExpressionHelper$SingleChange::fireValueChangedEvent@71 (line 192)
  0x000001fc205d21f8: 6c88 c906 

  0x000001fc205d21fc: ;   {post_call_nop}
  0x000001fc205d21fc: 0f1f 8400 | f404 0002 | e9de 0600 | 0049 8b87 | 6805 0000 | 4d33 d24d | 8997 6805 | 0000 4d33 
  0x000001fc205d221c: d24d 8997 | 7005 0000 

  0x000001fc205d2224: ;   {metadata(method data for {method} {0x000001fc3b743c70} 'fireValueChangedEvent' '()V' in 'com/sun/javafx/binding/ExpressionHelper$SingleChange')}
  0x000001fc205d2224: 48ba d84d | 8e3c fc01 | 0000 4883 | 8248 0200 | 0001 498b | 97f8 0300 | 0048 8b32 | 4889 7424 
  0x000001fc205d2244: 6848 3b06 

  0x000001fc205d2248: ;   {metadata(method data for {method} {0x000001fc3b743c70} 'fireValueChangedEvent' '()V' in 'com/sun/javafx/binding/ExpressionHelper$SingleChange')}
  0x000001fc205d2248: 488b d648 | bfd8 4d8e | 3cfc 0100 | 008b 5208 | 41ba 0000 | 008b 4903 | d248 3b97 | 6002 0000 
  0x000001fc205d2268: 750d 4883 | 8768 0200 | 0001 e960 | 0000 0048 | 3b97 7002 | 0000 750d | 4883 8778 | 0200 0001 
  0x000001fc205d2288: e94a 0000 | 0048 83bf | 6002 0000 | 0075 1748 | 8997 6002 | 0000 48c7 | 8768 0200 | 0001 0000 
  0x000001fc205d22a8: 00e9 2900 | 0000 4883 | bf70 0200 | 0000 7517 | 4889 9770 | 0200 0048 | c787 7802 | 0000 0100 
  0x000001fc205d22c8: 0000 e908 | 0000 0048 | 8387 5802 

  0x000001fc205d22d4: ;   {metadata(method data for {method} {0x000000008b1935d8} 'getUncaughtExceptionHandler' '()Ljava/lang/Thread$UncaughtExceptionHandler;' in 'java/lang/Thread')}
  0x000001fc205d22d4: 0000 0148 | ba70 1e38 | 3cfc 0100 | 008b ba90 | 0000 0083 | c702 89ba | 9000 0000 | 81e7 feff 
  0x000001fc205d22f4: 1f00 85ff | 0f84 6006 | 0000 488b 

  0x000001fc205d2300: ;   {metadata(method data for {method} {0x000000008b1935d8} 'getUncaughtExceptionHandler' '()Ljava/lang/Thread$UncaughtExceptionHandler;' in 'java/lang/Thread')}
  0x000001fc205d2300: d648 bf70 | 1e38 3cfc | 0100 008b | 5208 41ba | 0000 008b | 4903 d248 | 3b97 e000 | 0000 750d 
  0x000001fc205d2320: 4883 87e8 | 0000 0001 | e960 0000 | 0048 3b97 | f000 0000 | 750d 4883 | 87f8 0000 | 0001 e94a 
  0x000001fc205d2340: 0000 0048 | 83bf e000 | 0000 0075 | 1748 8997 | e000 0000 | 48c7 87e8 | 0000 0001 | 0000 00e9 
  0x000001fc205d2360: 2900 0000 | 4883 bff0 | 0000 0000 | 7517 4889 | 97f0 0000 | 0048 c787 | f800 0000 | 0100 0000 
  0x000001fc205d2380: e908 0000 | 0048 8387 | d800 0000 | 0148 8bd6 | 4889 4424 | 7048 b878 | 2b81 47fc 

  0x000001fc205d239c: ;   {virtual_call}
  0x000001fc205d239c: 0100 00e8 

  0x000001fc205d23a0: ; ImmutableOopMap {[104]=Oop [112]=Oop }
                      ;*invokevirtual isTerminated {reexecute=0 rethrow=0 return_oop=0}
                      ; - java.lang.Thread::getUncaughtExceptionHandler@1 (line 2548)
                      ; - com.sun.javafx.binding.ExpressionHelper$SingleChange::fireValueChangedEvent@83 (line 194)
  0x000001fc205d23a0: 3cd0 bb06 

  0x000001fc205d23a4: ;   {post_call_nop}
  0x000001fc205d23a4: 0f1f 8400 | 9c06 0003 

  0x000001fc205d23ac: ;   {metadata(method data for {method} {0x000000008b1935d8} 'getUncaughtExceptionHandler' '()Ljava/lang/Thread$UncaughtExceptionHandler;' in 'java/lang/Thread')}
  0x000001fc205d23ac: 85c0 48ba | 701e 383c | fc01 0000 | be08 0100 | 0074 05be | 1801 0000 | 488b 3c32 | 488d 7f01 
  0x000001fc205d23cc: 4889 3c32 | 0f84 0f00 

  0x000001fc205d23d4: ;   {oop(nullptr)}
  0x000001fc205d23d4: 0000 48be | 0000 0000 | 0000 0000 | e91d 0400 | 0048 8b74 | 2468 8b56 | 6448 c1e2 | 0348 85d2 
  0x000001fc205d23f4: ;   {metadata(method data for {method} {0x000000008b1935d8} 'getUncaughtExceptionHandler' '()Ljava/lang/Thread$UncaughtExceptionHandler;' in 'java/lang/Thread')}
  0x000001fc205d23f4: 48bf 701e | 383c fc01 | 0000 bb28 | 0100 0074 | 05bb 3801 | 0000 488b | 041f 488d | 4001 4889 
  0x000001fc205d2414: 041f 0f84 | 1500 0000 

  0x000001fc205d241c: ;   {metadata(method data for {method} {0x000000008b1935d8} 'getUncaughtExceptionHandler' '()Ljava/lang/Thread$UncaughtExceptionHandler;' in 'java/lang/Thread')}
  0x000001fc205d241c: 48be 701e | 383c fc01 | 0000 ff86 | 4801 0000 | e9ce 0300 | 0048 8bd6 

  0x000001fc205d2434: ;   {metadata(method data for {method} {0x000000008b1935d8} 'getUncaughtExceptionHandler' '()Ljava/lang/Thread$UncaughtExceptionHandler;' in 'java/lang/Thread')}
  0x000001fc205d2434: 48bf 701e | 383c fc01 | 0000 8b52 | 0841 ba00 | 0000 8b49 | 03d2 483b | 9768 0100 | 0075 0d48 
  0x000001fc205d2454: 8387 7001 | 0000 01e9 | 6000 0000 | 483b 9778 | 0100 0075 | 0d48 8387 | 8001 0000 | 01e9 4a00 
  0x000001fc205d2474: 0000 4883 | bf68 0100 | 0000 7517 | 4889 9768 | 0100 0048 | c787 7001 | 0000 0100 | 0000 e929 
  0x000001fc205d2494: 0000 0048 | 83bf 7801 | 0000 0075 | 1748 8997 | 7801 0000 | 48c7 8780 | 0100 0001 | 0000 00e9 
  0x000001fc205d24b4: 0800 0000 | 4883 8760 | 0100 0001 

  0x000001fc205d24c0: ;   {metadata(method data for {method} {0x000000008b4a9900} 'getThreadGroup' '()Ljava/lang/ThreadGroup;' in 'java/lang/Thread')}
  0x000001fc205d24c0: 48ba b024 | 383c fc01 | 0000 8bba | 9000 0000 | 83c7 0289 | ba90 0000 | 0081 e7fe | ff1f 0085 
  0x000001fc205d24e0: ff0f 8498 | 0400 0048 

  0x000001fc205d24e8: ;   {metadata(method data for {method} {0x000000008b4a9900} 'getThreadGroup' '()Ljava/lang/ThreadGroup;' in 'java/lang/Thread')}
  0x000001fc205d24e8: 8bd6 48bf | b024 383c | fc01 0000 | 8b52 0841 | ba00 0000 | 8b49 03d2 | 483b 97e0 | 0000 0075 
  0x000001fc205d2508: 0d48 8387 | e800 0000 | 01e9 6000 | 0000 483b | 97f0 0000 | 0075 0d48 | 8387 f800 | 0000 01e9 
  0x000001fc205d2528: 4a00 0000 | 4883 bfe0 | 0000 0000 | 7517 4889 | 97e0 0000 | 0048 c787 | e800 0000 | 0100 0000 
  0x000001fc205d2548: e929 0000 | 0048 83bf | f000 0000 | 0075 1748 | 8997 f000 | 0000 48c7 | 87f8 0000 | 0001 0000 
  0x000001fc205d2568: 00e9 0800 | 0000 4883 | 87d8 0000 | 0001 488b | d60f 1f40 | 0048 b8a0 | 2b81 47fc 

  0x000001fc205d2584: ;   {virtual_call}
  0x000001fc205d2584: 0100 00e8 

  0x000001fc205d2588: ; ImmutableOopMap {[104]=Oop [112]=Oop }
                      ;*invokevirtual isTerminated {reexecute=0 rethrow=0 return_oop=0}
                      ; - java.lang.Thread::getThreadGroup@1 (line 1813)
                      ; - java.lang.Thread::getUncaughtExceptionHandler@23 (line 2553)
                      ; - com.sun.javafx.binding.ExpressionHelper$SingleChange::fireValueChangedEvent@83 (line 194)
  0x000001fc205d2588: 54ce bb06 

  0x000001fc205d258c: ;   {post_call_nop}
  0x000001fc205d258c: 0f1f 8400 | 8408 0004 

  0x000001fc205d2594: ;   {metadata(method data for {method} {0x000000008b4a9900} 'getThreadGroup' '()Ljava/lang/ThreadGroup;' in 'java/lang/Thread')}
  0x000001fc205d2594: 85c0 49b8 | b024 383c | fc01 0000 | 41b9 0801 | 0000 7406 | 41b9 1801 | 0000 4b8b | 1408 488d 
  0x000001fc205d25b4: 5201 4b89 | 1408 0f84 | 0f00 0000 

  0x000001fc205d25c0: ;   {oop(nullptr)}
  0x000001fc205d25c0: 48ba 0000 | 0000 0000 | 0000 e930 | 0200 0048 | 8b74 2468 

  0x000001fc205d25d4: ;   {metadata(method data for {method} {0x000000008b4a9900} 'getThreadGroup' '()Ljava/lang/ThreadGroup;' in 'java/lang/Thread')}
  0x000001fc205d25d4: 4c8b c649 | b9b0 2438 | 3cfc 0100 | 0045 8b40 | 0841 ba00 | 0000 8b4d | 03c2 4d3b | 8130 0100 
  0x000001fc205d25f4: 0075 0d49 | 8381 3801 | 0000 01e9 | 6000 0000 | 4d3b 8140 | 0100 0075 | 0d49 8381 | 4801 0000 
  0x000001fc205d2614: 01e9 4a00 | 0000 4983 | b930 0100 | 0000 7517 | 4d89 8130 | 0100 0049 | c781 3801 | 0000 0100 
  0x000001fc205d2634: 0000 e929 | 0000 0049 | 83b9 4001 | 0000 0075 | 174d 8981 | 4001 0000 | 49c7 8148 | 0100 0001 
  0x000001fc205d2654: 0000 00e9 | 0800 0000 | 4983 8128 | 0100 0001 

  0x000001fc205d2664: ;   {metadata(method data for {method} {0x000000008b4a93e0} 'isVirtual' '()Z' in 'java/lang/Thread')}
  0x000001fc205d2664: 49b8 9887 | ed3b fc01 | 0000 458b | 8890 0000 | 0041 83c1 | 0245 8988 | 9000 0000 | 4181 e1fe 
  0x000001fc205d2684: ff1f 0045 | 85c9 0f84 | 1003 0000 

  0x000001fc205d2690: ;   {metadata(method data for {method} {0x000000008b4a93e0} 'isVirtual' '()Z' in 'java/lang/Thread')}
  0x000001fc205d2690: 4885 f648 | ba98 87ed | 3bfc 0100 | 0075 0c80 | 8ad1 0000 | 0001 e9a7 | 0000 008b | 7e08 41ba 
  0x000001fc205d26b0: 0000 008b | 4903 fa48 | 3bba e000 | 0000 750d | 4883 82e8 | 0000 0001 | e960 0000 | 0048 3bba 
  0x000001fc205d26d0: f000 0000 | 750d 4883 | 82f8 0000 | 0001 e94a | 0000 0048 | 83ba e000 | 0000 0075 | 1748 89ba 
  0x000001fc205d26f0: e000 0000 | 48c7 82e8 | 0000 0001 | 0000 00e9 | 2900 0000 | 4883 baf0 | 0000 0000 | 7517 4889 
  0x000001fc205d2710: baf0 0000 | 0048 c782 | f800 0000 | 0100 0000 | e908 0000 | 0048 8382 | d800 0000 

  0x000001fc205d272c: ;   {metadata('java/lang/BaseVirtualThread')}
  0x000001fc205d272c: 0148 bfc8 | 651a 8b00 | 0000 008b | 5608 41ba | 0000 008b | 4903 d248 | 3b7a 400f | 8505 0000 
  0x000001fc205d274c: 00e9 0500 | 0000 4d33 | c0eb 0641 | b801 0000 | 0041 83e0 | 0145 85c0 

  0x000001fc205d2764: ;   {metadata(method data for {method} {0x000000008b4a9900} 'getThreadGroup' '()Ljava/lang/ThreadGroup;' in 'java/lang/Thread')}
  0x000001fc205d2764: 49b8 b024 | 383c fc01 | 0000 41b9 | 5801 0000 | 7406 41b9 | 6801 0000 | 4b8b 1408 | 488d 5201 
  0x000001fc205d2784: 4b89 1408 | 0f84 5e00 

  0x000001fc205d278c: ;   {metadata(method data for {method} {0x000000008b4a9900} 'getThreadGroup' '()Ljava/lang/ThreadGroup;' in 'java/lang/Thread')}
  0x000001fc205d278c: 0000 49b8 | b024 383c | fc01 0000 | 4983 8078 | 0100 0001 

  0x000001fc205d27a0: ;   {metadata(method data for {method} {0x000000008b4a92b8} 'virtualThreadGroup' '()Ljava/lang/ThreadGroup;' in 'java/lang/Thread')}
  0x000001fc205d27a0: 49b8 9026 | 383c fc01 | 0000 458b | 8890 0000 | 0041 83c1 | 0245 8988 | 9000 0000 | 4181 e1fe 
  0x000001fc205d27c0: ff1f 0045 | 85c9 0f84 | f501 0000 

  0x000001fc205d27cc: ;   {metadata(method data for {method} {0x000000008b4a9900} 'getThreadGroup' '()Ljava/lang/ThreadGroup;' in 'java/lang/Thread')}
  0x000001fc205d27cc: 49b8 b024 | 383c fc01 | 0000 41ff | 8088 0100 

  0x000001fc205d27dc: ;   {oop(a 'java/lang/ThreadGroup'{0x000000068d929d40})}
  0x000001fc205d27dc: 0049 b840 | 9d92 8d06 | 0000 00e9 | 1000 0000 | 448b 4644 | 49c1 e003 

  0x000001fc205d27f4: ; implicit exception: dispatches to 0x000001fc205d29e2
  0x000001fc205d27f4: 458b 4020 | 49c1 e003 | 498b d048 | 8bf2 488b 

  0x000001fc205d2804: ;   {metadata(method data for {method} {0x000001fc3b743c70} 'fireValueChangedEvent' '()V' in 'com/sun/javafx/binding/ExpressionHelper$SingleChange')}
  0x000001fc205d2804: 4424 7049 | b8d8 4d8e | 3cfc 0100 | 0049 8380 | 8802 0000 | 0148 3b06 

  0x000001fc205d281c: ;   {metadata(method data for {method} {0x000001fc3b743c70} 'fireValueChangedEvent' '()V' in 'com/sun/javafx/binding/ExpressionHelper$SingleChange')}
  0x000001fc205d281c: 4c8b c649 | b9d8 4d8e | 3cfc 0100 | 0045 8b40 | 0841 ba00 | 0000 8b4d | 03c2 4d3b | 81a0 0200 
  0x000001fc205d283c: 0075 0d49 | 8381 a802 | 0000 01e9 | 6000 0000 | 4d3b 81b0 | 0200 0075 | 0d49 8381 | b802 0000 
  0x000001fc205d285c: 01e9 4a00 | 0000 4983 | b9a0 0200 | 0000 7517 | 4d89 81a0 | 0200 0049 | c781 a802 | 0000 0100 
  0x000001fc205d287c: 0000 e929 | 0000 0049 | 83b9 b002 | 0000 0075 | 174d 8981 | b002 0000 | 49c7 81b8 | 0200 0001 
  0x000001fc205d289c: 0000 00e9 | 0800 0000 | 4983 8198 | 0200 0001 | 4d8b 87f8 | 0300 004d | 8b00 4c8b | c848 8bd6 
  0x000001fc205d28bc: 9048 b8c8 | 2b81 47fc 

  0x000001fc205d28c4: ;   {virtual_call}
  0x000001fc205d28c4: 0100 00e8 

  0x000001fc205d28c8: ; ImmutableOopMap {}
                      ;*invokeinterface uncaughtException {reexecute=0 rethrow=0 return_oop=0}
                      ; - com.sun.javafx.binding.ExpressionHelper$SingleChange::fireValueChangedEvent@90 (line 194)
  0x000001fc205d28c8: 14cb bb06 

  0x000001fc205d28cc: ;   {post_call_nop}
  0x000001fc205d28cc: 0f1f 8400 | c40b 0005 | 4881 c480 | 0000 005d 

  0x000001fc205d28dc: ;   {poll_return}
  0x000001fc205d28dc: 493b 6728 | 0f87 0601 

  0x000001fc205d28e4: ;   {metadata(method data for {method} {0x000001fc3b743c70} 'fireValueChangedEvent' '()V' in 'com/sun/javafx/binding/ExpressionHelper$SingleChange')}
  0x000001fc205d28e4: 0000 c348 | bed8 4d8e | 3cfc 0100 | 00ff 8630 | 0200 0048 | 81c4 8000 

  0x000001fc205d28fc: ;   {poll_return}
  0x000001fc205d28fc: 0000 5d49 | 3b67 280f | 87f9 0000 

  0x000001fc205d2908: ;   {metadata({method} {0x000001fc3b743c70} 'fireValueChangedEvent' '()V' in 'com/sun/javafx/binding/ExpressionHelper$SingleChange')}
  0x000001fc205d2908: 00c3 49ba | 683c 743b | fc01 0000 | 4c89 5424 | 0848 c704 | 24ff ffff 

  0x000001fc205d2920: ;   {runtime_call C1 Runtime counter_overflow_blob}
  0x000001fc205d2920: ffe8 3ae3 

  0x000001fc205d2924: ; ImmutableOopMap {rdx=Oop [88]=Oop }
                      ;*synchronization entry
                      ; - com.sun.javafx.binding.ExpressionHelper$SingleChange::fireValueChangedEvent@-1 (line 187)
  0x000001fc205d2924: c806 e940 

  0x000001fc205d2928: ;   {runtime_call C1 Runtime throw_null_pointer_exception_blob}
  0x000001fc205d2928: f5ff ffe8 

  0x000001fc205d292c: ; ImmutableOopMap {rdx=Oop rsi=Oop rdi=Oop [88]=Oop [96]=Oop }
                      ;*invokeinterface getValue {reexecute=0 rethrow=0 return_oop=0}
                      ; - com.sun.javafx.binding.ExpressionHelper$SingleChange::fireValueChangedEvent@10 (line 188)
  0x000001fc205d292c: 3083 c806 | 448b 4214 | 49c1 e003 | 4d85 c00f | 84fe f5ff | ff4c 8904 

  0x000001fc205d2944: ;   {runtime_call g1_pre_barrier_slow}
  0x000001fc205d2944: 24e8 16e9 | c806 e9f0 

  0x000001fc205d294c: ;   {runtime_call C1 Runtime throw_null_pointer_exception_blob}
  0x000001fc205d294c: f5ff ffe8 

  0x000001fc205d2950: ; ImmutableOopMap {rdx=Oop rsi=Oop rdi=Oop [88]=Oop [96]=Oop }
                      ;*invokevirtual equals {reexecute=0 rethrow=0 return_oop=0}
                      ; - com.sun.javafx.binding.ExpressionHelper$SingleChange::fireValueChangedEvent@42 (line 189)
  0x000001fc205d2950: 0c83 c806 

  0x000001fc205d2954: ;   {runtime_call C1 Runtime throw_null_pointer_exception_blob}
  0x000001fc205d2954: e807 83c8 

  0x000001fc205d2958: ; ImmutableOopMap {rsi=Oop rbx=Oop r8=Oop rdi=Oop [96]=Oop }
                      ;*invokeinterface changed {reexecute=0 rethrow=0 return_oop=0}
                      ; - com.sun.javafx.binding.ExpressionHelper$SingleChange::fireValueChangedEvent@71 (line 192)
                      ;   {runtime_call C1 Runtime throw_null_pointer_exception_blob}
  0x000001fc205d2958: 06e8 0283 

  0x000001fc205d295c: ; ImmutableOopMap {rax=Oop rsi=Oop [104]=Oop }
                      ;*invokevirtual getUncaughtExceptionHandler {reexecute=0 rethrow=0 return_oop=0}
                      ; - com.sun.javafx.binding.ExpressionHelper$SingleChange::fireValueChangedEvent@83 (line 194)
                      ;   {metadata({method} {0x000000008b1935d8} 'getUncaughtExceptionHandler' '()Ljava/lang/Thread$UncaughtExceptionHandler;' in 'java/lang/Thread')}
  0x000001fc205d295c: c806 49ba | d035 198b | 0000 0000 | 4c89 5424 | 0848 c704 | 24ff ffff 

  0x000001fc205d2974: ;   {runtime_call C1 Runtime counter_overflow_blob}
  0x000001fc205d2974: ffe8 e6e2 

  0x000001fc205d2978: ; ImmutableOopMap {rax=Oop rsi=Oop [104]=Oop }
                      ;*synchronization entry
                      ; - java.lang.Thread::getUncaughtExceptionHandler@-1 (line 2548)
                      ; - com.sun.javafx.binding.ExpressionHelper$SingleChange::fireValueChangedEvent@83 (line 194)
  0x000001fc205d2978: c806 e97f 

  0x000001fc205d297c: ;   {metadata({method} {0x000000008b4a9900} 'getThreadGroup' '()Ljava/lang/ThreadGroup;' in 'java/lang/Thread')}
  0x000001fc205d297c: f9ff ff49 | baf8 984a | 8b00 0000 | 004c 8954 | 2408 48c7 | 0424 ffff 

  0x000001fc205d2994: ;   {runtime_call C1 Runtime counter_overflow_blob}
  0x000001fc205d2994: ffff e8c5 

  0x000001fc205d2998: ; ImmutableOopMap {rsi=Oop [104]=Oop [112]=Oop }
                      ;*synchronization entry
                      ; - java.lang.Thread::getThreadGroup@-1 (line 1813)
                      ; - java.lang.Thread::getUncaughtExceptionHandler@23 (line 2553)
                      ; - com.sun.javafx.binding.ExpressionHelper$SingleChange::fireValueChangedEvent@83 (line 194)
  0x000001fc205d2998: e2c8 06e9 | 47fb ffff 

  0x000001fc205d29a0: ;   {metadata({method} {0x000000008b4a93e0} 'isVirtual' '()Z' in 'java/lang/Thread')}
  0x000001fc205d29a0: 49ba d893 | 4a8b 0000 | 0000 4c89 | 5424 0848 | c704 24ff 

  0x000001fc205d29b4: ;   {runtime_call C1 Runtime counter_overflow_blob}
  0x000001fc205d29b4: ffff ffe8 

  0x000001fc205d29b8: ; ImmutableOopMap {rsi=Oop [104]=Oop [112]=Oop }
                      ;*synchronization entry
                      ; - java.lang.Thread::isVirtual@-1 (line 1442)
                      ; - java.lang.Thread::getThreadGroup@10 (line 1816)
                      ; - java.lang.Thread::getUncaughtExceptionHandler@23 (line 2553)
                      ; - com.sun.javafx.binding.ExpressionHelper$SingleChange::fireValueChangedEvent@83 (line 194)
  0x000001fc205d29b8: a4e2 c806 | e9cf fcff 

  0x000001fc205d29c0: ;   {metadata({method} {0x000000008b4a92b8} 'virtualThreadGroup' '()Ljava/lang/ThreadGroup;' in 'java/lang/Thread')}
  0x000001fc205d29c0: ff49 bab0 | 924a 8b00 | 0000 004c | 8954 2408 | 48c7 0424 | ffff ffff 

  0x000001fc205d29d8: ;   {runtime_call C1 Runtime counter_overflow_blob}
  0x000001fc205d29d8: e883 e2c8 

  0x000001fc205d29dc: ; ImmutableOopMap {[112]=Oop }
                      ;*synchronization entry
                      ; - java.lang.Thread::virtualThreadGroup@-1 (line 2606)
                      ; - java.lang.Thread::getThreadGroup@16 (line 1816)
                      ; - java.lang.Thread::getUncaughtExceptionHandler@23 (line 2553)
                      ; - com.sun.javafx.binding.ExpressionHelper$SingleChange::fireValueChangedEvent@83 (line 194)
  0x000001fc205d29dc: 06e9 eafd 

  0x000001fc205d29e0: ;   {runtime_call C1 Runtime throw_null_pointer_exception_blob}
  0x000001fc205d29e0: ffff e879 

  0x000001fc205d29e4: ; ImmutableOopMap {[112]=Oop }
                      ;*getfield group {reexecute=1 rethrow=0 return_oop=0}
                      ; - (reexecute) java.lang.Thread::getThreadGroup@26 (line 1816)
                      ; - java.lang.Thread::getUncaughtExceptionHandler@23 (line 2553)
                      ; - com.sun.javafx.binding.ExpressionHelper$SingleChange::fireValueChangedEvent@83 (line 194)
                      ;   {runtime_call C1 Runtime throw_null_pointer_exception_blob}
  0x000001fc205d29e4: 82c8 06e8 

  0x000001fc205d29e8: ; ImmutableOopMap {rsi=Oop rax=Oop }
                      ;*invokeinterface uncaughtException {reexecute=0 rethrow=0 return_oop=0}
                      ; - com.sun.javafx.binding.ExpressionHelper$SingleChange::fireValueChangedEvent@90 (line 194)
  0x000001fc205d29e8: 7482 c806 

  0x000001fc205d29ec: ;   {internal_word}
  0x000001fc205d29ec: 49ba dc28 | 5d20 fc01 | 0000 4d89 | 97b8 0400 

  0x000001fc205d29fc: ;   {runtime_call SafepointBlob}
  0x000001fc205d29fc: 00e9 5ee8 

  0x000001fc205d2a00: ;   {internal_word}
  0x000001fc205d2a00: bb06 49ba | ff28 5d20 | fc01 0000 | 4d89 97b8 

  0x000001fc205d2a10: ;   {runtime_call SafepointBlob}
  0x000001fc205d2a10: 0400 00e9 | 48e8 bb06 | 498b 8768 | 0500 0049 | c787 6805 | 0000 0000 | 0000 49c7 | 8770 0500 
  0x000001fc205d2a30: 0000 0000 | 0048 81c4 | 8000 0000 

  0x000001fc205d2a3c: ;   {runtime_call C1 Runtime unwind_exception_blob}
  0x000001fc205d2a3c: 5de9 1e73 | c806 f4f4 | f4f4 f4f4 
[Stub Code]
  0x000001fc205d2a48: ;   {other}
  0x000001fc205d2a48: 0f1f 4400 

  0x000001fc205d2a4c: ;   {static_stub}
  0x000001fc205d2a4c: 0048 bb00 | 0000 0000 

  0x000001fc205d2a54: ;   {runtime_call nmethod}
  0x000001fc205d2a54: 0000 00e9 | fbff ffff 

  0x000001fc205d2a5c: ;   {static_stub}
  0x000001fc205d2a5c: 9048 bb00 | 0000 0000 

  0x000001fc205d2a64: ;   {runtime_call nmethod}
  0x000001fc205d2a64: 0000 00e9 | fbff ffff 

  0x000001fc205d2a6c: ;   {static_stub}
  0x000001fc205d2a6c: 9048 bb00 | 0000 0000 

  0x000001fc205d2a74: ;   {runtime_call nmethod}
  0x000001fc205d2a74: 0000 00e9 | fbff ffff 

  0x000001fc205d2a7c: ;   {static_stub}
  0x000001fc205d2a7c: 9048 bb00 | 0000 0000 

  0x000001fc205d2a84: ;   {runtime_call nmethod}
  0x000001fc205d2a84: 0000 00e9 | fbff ffff 

  0x000001fc205d2a8c: ;   {static_stub}
  0x000001fc205d2a8c: 9048 bb00 | 0000 0000 

  0x000001fc205d2a94: ;   {runtime_call nmethod}
  0x000001fc205d2a94: 0000 00e9 | fbff ffff 

  0x000001fc205d2a9c: ;   {static_stub}
  0x000001fc205d2a9c: 9048 bb00 | 0000 0000 

  0x000001fc205d2aa4: ;   {runtime_call nmethod}
  0x000001fc205d2aa4: 0000 00e9 | fbff ffff 
[Exception Handler]
  0x000001fc205d2aac: ;   {runtime_call C1 Runtime handle_exception_from_callee_blob}
  0x000001fc205d2aac: e82f a3c8 

  0x000001fc205d2ab0: ;   {external_word}
  0x000001fc205d2ab0: 0648 b928 | 7272 d2fa | 7f00 0048 

  0x000001fc205d2abc: ;   {runtime_call}
  0x000001fc205d2abc: 83e4 f048 | b840 e433 | d2fa 7f00 | 00ff d0f4 

  0x000001fc205d2acc: ;   {runtime_call DeoptimizationBlob}
  0x000001fc205d2acc: e88f eabb | 06eb f9f4 | f4f4 f4f4 
[/MachCode]


Compiled method (c1) 10625 3494       3       javafx.beans.property.ReadOnlyObjectWrapper::fireValueChangedEvent (19 bytes)
 total in heap  [0x000001fc20218a88,0x000001fc202190a0] = 1560
 main code      [0x000001fc20218b80,0x000001fc20219048] = 1224
 stub code      [0x000001fc20219048,0x000001fc20219098] = 80
 oops           [0x000001fc20219098,0x000001fc202190a0] = 8
 mutable data [0x000001fc40237770,0x000001fc40237810] = 160
 relocation     [0x000001fc40237770,0x000001fc402377e8] = 120
 metadata       [0x000001fc402377e8,0x000001fc40237810] = 40
 immutable data [0x000001fc475527b0,0x000001fc47552904] = 340
 dependencies   [0x000001fc475527b0,0x000001fc475527c0] = 16
 nul chk table  [0x000001fc475527c0,0x000001fc475527e0] = 32
 scopes pcs     [0x000001fc475527e0,0x000001fc475528a0] = 192
 scopes data    [0x000001fc475528a0,0x000001fc47552900] = 96

[Constant Pool (empty)]


Loading hsdis library failed, undisassembled code is shown in MachCode section
[MachCode]
[Instructions begin]
  0x000001fc20218b80: 660f 1f84 | 0000 0000 | 0066 0f1f | 8400 0000 | 0000 448b | 5208 443b 

  0x000001fc20218b98: ;   {runtime_call Shared Runtime ic_miss_blob}
  0x000001fc20218b98: 5008 0f85 | 4062 f706 
[Verified Entry Point]
  0x000001fc20218ba0: 8984 2400 | 80ff ff55 | 4883 ec40 | 4181 7f20 | 0500 0000 

  0x000001fc20218bb4: ;   {runtime_call Stub::Stub Generator method_entry_barrier_stub}
  0x000001fc20218bb4: 7405 e8c5 

  0x000001fc20218bb8: ;   {metadata(method data for {method} {0x000001fc3b60c6b8} 'fireValueChangedEvent' '()V' in 'javafx/beans/property/ReadOnlyObjectWrapper')}
  0x000001fc20218bb8: b4f5 0648 | be88 ae47 | 3cfc 0100 | 008b be90 | 0000 0083 | c702 89be | 9000 0000 | 81e7 fe07 
  0x000001fc20218bd8: 0000 85ff | 0f84 7203 | 0000 488b 

  0x000001fc20218be4: ;   {metadata(method data for {method} {0x000001fc3b60c6b8} 'fireValueChangedEvent' '()V' in 'javafx/beans/property/ReadOnlyObjectWrapper')}
  0x000001fc20218be4: f248 bf88 | ae47 3cfc | 0100 0048 | 8387 d800 

  0x000001fc20218bf4: ;   {metadata(method data for {method} {0x000001fc3b439958} 'fireValueChangedEvent' '()V' in 'javafx/beans/property/ObjectPropertyBase')}
  0x000001fc20218bf4: 0000 0148 | beb0 db01 | 3cfc 0100 | 008b be90 | 0000 0083 | c702 89be | 9000 0000 | 81e7 feff 
  0x000001fc20218c14: 1f00 85ff | 0f84 5703 | 0000 8b72 | 1c48 c1e6 

  0x000001fc20218c24: ;   {metadata(method data for {method} {0x000001fc3b439958} 'fireValueChangedEvent' '()V' in 'javafx/beans/property/ObjectPropertyBase')}
  0x000001fc20218c24: 0348 bfb0 | db01 3cfc | 0100 0048 | 8387 d800 

  0x000001fc20218c34: ;   {metadata(method data for {method} {0x000001fc3b7427b8} 'fireValueChangedEvent' '(Lcom/sun/javafx/binding/ExpressionHelper;)V' in 'com/sun/javafx/binding/ExpressionHelper')}
  0x000001fc20218c34: 0000 0148 | bf68 a501 | 3cfc 0100 | 008b 9f90 | 0000 0083 | c302 899f | 9000 0000 | 81e3 feff 
  0x000001fc20218c54: 1f00 85db | 0f84 3803 | 0000 4885 

  0x000001fc20218c60: ;   {metadata(method data for {method} {0x000001fc3b7427b8} 'fireValueChangedEvent' '(Lcom/sun/javafx/binding/ExpressionHelper;)V' in 'com/sun/javafx/binding/ExpressionHelper')}
  0x000001fc20218c60: f648 bf68 | a501 3cfc | 0100 00bb | d800 0000 | 7405 bbe8 | 0000 0048 | 8b04 1f48 | 8d40 0148 
  0x000001fc20218c80: 8904 1f48 | 8954 2430 | 0f84 ae00 | 0000 483b | 0648 8bfe 

  0x000001fc20218c94: ;   {metadata(method data for {method} {0x000001fc3b7427b8} 'fireValueChangedEvent' '(Lcom/sun/javafx/binding/ExpressionHelper;)V' in 'com/sun/javafx/binding/ExpressionHelper')}
  0x000001fc20218c94: 48bb 68a5 | 013c fc01 | 0000 8b7f | 0841 ba00 | 0000 8b49 | 03fa 483b | bb00 0100 | 0075 0d48 
  0x000001fc20218cb4: 8383 0801 | 0000 01e9 | 6000 0000 | 483b bb10 | 0100 0075 | 0d48 8383 | 1801 0000 | 01e9 4a00 
  0x000001fc20218cd4: 0000 4883 | bb00 0100 | 0000 7517 | 4889 bb00 | 0100 0048 | c783 0801 | 0000 0100 | 0000 e929 
  0x000001fc20218cf4: 0000 0048 | 83bb 1001 | 0000 0075 | 1748 89bb | 1001 0000 | 48c7 8318 | 0100 0001 | 0000 00e9 
  0x000001fc20218d14: 0800 0000 | 4883 83f8 | 0000 0001 | 488b d666 | 9048 b820 | c4a6 47fc 

  0x000001fc20218d2c: ;   {virtual_call}
  0x000001fc20218d2c: 0100 00e8 

  0x000001fc20218d30: ; ImmutableOopMap {[48]=Oop }
                      ;*invokevirtual fireValueChangedEvent {reexecute=0 rethrow=0 return_oop=0}
                      ; - com.sun.javafx.binding.ExpressionHelper::fireValueChangedEvent@5 (line 91)
                      ; - javafx.beans.property.ObjectPropertyBase::fireValueChangedEvent@4 (line 106)
                      ; - javafx.beans.property.ReadOnlyObjectWrapper::fireValueChangedEvent@1 (line 100)
  0x000001fc20218d30: dd79 f706 

  0x000001fc20218d34: ;   {post_call_nop}
  0x000001fc20218d34: 0f1f 8400 | ac02 0000 | 488b 5424 | 308b 5228 | 48c1 e203 

  0x000001fc20218d48: ;   {metadata(method data for {method} {0x000001fc3b60c6b8} 'fireValueChangedEvent' '()V' in 'javafx/beans/property/ReadOnlyObjectWrapper')}
  0x000001fc20218d48: 4885 d248 | be88 ae47 | 3cfc 0100 | 00bf e800 | 0000 7405 | bff8 0000 | 0048 8b1c | 3e48 8d5b 
  0x000001fc20218d68: 0148 891c | 3e0f 84d1 | 0100 0048 | 3b02 488b 

  0x000001fc20218d78: ;   {metadata(method data for {method} {0x000001fc3b60c6b8} 'fireValueChangedEvent' '()V' in 'javafx/beans/property/ReadOnlyObjectWrapper')}
  0x000001fc20218d78: f248 bf88 | ae47 3cfc | 0100 008b | 7608 41ba | 0000 008b | 4903 f248 | 3bb7 1001 | 0000 750d 
  0x000001fc20218d98: 4883 8718 | 0100 0001 | e960 0000 | 0048 3bb7 | 2001 0000 | 750d 4883 | 8728 0100 | 0001 e94a 
  0x000001fc20218db8: 0000 0048 | 83bf 1001 | 0000 0075 | 1748 89b7 | 1001 0000 | 48c7 8718 | 0100 0001 | 0000 00e9 
  0x000001fc20218dd8: 2900 0000 | 4883 bf20 | 0100 0000 | 7517 4889 | b720 0100 | 0048 c787 | 2801 0000 | 0100 0000 
  0x000001fc20218df8: e908 0000 | 0048 8387 | 0801 0000 

  0x000001fc20218e04: ;   {metadata(method data for {method} {0x000001fc3b4353c0} 'fireValueChangedEvent' '()V' in 'javafx/beans/property/ReadOnlyObjectPropertyBase')}
  0x000001fc20218e04: 0148 beb8 | 7645 3cfc | 0100 008b | be90 0000 | 0083 c702 | 89be 9000 | 0000 81e7 | feff 1f00 
  0x000001fc20218e24: 85ff 0f84 | 9501 0000 | 8b52 0c48 

  0x000001fc20218e30: ;   {metadata(method data for {method} {0x000001fc3b4353c0} 'fireValueChangedEvent' '()V' in 'javafx/beans/property/ReadOnlyObjectPropertyBase')}
  0x000001fc20218e30: c1e2 0348 | beb8 7645 | 3cfc 0100 | 0048 8386 | d800 0000 

  0x000001fc20218e44: ;   {metadata(method data for {method} {0x000001fc3b7427b8} 'fireValueChangedEvent' '(Lcom/sun/javafx/binding/ExpressionHelper;)V' in 'com/sun/javafx/binding/ExpressionHelper')}
  0x000001fc20218e44: 0148 be68 | a501 3cfc | 0100 008b | be90 0000 | 0083 c702 | 89be 9000 | 0000 81e7 | feff 1f00 
  0x000001fc20218e64: 85ff 0f84 | 7601 0000 

  0x000001fc20218e6c: ;   {metadata(method data for {method} {0x000001fc3b7427b8} 'fireValueChangedEvent' '(Lcom/sun/javafx/binding/ExpressionHelper;)V' in 'com/sun/javafx/binding/ExpressionHelper')}
  0x000001fc20218e6c: 4885 d248 | be68 a501 | 3cfc 0100 | 00bf d800 | 0000 7405 | bfe8 0000 | 0048 8b1c | 3e48 8d5b 
  0x000001fc20218e8c: 0148 891c | 3e0f 84ad | 0000 0048 | 3b02 488b 

  0x000001fc20218e9c: ;   {metadata(method data for {method} {0x000001fc3b7427b8} 'fireValueChangedEvent' '(Lcom/sun/javafx/binding/ExpressionHelper;)V' in 'com/sun/javafx/binding/ExpressionHelper')}
  0x000001fc20218e9c: f248 bf68 | a501 3cfc | 0100 008b | 7608 41ba | 0000 008b | 4903 f248 | 3bb7 0001 | 0000 750d 
  0x000001fc20218ebc: 4883 8708 | 0100 0001 | e960 0000 | 0048 3bb7 | 1001 0000 | 750d 4883 | 8718 0100 | 0001 e94a 
  0x000001fc20218edc: 0000 0048 | 83bf 0001 | 0000 0075 | 1748 89b7 | 0001 0000 | 48c7 8708 | 0100 0001 | 0000 00e9 
  0x000001fc20218efc: 2900 0000 | 4883 bf10 | 0100 0000 | 7517 4889 | b710 0100 | 0048 c787 | 1801 0000 | 0100 0000 
  0x000001fc20218f1c: e908 0000 | 0048 8387 | f800 0000 | 010f 1f40 | 0048 b848 | c4a6 47fc 

  0x000001fc20218f34: ;   {virtual_call}
  0x000001fc20218f34: 0100 00e8 

  0x000001fc20218f38: ; ImmutableOopMap {}
                      ;*invokevirtual fireValueChangedEvent {reexecute=0 rethrow=0 return_oop=0}
                      ; - com.sun.javafx.binding.ExpressionHelper::fireValueChangedEvent@5 (line 91)
                      ; - javafx.beans.property.ReadOnlyObjectPropertyBase::fireValueChangedEvent@4 (line 80)
                      ; - javafx.beans.property.ReadOnlyObjectWrapper::fireValueChangedEvent@15 (line 102)
  0x000001fc20218f38: 2c24 0507 

  0x000001fc20218f3c: ;   {post_call_nop}
  0x000001fc20218f3c: 0f1f 8400 | b404 0001 | 4883 c440 

  0x000001fc20218f48: ;   {poll_return}
  0x000001fc20218f48: 5d49 3b67 | 280f 87b5 | 0000 00c3 

  0x000001fc20218f54: ;   {metadata({method} {0x000001fc3b60c6b8} 'fireValueChangedEvent' '()V' in 'javafx/beans/property/ReadOnlyObjectWrapper')}
  0x000001fc20218f54: 49ba b0c6 | 603b fc01 | 0000 4c89 | 5424 0848 | c704 24ff 

  0x000001fc20218f68: ;   {runtime_call C1 Runtime counter_overflow_blob}
  0x000001fc20218f68: ffff ffe8 

  0x000001fc20218f6c: ; ImmutableOopMap {rdx=Oop }
                      ;*synchronization entry
                      ; - javafx.beans.property.ReadOnlyObjectWrapper::fireValueChangedEvent@-1 (line 100)
  0x000001fc20218f6c: f07c 0407 | e96d fcff 

  0x000001fc20218f74: ;   {metadata({method} {0x000001fc3b439958} 'fireValueChangedEvent' '()V' in 'javafx/beans/property/ObjectPropertyBase')}
  0x000001fc20218f74: ff49 ba50 | 9943 3bfc | 0100 004c | 8954 2408 | 48c7 0424 | ffff ffff 

  0x000001fc20218f8c: ;   {runtime_call C1 Runtime counter_overflow_blob}
  0x000001fc20218f8c: e8cf 7c04 

  0x000001fc20218f90: ; ImmutableOopMap {rdx=Oop }
                      ;*synchronization entry
                      ; - javafx.beans.property.ObjectPropertyBase::fireValueChangedEvent@-1 (line 106)
                      ; - javafx.beans.property.ReadOnlyObjectWrapper::fireValueChangedEvent@1 (line 100)
  0x000001fc20218f90: 07e9 88fc 

  0x000001fc20218f94: ;   {metadata({method} {0x000001fc3b7427b8} 'fireValueChangedEvent' '(Lcom/sun/javafx/binding/ExpressionHelper;)V' in 'com/sun/javafx/binding/ExpressionHelper')}
  0x000001fc20218f94: ffff 49ba | b027 743b | fc01 0000 | 4c89 5424 | 0848 c704 | 24ff ffff 

  0x000001fc20218fac: ;   {runtime_call C1 Runtime counter_overflow_blob}
  0x000001fc20218fac: ffe8 ae7c 

  0x000001fc20218fb0: ; ImmutableOopMap {rdx=Oop rsi=Oop }
                      ;*synchronization entry
                      ; - com.sun.javafx.binding.ExpressionHelper::fireValueChangedEvent@-1 (line 90)
                      ; - javafx.beans.property.ObjectPropertyBase::fireValueChangedEvent@4 (line 106)
                      ; - javafx.beans.property.ReadOnlyObjectWrapper::fireValueChangedEvent@1 (line 100)
  0x000001fc20218fb0: 0407 e9a7 

  0x000001fc20218fb4: ;   {runtime_call C1 Runtime throw_null_pointer_exception_blob}
  0x000001fc20218fb4: fcff ffe8 

  0x000001fc20218fb8: ; ImmutableOopMap {rsi=Oop [48]=Oop }
                      ;*invokevirtual fireValueChangedEvent {reexecute=0 rethrow=0 return_oop=0}
                      ; - com.sun.javafx.binding.ExpressionHelper::fireValueChangedEvent@5 (line 91)
                      ; - javafx.beans.property.ObjectPropertyBase::fireValueChangedEvent@4 (line 106)
                      ; - javafx.beans.property.ReadOnlyObjectWrapper::fireValueChangedEvent@1 (line 100)
  0x000001fc20218fb8: a41c 0407 

  0x000001fc20218fbc: ;   {runtime_call C1 Runtime throw_null_pointer_exception_blob}
  0x000001fc20218fbc: e89f 1c04 

  0x000001fc20218fc0: ; ImmutableOopMap {rdx=Oop }
                      ;*invokevirtual fireValueChangedEvent {reexecute=0 rethrow=0 return_oop=0}
                      ; - javafx.beans.property.ReadOnlyObjectWrapper::fireValueChangedEvent@15 (line 102)
                      ;   {metadata({method} {0x000001fc3b4353c0} 'fireValueChangedEvent' '()V' in 'javafx/beans/property/ReadOnlyObjectPropertyBase')}
  0x000001fc20218fc0: 0749 bab8 | 5343 3bfc | 0100 004c | 8954 2408 | 48c7 0424 | ffff ffff 

  0x000001fc20218fd8: ;   {runtime_call C1 Runtime counter_overflow_blob}
  0x000001fc20218fd8: e883 7c04 

  0x000001fc20218fdc: ; ImmutableOopMap {rdx=Oop }
                      ;*synchronization entry
                      ; - javafx.beans.property.ReadOnlyObjectPropertyBase::fireValueChangedEvent@-1 (line 80)
                      ; - javafx.beans.property.ReadOnlyObjectWrapper::fireValueChangedEvent@15 (line 102)
  0x000001fc20218fdc: 07e9 4afe 

  0x000001fc20218fe0: ;   {metadata({method} {0x000001fc3b7427b8} 'fireValueChangedEvent' '(Lcom/sun/javafx/binding/ExpressionHelper;)V' in 'com/sun/javafx/binding/ExpressionHelper')}
  0x000001fc20218fe0: ffff 49ba | b027 743b | fc01 0000 | 4c89 5424 | 0848 c704 | 24ff ffff 

  0x000001fc20218ff8: ;   {runtime_call C1 Runtime counter_overflow_blob}
  0x000001fc20218ff8: ffe8 627c 

  0x000001fc20218ffc: ; ImmutableOopMap {rdx=Oop }
                      ;*synchronization entry
                      ; - com.sun.javafx.binding.ExpressionHelper::fireValueChangedEvent@-1 (line 90)
                      ; - javafx.beans.property.ReadOnlyObjectPropertyBase::fireValueChangedEvent@4 (line 80)
                      ; - javafx.beans.property.ReadOnlyObjectWrapper::fireValueChangedEvent@15 (line 102)
  0x000001fc20218ffc: 0407 e969 

  0x000001fc20219000: ;   {runtime_call C1 Runtime throw_null_pointer_exception_blob}
  0x000001fc20219000: feff ffe8 

  0x000001fc20219004: ; ImmutableOopMap {rdx=Oop }
                      ;*invokevirtual fireValueChangedEvent {reexecute=0 rethrow=0 return_oop=0}
                      ; - com.sun.javafx.binding.ExpressionHelper::fireValueChangedEvent@5 (line 91)
                      ; - javafx.beans.property.ReadOnlyObjectPropertyBase::fireValueChangedEvent@4 (line 80)
                      ; - javafx.beans.property.ReadOnlyObjectWrapper::fireValueChangedEvent@15 (line 102)
  0x000001fc20219004: 581c 0407 

  0x000001fc20219008: ;   {internal_word}
  0x000001fc20219008: 49ba 498f | 2120 fc01 | 0000 4d89 | 97b8 0400 

  0x000001fc20219018: ;   {runtime_call SafepointBlob}
  0x000001fc20219018: 00e9 4282 | f706 498b | 8768 0500 | 0049 c787 | 6805 0000 | 0000 0000 | 49c7 8770 | 0500 0000 
  0x000001fc20219038: 0000 0048 | 83c4 405d 

  0x000001fc20219040: ;   {runtime_call C1 Runtime unwind_exception_blob}
  0x000001fc20219040: e91b 0d04 | 07f4 f4f4 
[Stub Code]
  0x000001fc20219048: ;   {other}
  0x000001fc20219048: 0f1f 4400 

  0x000001fc2021904c: ;   {static_stub}
  0x000001fc2021904c: 0048 bb00 | 0000 0000 

  0x000001fc20219054: ;   {runtime_call nmethod}
  0x000001fc20219054: 0000 00e9 | fbff ffff 

  0x000001fc2021905c: ;   {static_stub}
  0x000001fc2021905c: 9048 bb00 | 0000 0000 

  0x000001fc20219064: ;   {runtime_call nmethod}
  0x000001fc20219064: 0000 00e9 | fbff ffff 
[Exception Handler]
  0x000001fc2021906c: ;   {runtime_call C1 Runtime handle_exception_from_callee_blob}
  0x000001fc2021906c: e86f 3d04 

  0x000001fc20219070: ;   {external_word}
  0x000001fc20219070: 0748 b928 | 7272 d2fa | 7f00 0048 

  0x000001fc2021907c: ;   {runtime_call}
  0x000001fc2021907c: 83e4 f048 | b840 e433 | d2fa 7f00 | 00ff d0f4 

  0x000001fc2021908c: ;   {runtime_call DeoptimizationBlob}
  0x000001fc2021908c: e8cf 84f7 | 06eb f9f4 | f4f4 f4f4 
[/MachCode]


---------------  P R O C E S S  ---------------

Threads class SMR info:
_java_thread_list=0x000001fc4a8e2240, length=59, elements={
0x000001fc17050ec0, 0x000001fc3a393290, 0x000001fc3a393b90, 0x000001fc3a395830,
0x000001fc3a396870, 0x000001fc3a397420, 0x000001fc3a39a110, 0x000001fc3a3c3040,
0x000001fc3a3c8d20, 0x000001fc3a8745e0, 0x000001fc3a90ed60, 0x000001fc3a8f14d0,
0x000001fc3a98e070, 0x000001fc3f6e45b0, 0x000001fc3f7fd4b0, 0x000001fc3f8c7d60,
0x000001fc3fcaa460, 0x000001fc3ff4c3d0, 0x000001fc40338340, 0x000001fc47785fd0,
0x000001fc47784090, 0x000001fc47785030, 0x000001fc47789680, 0x000001fc4778a620,
0x000001fc470edab0, 0x000001fc470ef220, 0x000001fc470f0990, 0x000001fc470eea50,
0x000001fc46f83370, 0x000001fc46f84310, 0x000001fc49709120, 0x000001fc4a8acac0,
0x000001fc3a75bc30, 0x000001fc3a75cbd0, 0x000001fc3a75db70, 0x000001fc3a75f2e0,
0x000001fc3a75e340, 0x000001fc49f6f030, 0x000001fc49f71880, 0x000001fc49f6f840,
0x000001fc49f70050, 0x000001fc49f70860, 0x000001fc477befe0, 0x000001fc49f75900,
0x000001fc477be810, 0x000001fc477bf7b0, 0x000001fc477c5570, 0x000001fc477c7c80,
0x000001fc477ca390, 0x000001fc477cab60, 0x000001fc4c655c40, 0x000001fc4c657b80,
0x000001fc4c65d170, 0x000001fc4c65f0b0, 0x000001fc4c662f30, 0x000001fc4c660820,
0x000001fc4c660ff0, 0x000001fc3fd43e20, 0x000001fc473c6b20
}

Java Threads: ( => current thread )
  0x000001fc17050ec0 JavaThread "main"                              [_thread_blocked, id=27688, stack(0x000000ac0ec00000,0x000000ac0ed00000) (1024K)]
  0x000001fc3a393290 JavaThread "Reference Handler"          daemon [_thread_blocked, id=17580, stack(0x000000ac0f500000,0x000000ac0f600000) (1024K)]
  0x000001fc3a393b90 JavaThread "Finalizer"                  daemon [_thread_blocked, id=26524, stack(0x000000ac0f600000,0x000000ac0f700000) (1024K)]
  0x000001fc3a395830 JavaThread "Signal Dispatcher"          daemon [_thread_blocked, id=2888, stack(0x000000ac0f700000,0x000000ac0f800000) (1024K)]
  0x000001fc3a396870 JavaThread "Attach Listener"            daemon [_thread_blocked, id=17028, stack(0x000000ac0f800000,0x000000ac0f900000) (1024K)]
  0x000001fc3a397420 JavaThread "Service Thread"             daemon [_thread_blocked, id=38640, stack(0x000000ac0f900000,0x000000ac0fa00000) (1024K)]
  0x000001fc3a39a110 JavaThread "Monitor Deflation Thread"   daemon [_thread_blocked, id=23464, stack(0x000000ac0fa00000,0x000000ac0fb00000) (1024K)]
  0x000001fc3a3c3040 JavaThread "C2 CompilerThread0"         daemon [_thread_blocked, id=23892, stack(0x000000ac0fb00000,0x000000ac0fc00000) (1024K)]
  0x000001fc3a3c8d20 JavaThread "C1 CompilerThread0"         daemon [_thread_blocked, id=36780, stack(0x000000ac0fc00000,0x000000ac0fd00000) (1024K)]
  0x000001fc3a8745e0 JavaThread "Common-Cleaner"             daemon [_thread_blocked, id=26756, stack(0x000000ac10000000,0x000000ac10100000) (1024K)]
  0x000001fc3a90ed60 JavaThread "Monitor Ctrl-Break"         daemon [_thread_in_native, id=16532, stack(0x000000ac10100000,0x000000ac10200000) (1024K)]
  0x000001fc3a8f14d0 JavaThread "Notification Thread"        daemon [_thread_blocked, id=15864, stack(0x000000ac10200000,0x000000ac10300000) (1024K)]
  0x000001fc3a98e070 JavaThread "JavaFX-Launcher"                   [_thread_blocked, id=18092, stack(0x000000ac10300000,0x000000ac10400000) (1024K)]
  0x000001fc3f6e45b0 JavaThread "QuantumRenderer-0"          daemon [_thread_blocked, id=18924, stack(0x000000ac10900000,0x000000ac10a00000) (1024K)]
  0x000001fc3f7fd4b0 JavaThread "InvokeLaterDispatcher"      daemon [_thread_blocked, id=36676, stack(0x000000ac0ff00000,0x000000ac10000000) (1024K)]
=>0x000001fc3f8c7d60 JavaThread "JavaFX Application Thread"         [_thread_in_vm, id=28624, stack(0x000000ac10c00000,0x000000ac10d00000) (1024K)]
  0x000001fc3fcaa460 JavaThread "Thread-2"                   daemon [_thread_in_native, id=28060, stack(0x000000ac10f00000,0x000000ac11000000) (1024K)]
  0x000001fc3ff4c3d0 JavaThread "mysql-cj-abandoned-connection-cleanup" daemon [_thread_blocked, id=27992, stack(0x000000ac11100000,0x000000ac11200000) (1024K)]
  0x000001fc40338340 JavaThread "Thread-3"                   daemon [_thread_blocked, id=26892, stack(0x000000ac11b00000,0x000000ac11c00000) (1024K)]
  0x000001fc47785fd0 JavaThread "Thread-4"                   daemon [_thread_blocked, id=33644, stack(0x000000ac11c00000,0x000000ac11d00000) (1024K)]
  0x000001fc47784090 JavaThread "Thread-5"                   daemon [_thread_blocked, id=11496, stack(0x000000ac11d00000,0x000000ac11e00000) (1024K)]
  0x000001fc47785030 JavaThread "Thread-6"                   daemon [_thread_blocked, id=36084, stack(0x000000ac11e00000,0x000000ac11f00000) (1024K)]
  0x000001fc47789680 JavaThread "Thread-7"                   daemon [_thread_blocked, id=11708, stack(0x000000ac11f00000,0x000000ac12000000) (1024K)]
  0x000001fc4778a620 JavaThread "Thread-8"                   daemon [_thread_blocked, id=28944, stack(0x000000ac12000000,0x000000ac12100000) (1024K)]
  0x000001fc470edab0 JavaThread "Thread-9"                   daemon [_thread_blocked, id=15544, stack(0x000000ac12100000,0x000000ac12200000) (1024K)]
  0x000001fc470ef220 JavaThread "Thread-10"                  daemon [_thread_blocked, id=38852, stack(0x000000ac12200000,0x000000ac12300000) (1024K)]
  0x000001fc470f0990 JavaThread "Thread-11"                  daemon [_thread_blocked, id=24408, stack(0x000000ac12300000,0x000000ac12400000) (1024K)]
  0x000001fc470eea50 JavaThread "Thread-12"                  daemon [_thread_blocked, id=33064, stack(0x000000ac12400000,0x000000ac12500000) (1024K)]
  0x000001fc46f83370 JavaThread "Prism Font Disposer"        daemon [_thread_blocked, id=21404, stack(0x000000ac12a00000,0x000000ac12b00000) (1024K)]
  0x000001fc46f84310 JavaThread "Keep-Alive-Timer"           daemon [_thread_blocked, id=25628, stack(0x000000ac12b00000,0x000000ac12c00000) (1024K)]
  0x000001fc49709120 JavaThread "InnocuousThread-1"          daemon [_thread_blocked, id=7428, stack(0x000000ac12f00000,0x000000ac13000000) (1024K)]
  0x000001fc4a8acac0 JavaThread "Cleaner-0"                  daemon [_thread_blocked, id=37608, stack(0x000000ac13020000,0x000000ac13120000) (1024K)]
  0x000001fc3a75bc30 JavaThread "Disposer"                   daemon [_thread_blocked, id=28380, stack(0x000000ac0fe00000,0x000000ac0ff00000) (1024K)]
  0x000001fc3a75cbd0 JavaThread "VirtualThread-unblocker"    daemon [_thread_blocked, id=13680, stack(0x000000ac11200000,0x000000ac11300000) (1024K)]
  0x000001fc3a75db70 JavaThread "ForkJoinPool-1-worker-1"    daemon [_thread_in_native, id=4928, stack(0x000000ac11300000,0x000000ac11400000) (1024K)]
  0x000001fc3a75f2e0 JavaThread "URL-Loader-1"               daemon [_thread_blocked, id=8956, stack(0x000000ac11a00000,0x000000ac11b00000) (1024K)]
  0x000001fc3a75e340 JavaThread "ForkJoinPool-1-worker-2"    daemon [_thread_blocked, id=15552, stack(0x000000ac12c00000,0x000000ac12d00000) (1024K)]
  0x000001fc49f6f030 JavaThread "C1 CompilerThread1"         daemon [_thread_blocked, id=14180, stack(0x000000ac12d00000,0x000000ac12e00000) (1024K)]
  0x000001fc49f71880 JavaThread "C2 CompilerThread1"         daemon [_thread_blocked, id=36568, stack(0x000000ac12e00000,0x000000ac12f00000) (1024K)]
  0x000001fc49f6f840 JavaThread "C2 CompilerThread2"         daemon [_thread_blocked, id=10976, stack(0x000000ac13130000,0x000000ac13230000) (1024K)]
  0x000001fc49f70050 JavaThread "C1 CompilerThread2"         daemon [_thread_blocked, id=19352, stack(0x000000ac13230000,0x000000ac13330000) (1024K)]
  0x000001fc49f70860 JavaThread "C1 CompilerThread3"         daemon [_thread_blocked, id=20772, stack(0x000000ac13330000,0x000000ac13430000) (1024K)]
  0x000001fc477befe0 JavaThread "Thread-14"                  daemon [_thread_in_native, id=14984, stack(0x000000ac13430000,0x000000ac13530000) (1024K)]
  0x000001fc49f75900 JavaThread "C2 CompilerThread3"         daemon [_thread_blocked, id=21132, stack(0x000000ac13530000,0x000000ac13630000) (1024K)]
  0x000001fc477be810 JavaThread "HttpClient-1-Worker-0"      daemon [_thread_blocked, id=31360, stack(0x000000ac13630000,0x000000ac13730000) (1024K)]
  0x000001fc477bf7b0 JavaThread "HttpClient-1-Worker-1"      daemon [_thread_blocked, id=20308, stack(0x000000ac13730000,0x000000ac13830000) (1024K)]
  0x000001fc477c5570 JavaThread "HttpClient-1-Worker-2"      daemon [_thread_blocked, id=21972, stack(0x000000ac13f30000,0x000000ac14030000) (1024K)]
  0x000001fc477c7c80 JavaThread "HttpClient-1-Worker-3"      daemon [_thread_blocked, id=21460, stack(0x000000ac14030000,0x000000ac14130000) (1024K)]
  0x000001fc477ca390 JavaThread "ForkJoinPool.commonPool-worker-1" daemon [_thread_blocked, id=17628, stack(0x000000ac14130000,0x000000ac14230000) (1024K)]
  0x000001fc477cab60 JavaThread "ForkJoinPool.commonPool-worker-2" daemon [_thread_blocked, id=9128, stack(0x000000ac14230000,0x000000ac14330000) (1024K)]
  0x000001fc4c655c40 JavaThread "ForkJoinPool.commonPool-worker-4" daemon [_thread_blocked, id=35068, stack(0x000000ac14330000,0x000000ac14430000) (1024K)]
  0x000001fc4c657b80 JavaThread "ForkJoinPool.commonPool-worker-3" daemon [_thread_blocked, id=32068, stack(0x000000ac14430000,0x000000ac14530000) (1024K)]
  0x000001fc4c65d170 JavaThread "HttpClient-1-Worker-4"      daemon [_thread_blocked, id=28108, stack(0x000000ac14830000,0x000000ac14930000) (1024K)]
  0x000001fc4c65f0b0 JavaThread "HttpClient-1-Worker-5"      daemon [_thread_blocked, id=30836, stack(0x000000ac14930000,0x000000ac14a30000) (1024K)]
  0x000001fc4c662f30 JavaThread "HttpClient-1-Worker-6"      daemon [_thread_blocked, id=4904, stack(0x000000ac14a30000,0x000000ac14b30000) (1024K)]
  0x000001fc4c660820 JavaThread "HttpClient-1-Worker-7"      daemon [_thread_blocked, id=32212, stack(0x000000ac14b30000,0x000000ac14c30000) (1024K)]
  0x000001fc4c660ff0 JavaThread "HttpClient-1-Worker-8"      daemon [_thread_blocked, id=35580, stack(0x000000ac14c30000,0x000000ac14d30000) (1024K)]
  0x000001fc3fd43e20 JavaThread "C2 CompilerThread4"         daemon [_thread_blocked, id=32396, stack(0x000000ac14d30000,0x000000ac14e30000) (1024K)]
  0x000001fc473c6b20 JavaThread "ForkJoinPool-1-worker-3"    daemon [_thread_blocked, id=28868, stack(0x000000ac14e30000,0x000000ac14f30000) (1024K)]
Total: 59

Other Threads:
  0x000001fc3a380a70 VMThread "VM Thread"                           [id=18396, stack(0x000000ac0f400000,0x000000ac0f500000) (1024K)]
  0x000001fc3a3736d0 WatcherThread "VM Periodic Task Thread"        [id=25956, stack(0x000000ac0f300000,0x000000ac0f400000) (1024K)]
  0x000001fc170add50 WorkerThread "GC Thread#0"                     [id=26396, stack(0x000000ac0ed00000,0x000000ac0ee00000) (1024K)]
  0x000001fc3f4692e0 WorkerThread "GC Thread#1"                     [id=6484, stack(0x000000ac10400000,0x000000ac10500000) (1024K)]
  0x000001fc3a9919c0 WorkerThread "GC Thread#2"                     [id=27608, stack(0x000000ac10500000,0x000000ac10600000) (1024K)]
  0x000001fc3a990880 WorkerThread "GC Thread#3"                     [id=16832, stack(0x000000ac10600000,0x000000ac10700000) (1024K)]
  0x000001fc3a992260 WorkerThread "GC Thread#4"                     [id=17056, stack(0x000000ac10b00000,0x000000ac10c00000) (1024K)]
  0x000001fc3a992b00 WorkerThread "GC Thread#5"                     [id=13160, stack(0x000000ac10e00000,0x000000ac10f00000) (1024K)]
  0x000001fc3fdad130 WorkerThread "GC Thread#6"                     [id=14292, stack(0x000000ac11400000,0x000000ac11500000) (1024K)]
  0x000001fc3fdabba0 WorkerThread "GC Thread#7"                     [id=25320, stack(0x000000ac11500000,0x000000ac11600000) (1024K)]
  0x000001fc3fdacce0 WorkerThread "GC Thread#8"                     [id=9964, stack(0x000000ac11600000,0x000000ac11700000) (1024K)]
  0x000001fc3fdaeb10 WorkerThread "GC Thread#9"                     [id=35104, stack(0x000000ac11700000,0x000000ac11800000) (1024K)]
  0x000001fc3fdabff0 WorkerThread "GC Thread#10"                    [id=23728, stack(0x000000ac11800000,0x000000ac11900000) (1024K)]
  0x000001fc3fdac440 WorkerThread "GC Thread#11"                    [id=31464, stack(0x000000ac11900000,0x000000ac11a00000) (1024K)]
  0x000001fc3fdad580 WorkerThread "GC Thread#12"                    [id=12460, stack(0x000000ac12500000,0x000000ac12600000) (1024K)]
  0x000001fc170c05b0 ConcurrentGCThread "G1 Main Marker"            [id=4228, stack(0x000000ac0ee00000,0x000000ac0ef00000) (1024K)]
  0x000001fc170c1f80 WorkerThread "G1 Conc#0"                       [id=4572, stack(0x000000ac0ef00000,0x000000ac0f000000) (1024K)]
  0x000001fc3a991120 WorkerThread "G1 Conc#1"                       [id=22884, stack(0x000000ac10700000,0x000000ac10800000) (1024K)]
  0x000001fc3a993c40 WorkerThread "G1 Conc#2"                       [id=34152, stack(0x000000ac10800000,0x000000ac10900000) (1024K)]
  0x000001fc1710cec0 WorkerThread "G1 Refinement Workers#0"         [id=28440, stack(0x000000ac0f100000,0x000000ac0f200000) (1024K)]
  0x000001fc3a235180 ConcurrentGCThread "G1 Refine Control"         [id=26456, stack(0x000000ac0f000000,0x000000ac0f100000) (1024K)]
  0x000001fc1710e250 ConcurrentGCThread "G1 Service"                [id=34676, stack(0x000000ac0f200000,0x000000ac0f300000) (1024K)]
Total: 22

Threads with active compile tasks:
Total: 0

VM state: not at safepoint (normal execution)

VM Mutex/Monitor currently owned by a thread: None

Heap address: 0x000000068c000000, size: 5952 MB, Compressed Oops mode: Zero based, Oop shift amount: 3

CDS archive(s) mapped at: [0x000000008b000000-0x000000008bde0000-0x000000008bde0000), size 14548992, SharedBaseAddress: 0x000000008b000000, ArchiveRelocationMode: 1.
Compressed class space mapped at: 0x000000008c000000-0x00000000cc000000, reserved size: 1073741824
UseCompressedClassPointers 1, UseCompactObjectHeaders 0
Narrow klass pointer bits 32, Max shift 3
Narrow klass base: 0x000000008b000000, Narrow klass shift: 0
Encoding Range: [0x000000008b000000 - 0x000000018b000000), (4294967296 bytes)
Klass Range:    [0x000000008b000000 - 0x00000000cc000000), (1090519040 bytes)
Klass ID Range:  [8 - 1090519033) (1090519025)
Protection zone: [0x000000008b000000 - 0x000000008b010000), (65536 bytes)

GC Precious Log:
 CardTable entry size: 512
 Card Set container configuration: InlinePtr #cards 4 size 8 Array Of Cards #cards 32 size 80 Howl #buckets 8 coarsen threshold 7372 Howl Bitmap #cards 1024 size 144 coarsen threshold 921 Card regions per heap region 1 cards per card region 8192
 CPUs: 16 total, 16 available
 Memory: 23805M
 Large Page Support: Disabled
 NUMA Support: Disabled
 Compressed Oops: Enabled (Zero based)
 Heap Region Size: 4M
 Heap Min Capacity: 8M
 Heap Initial Capacity: 8M
 Heap Max Capacity: 5952M
 Pre-touch: Disabled
 Parallel Workers: 13
 Concurrent Workers: 3
 Concurrent Refinement Workers: 13
 Periodic GC: Disabled

Heap:
 garbage-first heap   total reserved 6094848K, committed 49152K, used 24586K [0x000000068c000000, 0x0000000800000000)
  region size 4M, 3 eden (12M), 1 survivor (4M), 5 old (20M), 0 humongous (0M), 3 free (12M)

Heap Regions: E=young(eden), S=young(survivor), O=old, HS=humongous(starts), HC=humongous(continues), CS=collection set, F=free, TAMS=top-at-mark-start, PB=parsable bottom
|    0|0x000000068c000000, 0x000000068c400000, 0x000000068c400000|100%| O|  |TAMS 0x000000068c000000| PB 0x000000068c000000| Untracked |  0
|    1|0x000000068c400000, 0x000000068c800000, 0x000000068c800000|100%| O|  |TAMS 0x000000068c400000| PB 0x000000068c400000| Untracked |  0
|    2|0x000000068c800000, 0x000000068cc00000, 0x000000068cc00000|100%| O|  |TAMS 0x000000068c800000| PB 0x000000068c800000| Untracked |  0
|    3|0x000000068cc00000, 0x000000068d000000, 0x000000068d000000|100%| O|  |TAMS 0x000000068cc00000| PB 0x000000068cc00000| Untracked |  0
|    4|0x000000068d000000, 0x000000068d000000, 0x000000068d400000|  0%| F|  |TAMS 0x000000068d000000| PB 0x000000068d000000| Untracked |  0
|    5|0x000000068d400000, 0x000000068d59f130, 0x000000068d800000| 40%| O|  |TAMS 0x000000068d400000| PB 0x000000068d400000| Untracked |  0
|    6|0x000000068d800000, 0x000000068da63940, 0x000000068dc00000| 59%| S|CS|TAMS 0x000000068d800000| PB 0x000000068d800000| Complete  |  0
|    7|0x000000068dc00000, 0x000000068dc00000, 0x000000068e000000|  0%| F|  |TAMS 0x000000068dc00000| PB 0x000000068dc00000| Untracked |  0
|    8|0x000000068e000000, 0x000000068e000000, 0x000000068e400000|  0%| F|  |TAMS 0x000000068e000000| PB 0x000000068e000000| Untracked |  0
|    9|0x000000068e400000, 0x000000068e5b5040, 0x000000068e800000| 42%| E|CS|TAMS 0x000000068e400000| PB 0x000000068e400000| Complete  |  0
|   10|0x000000068e800000, 0x000000068ec00000, 0x000000068ec00000|100%| E|CS|TAMS 0x000000068e800000| PB 0x000000068e800000| Complete  |  0
| 1487|0x00000007ffc00000, 0x0000000800000000, 0x0000000800000000|100%| E|CS|TAMS 0x00000007ffc00000| PB 0x00000007ffc00000| Complete  |  0

Card table byte_map: [0x000001fc30220000,0x000001fc30dc0000] _byte_map_base: 0x000001fc2cdc0000
Refinement table byte_map: [0x000001fc30dc0000,0x000001fc31960000] _byte_map_base: 0x000001fc2d960000

Marking Bits: (CMBitMap*) 0x000001fc170ae4d0
 Bits: [0x000001fc31960000, 0x000001fc37660000)

Polling page: 0x000001fc14bd0000

Metaspace:
Metaspace        used 32847K, committed 33280K, reserved 1114112K
 class space     used 4476K, committed 4672K, reserved 1048576K

Usage:
  Non-class:     27.71 MB used.
      Class:      4.37 MB used.
       Both:     32.08 MB used.

Virtual space:
  Non-class space:       64.00 MB reserved,      27.94 MB ( 44%) committed,  1 nodes.
      Class space:        1.00 GB reserved,       4.56 MB ( <1%) committed,  1 nodes.
             Both:        1.06 GB reserved,      32.50 MB (  3%) committed. 

Chunk freelists:
   Non-Class:  4.05 MB
       Class:  11.36 MB
        Both:  15.41 MB

MaxMetaspaceSize: unlimited
CompressedClassSpaceSize: 1.00 GB
Initial GC threshold: 21.00 MB
Current GC threshold: 35.12 MB
CDS: on
 - commit_granule_bytes: 65536.
 - commit_granule_words: 8192.
 - virtual_space_node_default_size: 8388608.
 - enlarge_chunks_in_place: 1.
UseCompressedClassPointers 1, UseCompactObjectHeaders 0
Narrow klass pointer bits 32, Max shift 3
Narrow klass base: 0x000000008b000000, Narrow klass shift: 0
Encoding Range: [0x000000008b000000 - 0x000000018b000000), (4294967296 bytes)
Klass Range:    [0x000000008b000000 - 0x00000000cc000000), (1090519040 bytes)
Klass ID Range:  [8 - 1090519033) (1090519025)
Protection zone: [0x000000008b000000 - 0x000000008b010000), (65536 bytes)


Internal statistics:

num_allocs_failed_limit: 3.
num_arena_births: 380.
num_arena_deaths: 0.
num_vsnodes_births: 2.
num_vsnodes_deaths: 0.
num_space_committed: 520.
num_space_uncommitted: 0.
num_chunks_returned_to_freelist: 3.
num_chunks_taken_from_freelist: 1321.
num_chunk_merges: 3.
num_chunk_splits: 877.
num_chunks_enlarged: 646.
num_inconsistent_stats: 0.

CodeHeap 'non-profiled nmethods': size=119232Kb used=2391Kb max_used=2391Kb free=116840Kb
 bounds [0x000001fc27880000, 0x000001fc27af0000, 0x000001fc2ecf0000]
CodeHeap 'profiled nmethods': size=119104Kb used=10475Kb max_used=10475Kb free=108628Kb
 bounds [0x000001fc1fcf0000, 0x000001fc20730000, 0x000001fc27140000]
CodeHeap 'non-nmethods': size=7424Kb used=3609Kb max_used=3701Kb free=3814Kb
 bounds [0x000001fc27140000, 0x000001fc274f0000, 0x000001fc27880000]
CodeCache: size=245760Kb, used=16475Kb, max_used=16567Kb, free=229282Kb
 total_blobs=7480, nmethods=6450, adapters=931, full_count=0
Compilation: enabled, stopped_count=0, restarted_count=0

Compilation events (20 events):
Event: 10.435 Thread 0x000001fc49f70860 nmethod 6538 0x000001fc20726888 code [0x000001fc20726980, 0x000001fc20726b48]
Event: 10.436 Thread 0x000001fc49f70860 6540       3       java.util.Formatter$FormatSpecifier::printString (97 bytes)
Event: 10.436 Thread 0x000001fc49f6f030 6541       3       java.lang.String::format (16 bytes)
Event: 10.436 Thread 0x000001fc3a3c8d20 6542       3       java.util.stream.Collectors::joining (34 bytes)
Event: 10.436 Thread 0x000001fc49f70050 6543       3       java.util.stream.Collectors$$Lambda/0x80000004c::<init> (20 bytes)
Event: 10.437 Thread 0x000001fc49f70050 nmethod 6543 0x000001fc20726b88 code [0x000001fc20726c80, 0x000001fc20726ee8]
Event: 10.437 Thread 0x000001fc49f70050 6544       3       java.util.stream.Collectors$$Lambda/0x80000004c::get (16 bytes)
Event: 10.437 Thread 0x000001fc49f70050 nmethod 6544 0x000001fc20726f08 code [0x000001fc20727000, 0x000001fc20727150]
Event: 10.437 Thread 0x000001fc49f70050 6545       3       java.util.stream.Collectors::lambda$joining$1 (11 bytes)
Event: 10.437 Thread 0x000001fc49f70050 nmethod 6545 0x000001fc20727208 code [0x000001fc20727300, 0x000001fc20727490]
Event: 10.437 Thread 0x000001fc49f70050 6546       3       java.util.stream.Collectors$$Lambda/0x800000049::apply (8 bytes)
Event: 10.437 Thread 0x000001fc49f6f030 nmethod 6541 0x000001fc20727508 code [0x000001fc20727600, 0x000001fc20727ed0]
Event: 10.437 Thread 0x000001fc3a3c8d20 nmethod 6542 0x000001fc20727f08 code [0x000001fc20728000, 0x000001fc20728de0]
Event: 10.437 Thread 0x000001fc49f70050 nmethod 6546 0x000001fc20728e88 code [0x000001fc20728f80, 0x000001fc20729200]
Event: 10.437 Thread 0x000001fc49f70860 nmethod 6540 0x000001fc20729208 code [0x000001fc20729300, 0x000001fc2072a228]
Event: 10.439 Thread 0x000001fc49f6f030 6547       3       com.sun.webkit.graphics.WCRectangle::getIntWidth (6 bytes)
Event: 10.439 Thread 0x000001fc49f70050 6548       3       com.sun.webkit.graphics.WCRectangle::getIntHeight (6 bytes)
Event: 10.439 Thread 0x000001fc49f70050 nmethod 6548 0x000001fc2072a288 code [0x000001fc2072a380, 0x000001fc2072a498]
Event: 10.439 Thread 0x000001fc49f6f030 nmethod 6547 0x000001fc2072a588 code [0x000001fc2072a680, 0x000001fc2072a798]
Event: 10.440 Thread 0x000001fc49f70050 6549  s    3       java.lang.Throwable::fillInStackTrace (29 bytes)

GC Heap Usage History (20 events):
Event: 0.682 {heap Before GC invocations=5 (full 0):
 garbage-first heap   total reserved 6094848K, committed 20480K, used 8558K [0x000000068c000000, 0x0000000800000000)
  region size 4M, 1 eden (4M), 1 survivor (4M), 1 old (4M), 0 humongous (0M), 2 free (8M)
}
Event: 0.683 {heap After GC invocations=6 (full 0):
 garbage-first heap   total reserved 6094848K, committed 20480K, used 4957K [0x000000068c000000, 0x0000000800000000)
  region size 4M, 0 eden (0M), 1 survivor (4M), 1 old (4M), 0 humongous (0M), 3 free (12M)
}
Event: 0.737 {heap Before GC invocations=6 (full 0):
 garbage-first heap   total reserved 6094848K, committed 20480K, used 9053K [0x000000068c000000, 0x0000000800000000)
  region size 4M, 1 eden (4M), 1 survivor (4M), 1 old (4M), 0 humongous (0M), 2 free (8M)
}
Event: 0.738 {heap After GC invocations=7 (full 0):
 garbage-first heap   total reserved 6094848K, committed 28672K, used 5964K [0x000000068c000000, 0x0000000800000000)
  region size 4M, 0 eden (0M), 1 survivor (4M), 1 old (4M), 0 humongous (0M), 5 free (20M)
}
Event: 0.878 {heap Before GC invocations=7 (full 0):
 garbage-first heap   total reserved 6094848K, committed 28672K, used 18252K [0x000000068c000000, 0x0000000800000000)
  region size 4M, 3 eden (12M), 1 survivor (4M), 1 old (4M), 0 humongous (0M), 2 free (8M)
}
Event: 0.880 {heap After GC invocations=8 (full 0):
 garbage-first heap   total reserved 6094848K, committed 28672K, used 7615K [0x000000068c000000, 0x0000000800000000)
  region size 4M, 0 eden (0M), 1 survivor (4M), 1 old (4M), 0 humongous (0M), 5 free (20M)
}
Event: 1.110 {heap Before GC invocations=8 (full 0):
 garbage-first heap   total reserved 6094848K, committed 28672K, used 15807K [0x000000068c000000, 0x0000000800000000)
  region size 4M, 2 eden (8M), 1 survivor (4M), 1 old (4M), 0 humongous (0M), 3 free (12M)
}
Event: 1.112 {heap After GC invocations=9 (full 0):
 garbage-first heap   total reserved 6094848K, committed 28672K, used 9288K [0x000000068c000000, 0x0000000800000000)
  region size 4M, 0 eden (0M), 1 survivor (4M), 2 old (8M), 0 humongous (0M), 4 free (16M)
}
Event: 1.186 {heap Before GC invocations=9 (full 0):
 garbage-first heap   total reserved 6094848K, committed 28672K, used 13384K [0x000000068c000000, 0x0000000800000000)
  region size 4M, 2 eden (8M), 1 survivor (4M), 2 old (8M), 0 humongous (0M), 2 free (8M)
}
Event: 1.188 {heap After GC invocations=10 (full 0):
 garbage-first heap   total reserved 6094848K, committed 28672K, used 11613K [0x000000068c000000, 0x0000000800000000)
  region size 4M, 0 eden (0M), 1 survivor (4M), 2 old (8M), 0 humongous (0M), 4 free (16M)
}
Event: 1.272 {heap Before GC invocations=10 (full 0):
 garbage-first heap   total reserved 6094848K, committed 28672K, used 19805K [0x000000068c000000, 0x0000000800000000)
  region size 4M, 2 eden (8M), 1 survivor (4M), 2 old (8M), 0 humongous (0M), 2 free (8M)
}
Event: 1.274 {heap After GC invocations=11 (full 0):
 garbage-first heap   total reserved 6094848K, committed 28672K, used 12037K [0x000000068c000000, 0x0000000800000000)
  region size 4M, 0 eden (0M), 1 survivor (4M), 3 old (12M), 0 humongous (0M), 3 free (12M)
}
Event: 1.307 {heap Before GC invocations=11 (full 0):
 garbage-first heap   total reserved 6094848K, committed 28672K, used 12037K [0x000000068c000000, 0x0000000800000000)
  region size 4M, 1 eden (4M), 1 survivor (4M), 3 old (12M), 0 humongous (0M), 2 free (8M)
}
Event: 1.308 {heap After GC invocations=12 (full 0):
 garbage-first heap   total reserved 6094848K, committed 49152K, used 11965K [0x000000068c000000, 0x0000000800000000)
  region size 4M, 0 eden (0M), 1 survivor (4M), 3 old (12M), 0 humongous (0M), 8 free (32M)
}
Event: 1.459 {heap Before GC invocations=13 (full 0):
 garbage-first heap   total reserved 6094848K, committed 49152K, used 28349K [0x000000068c000000, 0x0000000800000000)
  region size 4M, 5 eden (20M), 1 survivor (4M), 3 old (12M), 0 humongous (0M), 3 free (12M)
}
Event: 1.462 {heap After GC invocations=14 (full 0):
 garbage-first heap   total reserved 6094848K, committed 49152K, used 13522K [0x000000068c000000, 0x0000000800000000)
  region size 4M, 0 eden (0M), 1 survivor (4M), 3 old (12M), 0 humongous (0M), 8 free (32M)
}
Event: 9.958 {heap Before GC invocations=14 (full 0):
 garbage-first heap   total reserved 6094848K, committed 49152K, used 34002K [0x000000068c000000, 0x0000000800000000)
  region size 4M, 6 eden (24M), 1 survivor (4M), 3 old (12M), 0 humongous (0M), 2 free (8M)
}
Event: 9.960 {heap After GC invocations=15 (full 0):
 garbage-first heap   total reserved 6094848K, committed 49152K, used 17936K [0x000000068c000000, 0x0000000800000000)
  region size 4M, 0 eden (0M), 1 survivor (4M), 4 old (16M), 0 humongous (0M), 7 free (28M)
}
Event: 10.358 {heap Before GC invocations=15 (full 0):
 garbage-first heap   total reserved 6094848K, committed 49152K, used 34320K [0x000000068c000000, 0x0000000800000000)
  region size 4M, 5 eden (20M), 1 survivor (4M), 4 old (16M), 0 humongous (0M), 2 free (8M)
}
Event: 10.361 {heap After GC invocations=16 (full 0):
 garbage-first heap   total reserved 6094848K, committed 49152K, used 20490K [0x000000068c000000, 0x0000000800000000)
  region size 4M, 0 eden (0M), 1 survivor (4M), 5 old (20M), 0 humongous (0M), 6 free (24M)
}

Metaspace Usage History (20 events):
Event: 0.682 {metaspace Before GC invocations=5 (full 0):
 Metaspace       used 7850K, committed 8000K, reserved 1114112K
  class space    used 975K, committed 1088K, reserved 1048576K
}
Event: 0.683 {metaspace After GC invocations=6 (full 0):
 Metaspace       used 7850K, committed 8000K, reserved 1114112K
  class space    used 975K, committed 1088K, reserved 1048576K
}
Event: 0.737 {metaspace Before GC invocations=6 (full 0):
 Metaspace       used 8859K, committed 9024K, reserved 1114112K
  class space    used 1136K, committed 1216K, reserved 1048576K
}
Event: 0.738 {metaspace After GC invocations=7 (full 0):
 Metaspace       used 8859K, committed 9024K, reserved 1114112K
  class space    used 1136K, committed 1216K, reserved 1048576K
}
Event: 0.878 {metaspace Before GC invocations=7 (full 0):
 Metaspace       used 12093K, committed 12288K, reserved 1114112K
  class space    used 1581K, committed 1664K, reserved 1048576K
}
Event: 0.880 {metaspace After GC invocations=8 (full 0):
 Metaspace       used 12093K, committed 12288K, reserved 1114112K
  class space    used 1581K, committed 1664K, reserved 1048576K
}
Event: 1.110 {metaspace Before GC invocations=8 (full 0):
 Metaspace       used 18076K, committed 18304K, reserved 1114112K
  class space    used 2300K, committed 2432K, reserved 1048576K
}
Event: 1.112 {metaspace After GC invocations=9 (full 0):
 Metaspace       used 18076K, committed 18304K, reserved 1114112K
  class space    used 2300K, committed 2432K, reserved 1048576K
}
Event: 1.186 {metaspace Before GC invocations=9 (full 0):
 Metaspace       used 19050K, committed 19264K, reserved 1114112K
  class space    used 2398K, committed 2496K, reserved 1048576K
}
Event: 1.188 {metaspace After GC invocations=10 (full 0):
 Metaspace       used 19050K, committed 19264K, reserved 1114112K
  class space    used 2398K, committed 2496K, reserved 1048576K
}
Event: 1.272 {metaspace Before GC invocations=10 (full 0):
 Metaspace       used 20727K, committed 20992K, reserved 1114112K
  class space    used 2651K, committed 2752K, reserved 1048576K
}
Event: 1.274 {metaspace After GC invocations=11 (full 0):
 Metaspace       used 20727K, committed 20992K, reserved 1114112K
  class space    used 2651K, committed 2752K, reserved 1048576K
}
Event: 1.307 {metaspace Before GC invocations=11 (full 0):
 Metaspace       used 21303K, committed 21504K, reserved 1114112K
  class space    used 2771K, committed 2880K, reserved 1048576K
}
Event: 1.308 {metaspace After GC invocations=12 (full 0):
 Metaspace       used 21303K, committed 21504K, reserved 1114112K
  class space    used 2771K, committed 2880K, reserved 1048576K
}
Event: 1.459 {metaspace Before GC invocations=13 (full 0):
 Metaspace       used 24241K, committed 24448K, reserved 1114112K
  class space    used 3388K, committed 3456K, reserved 1048576K
}
Event: 1.462 {metaspace After GC invocations=14 (full 0):
 Metaspace       used 24241K, committed 24448K, reserved 1114112K
  class space    used 3388K, committed 3456K, reserved 1048576K
}
Event: 9.958 {metaspace Before GC invocations=14 (full 0):
 Metaspace       used 28217K, committed 28480K, reserved 1114112K
  class space    used 3838K, committed 3968K, reserved 1048576K
}
Event: 9.960 {metaspace After GC invocations=15 (full 0):
 Metaspace       used 28217K, committed 28480K, reserved 1114112K
  class space    used 3838K, committed 3968K, reserved 1048576K
}
Event: 10.358 {metaspace Before GC invocations=15 (full 0):
 Metaspace       used 32496K, committed 32896K, reserved 1114112K
  class space    used 4447K, committed 4608K, reserved 1048576K
}
Event: 10.361 {metaspace After GC invocations=16 (full 0):
 Metaspace       used 32496K, committed 32896K, reserved 1114112K
  class space    used 4447K, committed 4608K, reserved 1048576K
}

Dll operation events (20 events):
Event: 0.312 Attempting to load shared library C:\Users\HB\.openjfx\cache\21.0.2+5\amd64\vcruntime140.dll
Event: 0.312 Loaded shared library C:\Users\HB\.openjfx\cache\21.0.2+5\amd64\vcruntime140.dll
Event: 0.314 Attempting to load shared library C:\Users\HB\.openjfx\cache\21.0.2+5\amd64\vcruntime140_1.dll
Event: 0.314 Loaded shared library C:\Users\HB\.openjfx\cache\21.0.2+5\amd64\vcruntime140_1.dll
Event: 0.320 Attempting to load shared library C:\Users\HB\.openjfx\cache\21.0.2+5\amd64\msvcp140.dll
Event: 0.320 Loaded shared library C:\Users\HB\.openjfx\cache\21.0.2+5\amd64\msvcp140.dll
Event: 0.322 Attempting to load shared library C:\Users\HB\.openjfx\cache\21.0.2+5\amd64\msvcp140_1.dll
Event: 0.322 Loaded shared library C:\Users\HB\.openjfx\cache\21.0.2+5\amd64\msvcp140_1.dll
Event: 0.326 Attempting to load shared library C:\Users\HB\.openjfx\cache\21.0.2+5\amd64\msvcp140_2.dll
Event: 0.326 Loaded shared library C:\Users\HB\.openjfx\cache\21.0.2+5\amd64\msvcp140_2.dll
Event: 0.356 Attempting to load shared library C:\Users\HB\.openjfx\cache\21.0.2+5\amd64\prism_d3d.dll
Event: 0.358 Loaded shared library C:\Users\HB\.openjfx\cache\21.0.2+5\amd64\prism_d3d.dll
Event: 0.471 Attempting to load shared library C:\Users\HB\.openjfx\cache\21.0.2+5\amd64\glass.dll
Event: 0.473 Loaded shared library C:\Users\HB\.openjfx\cache\21.0.2+5\amd64\glass.dll
Event: 0.727 Attempting to load shared library C:\Users\HB\.openjfx\cache\21.0.2+5\amd64\javafx_font.dll
Event: 0.727 Loaded shared library C:\Users\HB\.openjfx\cache\21.0.2+5\amd64\javafx_font.dll
Event: 0.956 Attempting to load shared library C:\Users\HB\.jdks\openjdk-26\bin\sunmscapi.dll
Event: 0.956 Loaded shared library C:\Users\HB\.jdks\openjdk-26\bin\sunmscapi.dll
Event: 9.932 Attempting to load shared library C:\Users\HB\.openjfx\cache\21.0.2+5\amd64\jfxwebkit.dll
Event: 9.934 Loaded shared library C:\Users\HB\.openjfx\cache\21.0.2+5\amd64\jfxwebkit.dll

Deoptimization events (20 events):
Event: 10.432 Thread 0x000001fc3f8c7d60 DEOPT PACKING pc=0x000001fc20716e77 sp=0x000000ac10cfd760
Event: 10.432 Thread 0x000001fc3f8c7d60 DEOPT UNPACKING pc=0x000001fc27191a02 sp=0x000000ac10cfcc58 mode 0
Event: 10.433 Thread 0x000001fc3f8c7d60 DEOPT PACKING pc=0x000001fc20716e77 sp=0x000000ac10cfd330
Event: 10.433 Thread 0x000001fc3f8c7d60 DEOPT UNPACKING pc=0x000001fc27191a02 sp=0x000000ac10cfc828 mode 0
Event: 10.433 Thread 0x000001fc3f8c7d60 DEOPT PACKING pc=0x000001fc20716e77 sp=0x000000ac10cfd760
Event: 10.433 Thread 0x000001fc3f8c7d60 DEOPT UNPACKING pc=0x000001fc27191a02 sp=0x000000ac10cfcc58 mode 0
Event: 10.434 Thread 0x000001fc3f8c7d60 DEOPT PACKING pc=0x000001fc20716e77 sp=0x000000ac10cfd760
Event: 10.434 Thread 0x000001fc3f8c7d60 DEOPT UNPACKING pc=0x000001fc27191a02 sp=0x000000ac10cfcc58 mode 0
Event: 10.435 Thread 0x000001fc3f8c7d60 DEOPT PACKING pc=0x000001fc20716e77 sp=0x000000ac10cfd760
Event: 10.435 Thread 0x000001fc3f8c7d60 DEOPT UNPACKING pc=0x000001fc27191a02 sp=0x000000ac10cfcc58 mode 0
Event: 10.436 Thread 0x000001fc3f8c7d60 DEOPT PACKING pc=0x000001fc20716e77 sp=0x000000ac10cfd760
Event: 10.436 Thread 0x000001fc3f8c7d60 DEOPT UNPACKING pc=0x000001fc27191a02 sp=0x000000ac10cfcc58 mode 0
Event: 10.437 Thread 0x000001fc3f8c7d60 DEOPT PACKING pc=0x000001fc20716e77 sp=0x000000ac10cfd360
Event: 10.437 Thread 0x000001fc3f8c7d60 DEOPT UNPACKING pc=0x000001fc27191a02 sp=0x000000ac10cfc858 mode 0
Event: 10.437 Thread 0x000001fc3f8c7d60 DEOPT PACKING pc=0x000001fc20716e77 sp=0x000000ac10cfd760
Event: 10.437 Thread 0x000001fc3f8c7d60 DEOPT UNPACKING pc=0x000001fc27191a02 sp=0x000000ac10cfcc58 mode 0
Event: 10.440 Thread 0x000001fc3f8c7d60 Uncommon trap: trap_request=0xffffff95 fr.pc=0x000001fc27a8df98 relative=0x0000000000008818
Event: 10.440 Thread 0x000001fc3f8c7d60 Uncommon trap: reason=unreached action=reinterpret pc=0x000001fc27a8df98 method=jdk.internal.loader.BuiltinClassLoader.loadClassOrNull(Ljava/lang/String;Z)Ljava/lang/Class; @ 136 c2
Event: 10.440 Thread 0x000001fc3f8c7d60 DEOPT PACKING pc=0x000001fc27a8df98 sp=0x000000ac10cfc900
Event: 10.440 Thread 0x000001fc3f8c7d60 DEOPT UNPACKING pc=0x000001fc27262282 sp=0x000000ac10cfc930 mode 2

Classes loaded (20 events):
Event: 10.240 Loading class java/util/concurrent/CompletableFuture$MinimalStage
Event: 10.240 Loading class java/util/concurrent/CompletableFuture$MinimalStage done
Event: 10.241 Loading class java/util/zip/CheckedInputStream
Event: 10.241 Loading class java/util/zip/CheckedInputStream done
Event: 10.241 Loading class java/util/concurrent/CompletableFuture$BiApply
Event: 10.242 Loading class java/util/concurrent/CompletableFuture$BiApply done
Event: 10.242 Loading class java/nio/HeapByteBufferR
Event: 10.242 Loading class java/nio/HeapByteBufferR done
Event: 10.244 Loading class java/util/zip/GZIPInputStream$1
Event: 10.244 Loading class java/util/zip/GZIPInputStream$1 done
Event: 10.356 Loading class com/sun/crypto/provider/HKDFKeyDerivation$HKDFSHA256
Event: 10.356 Loading class com/sun/crypto/provider/HKDFKeyDerivation$HKDFSHA256 done
Event: 10.356 Loading class com/sun/crypto/provider/HmacCore$HmacSHA256
Event: 10.356 Loading class com/sun/crypto/provider/HmacCore$HmacSHA256 done
Event: 10.358 Loading class sun/security/x509/OCSPNoCheckExtension
Event: 10.358 Loading class sun/security/x509/OCSPNoCheckExtension done
Event: 10.410 Loading class java/lang/foreign/MemorySegment
Event: 10.410 Loading class java/lang/foreign/MemorySegment done
Event: 10.426 Loading class java/util/zip/DataFormatException
Event: 10.426 Loading class java/util/zip/DataFormatException done

Classes unloaded (0 events):
No events

Classes redefined (0 events):
No events

Internal exceptions (20 events):
Event: 10.062 Thread 0x000001fc477be810 Exception <a 'java/lang/NoSuchMethodError'{0x000000068ebe0e20}: 'java.lang.Object java.lang.invoke.DirectMethodHandle$Holder.invokeSpecial(java.lang.Object, java.lang.Object, java.lang.Object, java.lang.Object, long)'> (0x000000068ebe0e20) 
thrown [s\open\src\hotspot\share\interpreter\linkResolver.cpp, line 804]
Event: 10.066 Thread 0x000001fc477be810 Exception <a 'java/lang/NoSuchMethodError'{0x000000068e41b710}: 'void java.lang.invoke.DirectMethodHandle$Holder.invokeInterface(java.lang.Object, java.lang.Object, java.lang.Object)'> (0x000000068e41b710) 
thrown [s\open\src\hotspot\share\interpreter\linkResolver.cpp, line 804]
Event: 10.066 Thread 0x000001fc477bf7b0 Exception <a 'java/lang/NoSuchMethodError'{0x000000068e4705e0}: 'void java.lang.invoke.DirectMethodHandle$Holder.invokeInterface(java.lang.Object, java.lang.Object, java.lang.Object)'> (0x000000068e4705e0) 
thrown [s\open\src\hotspot\share\interpreter\linkResolver.cpp, line 804]
Event: 10.066 Thread 0x000001fc477bf7b0 Exception <a 'java/lang/IncompatibleClassChangeError'{0x000000068e480690}: Found class java.lang.Object, but interface was expected> (0x000000068e480690) 
thrown [s\open\src\hotspot\share\interpreter\linkResolver.cpp, line 871]
Event: 10.066 Thread 0x000001fc477be810 Exception <a 'java/lang/IncompatibleClassChangeError'{0x000000068e47e898}: Found class java.lang.Object, but interface was expected> (0x000000068e47e898) 
thrown [s\open\src\hotspot\share\interpreter\linkResolver.cpp, line 871]
Event: 10.099 Thread 0x000001fc3a75db70 Exception <a 'java/lang/NoSuchMethodError'{0x000000068e62a6c0}: 'int java.lang.invoke.DirectMethodHandle$Holder.invokeStatic(java.lang.Object, int, java.lang.Object)'> (0x000000068e62a6c0) 
thrown [s\open\src\hotspot\share\interpreter\linkResolver.cpp, line 804]
Event: 10.100 Thread 0x000001fc3a75db70 Exception <a 'java/lang/NoSuchMethodError'{0x000000068e641a20}: 'void java.lang.invoke.DirectMethodHandle$Holder.invokeStatic(java.lang.Object, java.lang.Object, int)'> (0x000000068e641a20) 
thrown [s\open\src\hotspot\share\interpreter\linkResolver.cpp, line 804]
Event: 10.106 Thread 0x000001fc3a75db70 Exception <a 'java/lang/NoSuchMethodError'{0x000000068e671618}: 'long java.lang.invoke.DirectMethodHandle$Holder.invokeStatic(java.lang.Object, long, long)'> (0x000000068e671618) 
thrown [s\open\src\hotspot\share\interpreter\linkResolver.cpp, line 804]
Event: 10.106 Thread 0x000001fc477bf7b0 Exception <a 'java/lang/NoSuchMethodError'{0x000000068e731a30}: 'long java.lang.invoke.DirectMethodHandle$Holder.invokeStatic(java.lang.Object, long, long)'> (0x000000068e731a30) 
thrown [s\open\src\hotspot\share\interpreter\linkResolver.cpp, line 804]
Event: 10.106 Thread 0x000001fc477be810 Exception <a 'java/lang/NoSuchMethodError'{0x000000068e72b790}: 'long java.lang.invoke.DirectMethodHandle$Holder.invokeStatic(java.lang.Object, long, long)'> (0x000000068e72b790) 
thrown [s\open\src\hotspot\share\interpreter\linkResolver.cpp, line 804]
Event: 10.230 Thread 0x000001fc477be810 Exception <a 'java/lang/NoSuchMethodError'{0x000000068e2fca00}: 'long java.lang.invoke.DirectMethodHandle$Holder.invokeStatic(java.lang.Object, java.lang.Object)'> (0x000000068e2fca00) 
thrown [s\open\src\hotspot\share\interpreter\linkResolver.cpp, line 804]
Event: 10.268 Thread 0x000001fc3f8c7d60 Exception <a 'java/io/FileNotFoundException'{0x000000068e448920}> (0x000000068e448920) 
thrown [s\open\src\hotspot\share\prims\jni.cpp, line 514]
Event: 10.268 Thread 0x000001fc3f8c7d60 Exception <a 'java/io/FileNotFoundException'{0x000000068e449760}> (0x000000068e449760) 
thrown [s\open\src\hotspot\share\prims\jni.cpp, line 514]
Event: 10.268 Thread 0x000001fc3f8c7d60 Exception <a 'java/io/FileNotFoundException'{0x000000068e44a5b8}> (0x000000068e44a5b8) 
thrown [s\open\src\hotspot\share\prims\jni.cpp, line 514]
Event: 10.268 Thread 0x000001fc3f8c7d60 Exception <a 'java/io/FileNotFoundException'{0x000000068e44b3f8}> (0x000000068e44b3f8) 
thrown [s\open\src\hotspot\share\prims\jni.cpp, line 514]
Event: 10.269 Thread 0x000001fc3f8c7d60 Exception <a 'java/io/FileNotFoundException'{0x000000068e45a710}> (0x000000068e45a710) 
thrown [s\open\src\hotspot\share\prims\jni.cpp, line 514]
Event: 10.269 Thread 0x000001fc3f8c7d60 Exception <a 'java/io/FileNotFoundException'{0x000000068e45b550}> (0x000000068e45b550) 
thrown [s\open\src\hotspot\share\prims\jni.cpp, line 514]
Event: 10.269 Thread 0x000001fc3f8c7d60 Exception <a 'java/io/FileNotFoundException'{0x000000068e45c3a8}> (0x000000068e45c3a8) 
thrown [s\open\src\hotspot\share\prims\jni.cpp, line 514]
Event: 10.269 Thread 0x000001fc3f8c7d60 Exception <a 'java/io/FileNotFoundException'{0x000000068e45d1e8}> (0x000000068e45d1e8) 
thrown [s\open\src\hotspot\share\prims\jni.cpp, line 514]
Event: 10.440 Thread 0x000001fc3f8c7d60 Exception <a 'java/lang/NoClassDefFoundError'{0x000000068e586940}: netscape/javascript/JSObject> (0x000000068e586940) 
thrown [s\open\src\hotspot\share\classfile\systemDictionary.cpp, line 318]

VM Operations (20 events):
Event: 10.001 Executing non-safepoint VM operation: HandshakeAllThreads (Deoptimize)
Event: 10.001 Executing non-safepoint VM operation: HandshakeAllThreads (Deoptimize) done
Event: 10.008 Executing non-safepoint VM operation: HandshakeAllThreads (Deoptimize)
Event: 10.008 Executing non-safepoint VM operation: HandshakeAllThreads (Deoptimize) done
Event: 10.047 Executing non-safepoint VM operation: HandshakeAllThreads (Deoptimize)
Event: 10.047 Executing non-safepoint VM operation: HandshakeAllThreads (Deoptimize) done
Event: 10.233 Executing non-safepoint VM operation: HandshakeAllThreads (Deoptimize)
Event: 10.233 Executing non-safepoint VM operation: HandshakeAllThreads (Deoptimize) done
Event: 10.243 Executing non-safepoint VM operation: HandshakeAllThreads (Deoptimize)
Event: 10.243 Executing non-safepoint VM operation: HandshakeAllThreads (Deoptimize) done
Event: 10.286 Executing non-safepoint VM operation: HandshakeAllThreads (Deoptimize)
Event: 10.286 Executing non-safepoint VM operation: HandshakeAllThreads (Deoptimize) done
Event: 10.287 Executing non-safepoint VM operation: HandshakeAllThreads (Deoptimize)
Event: 10.287 Executing non-safepoint VM operation: HandshakeAllThreads (Deoptimize) done
Event: 10.305 Executing non-safepoint VM operation: HandshakeAllThreads (Deoptimize)
Event: 10.305 Executing non-safepoint VM operation: HandshakeAllThreads (Deoptimize) done
Event: 10.357 Executing non-safepoint VM operation: HandshakeAllThreads (Deoptimize)
Event: 10.357 Executing non-safepoint VM operation: HandshakeAllThreads (Deoptimize) done
Event: 10.358 Executing safepoint VM operation: G1CollectForAllocation (G1 Evacuation Pause)
Event: 10.361 Executing safepoint VM operation: G1CollectForAllocation (G1 Evacuation Pause) done

Memory protections (0 events):
No events

Nmethod flushes (20 events):
Event: 1.316 Thread 0x000001fc3a380a70 flushing  nmethod 0x000001fc1fd26008
Event: 1.316 Thread 0x000001fc3a380a70 flushing  nmethod 0x000001fc1fd49608
Event: 1.316 Thread 0x000001fc3a380a70 flushing  nmethod 0x000001fc1fd4bf08
Event: 1.316 Thread 0x000001fc3a380a70 flushing  nmethod 0x000001fc2788db88
Event: 1.316 Thread 0x000001fc3a380a70 flushing  nmethod 0x000001fc2788f388
Event: 1.316 Thread 0x000001fc3a380a70 flushing  nmethod 0x000001fc278ae688
Event: 1.316 Thread 0x000001fc3a380a70 flushing  nmethod 0x000001fc1fd00288
Event: 1.316 Thread 0x000001fc3a380a70 flushing  nmethod 0x000001fc1fd01608
Event: 1.316 Thread 0x000001fc3a380a70 flushing  nmethod 0x000001fc1fd02408
Event: 1.316 Thread 0x000001fc3a380a70 flushing  nmethod 0x000001fc1fd02b88
Event: 1.316 Thread 0x000001fc3a380a70 flushing  nmethod 0x000001fc1fd1ee88
Event: 1.316 Thread 0x000001fc3a380a70 flushing  nmethod 0x000001fc1fd1fa08
Event: 1.316 Thread 0x000001fc3a380a70 flushing  nmethod 0x000001fc1fd22088
Event: 1.316 Thread 0x000001fc3a380a70 flushing  nmethod 0x000001fc1fd46f08
Event: 1.316 Thread 0x000001fc3a380a70 flushing  nmethod 0x000001fc1fd75e88
Event: 1.316 Thread 0x000001fc3a380a70 flushing  nmethod 0x000001fc1fd76388
Event: 1.316 Thread 0x000001fc3a380a70 flushing  nmethod 0x000001fc1fd76d08
Event: 1.316 Thread 0x000001fc3a380a70 flushing  nmethod 0x000001fc1fd78788
Event: 1.316 Thread 0x000001fc3a380a70 flushing  nmethod 0x000001fc1fd96788
Event: 1.316 Thread 0x000001fc3a380a70 flushing  nmethod 0x000001fc1fd96d88

Events (20 events):
Event: 10.032 Thread 0x000001fc49f6f030 Thread added: 0x000001fc49f6f840
Event: 10.032 Thread 0x000001fc49f6f030 Thread added: 0x000001fc49f70050
Event: 10.032 Thread 0x000001fc49f6f030 Thread added: 0x000001fc49f70860
Event: 10.045 Thread 0x000001fc477befe0 Thread added: 0x000001fc477befe0
Event: 10.053 Thread 0x000001fc49f70050 Thread added: 0x000001fc49f75900
Event: 10.056 Thread 0x000001fc3f8c7d60 Thread added: 0x000001fc477be810
Event: 10.059 Thread 0x000001fc3f8c7d60 Thread added: 0x000001fc477bf7b0
Event: 10.107 Thread 0x000001fc3a75db70 Thread added: 0x000001fc477c5570
Event: 10.107 Thread 0x000001fc3a75db70 Thread added: 0x000001fc477c7c80
Event: 10.240 Thread 0x000001fc477be810 Thread added: 0x000001fc477ca390
Event: 10.240 Thread 0x000001fc477bf7b0 Thread added: 0x000001fc477cab60
Event: 10.241 Thread 0x000001fc477ca390 Thread added: 0x000001fc4c655c40
Event: 10.241 Thread 0x000001fc477cab60 Thread added: 0x000001fc4c657b80
Event: 10.284 Thread 0x000001fc3f8c7d60 Thread added: 0x000001fc4c65d170
Event: 10.285 Thread 0x000001fc3f8c7d60 Thread added: 0x000001fc4c65f0b0
Event: 10.362 Thread 0x000001fc3a75db70 Thread added: 0x000001fc4c662f30
Event: 10.362 Thread 0x000001fc3a75db70 Thread added: 0x000001fc4c660820
Event: 10.362 Thread 0x000001fc3a75db70 Thread added: 0x000001fc4c660ff0
Event: 10.370 Thread 0x000001fc49f70050 Thread added: 0x000001fc3fd43e20
Event: 10.411 Thread 0x000001fc3a75db70 Thread added: 0x000001fc473c6b20


Dynamic libraries:
0x00007ff7abd20000 - 0x00007ff7abd2e000 	C:\Users\HB\.jdks\openjdk-26\bin\java.exe
0x00007ffbb35e0000 - 0x00007ffbb3847000 	C:\WINDOWS\SYSTEM32\ntdll.dll
0x00007ffbb2120000 - 0x00007ffbb21e9000 	C:\WINDOWS\System32\KERNEL32.DLL
0x00007ffbb0d60000 - 0x00007ffbb1154000 	C:\WINDOWS\System32\KERNELBASE.dll
0x00007ffbb03a0000 - 0x00007ffbb04eb000 	C:\WINDOWS\System32\ucrtbase.dll
0x00007ffb2b650000 - 0x00007ffb2b667000 	C:\Users\HB\.jdks\openjdk-26\bin\jli.dll
0x00007ffb14f30000 - 0x00007ffb14f4e000 	C:\Users\HB\.jdks\openjdk-26\bin\VCRUNTIME140.dll
0x00007ffbb2ac0000 - 0x00007ffbb2c85000 	C:\WINDOWS\System32\USER32.dll
0x00007ffb928f0000 - 0x00007ffb92b83000 	C:\WINDOWS\WinSxS\amd64_microsoft.windows.common-controls_6595b64144ccf1df_6.0.26100.8115_none_3e075c82e3354f9c\COMCTL32.dll
0x00007ffbb1160000 - 0x00007ffbb1187000 	C:\WINDOWS\System32\win32u.dll
0x00007ffbb2c90000 - 0x00007ffbb2d39000 	C:\WINDOWS\System32\msvcrt.dll
0x00007ffbb1790000 - 0x00007ffbb17bb000 	C:\WINDOWS\System32\GDI32.dll
0x00007ffbb1240000 - 0x00007ffbb136b000 	C:\WINDOWS\System32\gdi32full.dll
0x00007ffbb0020000 - 0x00007ffbb00c3000 	C:\WINDOWS\System32\msvcp_win.dll
0x00007ffbb29e0000 - 0x00007ffbb2a12000 	C:\WINDOWS\System32\IMM32.DLL
0x00007ffb6a4e0000 - 0x00007ffb6a4ec000 	C:\Users\HB\.jdks\openjdk-26\bin\vcruntime140_1.dll
0x00007ffad2af0000 - 0x00007ffad2b7d000 	C:\Users\HB\.jdks\openjdk-26\bin\msvcp140.dll
0x00007ffad1c20000 - 0x00007ffad2aee000 	C:\Users\HB\.jdks\openjdk-26\bin\server\jvm.dll
0x00007ffbb2d70000 - 0x00007ffbb2e26000 	C:\WINDOWS\System32\ADVAPI32.dll
0x00007ffbb1660000 - 0x00007ffbb1707000 	C:\WINDOWS\System32\sechost.dll
0x00007ffbb1540000 - 0x00007ffbb1658000 	C:\WINDOWS\System32\RPCRT4.dll
0x00007ffbb2a30000 - 0x00007ffbb2ab0000 	C:\WINDOWS\System32\WS2_32.dll
0x00007ffbaee10000 - 0x00007ffbaee6e000 	C:\WINDOWS\SYSTEM32\POWRPROF.dll
0x00007ffba10c0000 - 0x00007ffba10f6000 	C:\WINDOWS\SYSTEM32\WINMM.dll
0x00007ffba9770000 - 0x00007ffba977b000 	C:\WINDOWS\SYSTEM32\VERSION.dll
0x00007ffbaedf0000 - 0x00007ffbaee04000 	C:\WINDOWS\SYSTEM32\UMPDC.dll
0x00007ffbaecb0000 - 0x00007ffbaeccb000 	C:\WINDOWS\SYSTEM32\kernel.appcore.dll
0x00007ffb3f140000 - 0x00007ffb3f14a000 	C:\Users\HB\.jdks\openjdk-26\bin\jimage.dll
0x00007ffb9aa10000 - 0x00007ffb9ac52000 	C:\WINDOWS\SYSTEM32\DBGHELP.DLL
0x00007ffbb2fd0000 - 0x00007ffbb3352000 	C:\WINDOWS\System32\combase.dll
0x00007ffbb2900000 - 0x00007ffbb29d8000 	C:\WINDOWS\System32\OLEAUT32.dll
0x00007ffb90050000 - 0x00007ffb9008b000 	C:\WINDOWS\SYSTEM32\dbgcore.DLL
0x00007ffbb1190000 - 0x00007ffbb1235000 	C:\WINDOWS\System32\bcryptPrimitives.dll
0x00007ffba17b0000 - 0x00007ffba17c0000 	C:\Users\HB\.jdks\openjdk-26\bin\instrument.dll
0x00007ffb05a10000 - 0x00007ffb05a2f000 	C:\Users\HB\.jdks\openjdk-26\bin\java.dll
0x00007ffbb2e30000 - 0x00007ffbb2fc7000 	C:\WINDOWS\System32\ole32.dll
0x00007ffbb17c0000 - 0x00007ffbb1f27000 	C:\WINDOWS\System32\SHELL32.dll
0x00007ffbafeb0000 - 0x00007ffbb001a000 	C:\WINDOWS\System32\wintypes.dll
0x00007ffbb04f0000 - 0x00007ffbb0d58000 	C:\WINDOWS\System32\windows.storage.dll
0x00007ffbb1fb0000 - 0x00007ffbb20a8000 	C:\WINDOWS\System32\SHCORE.dll
0x00007ffbb14d0000 - 0x00007ffbb1536000 	C:\WINDOWS\System32\shlwapi.dll
0x00007ffbafdd0000 - 0x00007ffbafdf9000 	C:\WINDOWS\SYSTEM32\profapi.dll
0x00007ffb04a00000 - 0x00007ffb04a17000 	C:\Users\HB\.jdks\openjdk-26\bin\zip.dll
0x00007ffb05890000 - 0x00007ffb058a2000 	C:\Users\HB\.jdks\openjdk-26\bin\net.dll
0x00007ffbaf2d0000 - 0x00007ffbaf33c000 	C:\WINDOWS\system32\mswsock.dll
0x00007ffb04a20000 - 0x00007ffb04a36000 	C:\Users\HB\.jdks\openjdk-26\bin\nio.dll
0x00007ffb3b310000 - 0x00007ffb3b319000 	C:\Users\HB\.jdks\openjdk-26\bin\extnet.dll
0x000001fc14e60000 - 0x000001fc14e63000 	C:\Users\HB\.openjfx\cache\21.0.2+5\amd64\api-ms-win-core-console-l1-1-0.dll
0x000001fc14e70000 - 0x000001fc14e73000 	C:\Users\HB\.openjfx\cache\21.0.2+5\amd64\api-ms-win-core-console-l1-2-0.dll
0x000001fc150d0000 - 0x000001fc150d3000 	C:\Users\HB\.openjfx\cache\21.0.2+5\amd64\api-ms-win-core-datetime-l1-1-0.dll
0x000001fc150e0000 - 0x000001fc150e3000 	C:\Users\HB\.openjfx\cache\21.0.2+5\amd64\api-ms-win-core-debug-l1-1-0.dll
0x000001fc150f0000 - 0x000001fc150f3000 	C:\Users\HB\.openjfx\cache\21.0.2+5\amd64\api-ms-win-core-errorhandling-l1-1-0.dll
0x000001fc15100000 - 0x000001fc15104000 	C:\Users\HB\.openjfx\cache\21.0.2+5\amd64\api-ms-win-core-file-l1-1-0.dll
0x000001fc15110000 - 0x000001fc15113000 	C:\Users\HB\.openjfx\cache\21.0.2+5\amd64\api-ms-win-core-file-l1-2-0.dll
0x000001fc15120000 - 0x000001fc15123000 	C:\Users\HB\.openjfx\cache\21.0.2+5\amd64\api-ms-win-core-file-l2-1-0.dll
0x000001fc15130000 - 0x000001fc15133000 	C:\Users\HB\.openjfx\cache\21.0.2+5\amd64\api-ms-win-core-handle-l1-1-0.dll
0x000001fc15140000 - 0x000001fc15143000 	C:\Users\HB\.openjfx\cache\21.0.2+5\amd64\api-ms-win-core-heap-l1-1-0.dll
0x000001fc16fa0000 - 0x000001fc16fa3000 	C:\Users\HB\.openjfx\cache\21.0.2+5\amd64\api-ms-win-core-interlocked-l1-1-0.dll
0x000001fc16fb0000 - 0x000001fc16fb3000 	C:\Users\HB\.openjfx\cache\21.0.2+5\amd64\api-ms-win-core-libraryloader-l1-1-0.dll
0x000001fc16fc0000 - 0x000001fc16fc3000 	C:\Users\HB\.openjfx\cache\21.0.2+5\amd64\api-ms-win-core-localization-l1-2-0.dll
0x000001fc16fd0000 - 0x000001fc16fd3000 	C:\Users\HB\.openjfx\cache\21.0.2+5\amd64\api-ms-win-core-memory-l1-1-0.dll
0x000001fc16fe0000 - 0x000001fc16fe3000 	C:\Users\HB\.openjfx\cache\21.0.2+5\amd64\api-ms-win-core-namedpipe-l1-1-0.dll
0x000001fc16ff0000 - 0x000001fc16ff3000 	C:\Users\HB\.openjfx\cache\21.0.2+5\amd64\api-ms-win-core-processenvironment-l1-1-0.dll
0x000001fc17000000 - 0x000001fc17003000 	C:\Users\HB\.openjfx\cache\21.0.2+5\amd64\api-ms-win-core-processthreads-l1-1-0.dll
0x000001fc3aa40000 - 0x000001fc3aa43000 	C:\Users\HB\.openjfx\cache\21.0.2+5\amd64\api-ms-win-core-processthreads-l1-1-1.dll
0x000001fc3aa50000 - 0x000001fc3aa53000 	C:\Users\HB\.openjfx\cache\21.0.2+5\amd64\api-ms-win-core-profile-l1-1-0.dll
0x000001fc3aa60000 - 0x000001fc3aa63000 	C:\Users\HB\.openjfx\cache\21.0.2+5\amd64\api-ms-win-core-rtlsupport-l1-1-0.dll
0x000001fc3aa70000 - 0x000001fc3aa73000 	C:\Users\HB\.openjfx\cache\21.0.2+5\amd64\api-ms-win-core-string-l1-1-0.dll
0x000001fc3aa80000 - 0x000001fc3aa83000 	C:\Users\HB\.openjfx\cache\21.0.2+5\amd64\api-ms-win-core-synch-l1-1-0.dll
0x000001fc3aa90000 - 0x000001fc3aa93000 	C:\Users\HB\.openjfx\cache\21.0.2+5\amd64\api-ms-win-core-synch-l1-2-0.dll
0x000001fc3aaa0000 - 0x000001fc3aaa3000 	C:\Users\HB\.openjfx\cache\21.0.2+5\amd64\api-ms-win-core-sysinfo-l1-1-0.dll
0x000001fc3aab0000 - 0x000001fc3aab3000 	C:\Users\HB\.openjfx\cache\21.0.2+5\amd64\api-ms-win-core-timezone-l1-1-0.dll
0x000001fc3aac0000 - 0x000001fc3aac3000 	C:\Users\HB\.openjfx\cache\21.0.2+5\amd64\api-ms-win-core-util-l1-1-0.dll
0x000001fc3aad0000 - 0x000001fc3aad3000 	C:\Users\HB\.openjfx\cache\21.0.2+5\amd64\api-ms-win-crt-conio-l1-1-0.dll
0x000001fc3aae0000 - 0x000001fc3aae4000 	C:\Users\HB\.openjfx\cache\21.0.2+5\amd64\api-ms-win-crt-convert-l1-1-0.dll
0x000001fc3aaf0000 - 0x000001fc3aaf3000 	C:\Users\HB\.openjfx\cache\21.0.2+5\amd64\api-ms-win-crt-environment-l1-1-0.dll
0x000001fc3ab00000 - 0x000001fc3ab03000 	C:\Users\HB\.openjfx\cache\21.0.2+5\amd64\api-ms-win-crt-filesystem-l1-1-0.dll
0x000001fc3ab10000 - 0x000001fc3ab13000 	C:\Users\HB\.openjfx\cache\21.0.2+5\amd64\api-ms-win-crt-heap-l1-1-0.dll
0x000001fc3ab20000 - 0x000001fc3ab23000 	C:\Users\HB\.openjfx\cache\21.0.2+5\amd64\api-ms-win-crt-locale-l1-1-0.dll
0x000001fc3ab30000 - 0x000001fc3ab35000 	C:\Users\HB\.openjfx\cache\21.0.2+5\amd64\api-ms-win-crt-math-l1-1-0.dll
0x000001fc3ab40000 - 0x000001fc3ab45000 	C:\Users\HB\.openjfx\cache\21.0.2+5\amd64\api-ms-win-crt-multibyte-l1-1-0.dll
0x000001fc3ab50000 - 0x000001fc3ab60000 	C:\Users\HB\.openjfx\cache\21.0.2+5\amd64\api-ms-win-crt-private-l1-1-0.dll
0x000001fc3ab60000 - 0x000001fc3ab63000 	C:\Users\HB\.openjfx\cache\21.0.2+5\amd64\api-ms-win-crt-process-l1-1-0.dll
0x000001fc3ab70000 - 0x000001fc3ab74000 	C:\Users\HB\.openjfx\cache\21.0.2+5\amd64\api-ms-win-crt-runtime-l1-1-0.dll
0x000001fc3ab80000 - 0x000001fc3ab84000 	C:\Users\HB\.openjfx\cache\21.0.2+5\amd64\api-ms-win-crt-stdio-l1-1-0.dll
0x000001fc3ab90000 - 0x000001fc3ab94000 	C:\Users\HB\.openjfx\cache\21.0.2+5\amd64\api-ms-win-crt-string-l1-1-0.dll
0x000001fc3aba0000 - 0x000001fc3aba3000 	C:\Users\HB\.openjfx\cache\21.0.2+5\amd64\api-ms-win-crt-time-l1-1-0.dll
0x000001fc3abb0000 - 0x000001fc3abb3000 	C:\Users\HB\.openjfx\cache\21.0.2+5\amd64\api-ms-win-crt-utility-l1-1-0.dll
0x00007ffb95da0000 - 0x00007ffb95e9c000 	C:\Users\HB\.openjfx\cache\21.0.2+5\amd64\ucrtbase.dll
0x00007ffb9b880000 - 0x00007ffb9b89b000 	C:\Users\HB\.openjfx\cache\21.0.2+5\amd64\vcruntime140.dll
0x00007ffba13a0000 - 0x00007ffba13ac000 	C:\Users\HB\.openjfx\cache\21.0.2+5\amd64\vcruntime140_1.dll
0x00007ffb95d10000 - 0x00007ffb95d9e000 	C:\Users\HB\.openjfx\cache\21.0.2+5\amd64\msvcp140.dll
0x00007ffb9b870000 - 0x00007ffb9b879000 	C:\Users\HB\.openjfx\cache\21.0.2+5\amd64\msvcp140_1.dll
0x00007ffb95cc0000 - 0x00007ffb95d01000 	C:\Users\HB\.openjfx\cache\21.0.2+5\amd64\msvcp140_2.dll
0x00007ffb89890000 - 0x00007ffb898c0000 	C:\Users\HB\.openjfx\cache\21.0.2+5\amd64\prism_d3d.dll
0x00007ffb12a90000 - 0x00007ffb12c42000 	C:\WINDOWS\system32\d3d9.dll
0x00007ffbadb90000 - 0x00007ffbadbbf000 	C:\WINDOWS\SYSTEM32\dwmapi.dll
0x00007ffbadbe0000 - 0x00007ffbadc23000 	C:\WINDOWS\SYSTEM32\dxcore.dll
0x00007ffbad940000 - 0x00007ffbad9e9000 	C:\WINDOWS\system32\uxtheme.dll
0x00007ffba99b0000 - 0x00007ffba9a74000 	C:\WINDOWS\System32\DriverStore\FileRepository\nvami.inf_amd64_88ddf34dcee55c5c\nvldumdx.dll
0x00007ffbaf620000 - 0x00007ffbaf633000 	C:\WINDOWS\SYSTEM32\msasn1.dll
0x00007ffba9490000 - 0x00007ffba94cb000 	C:\WINDOWS\SYSTEM32\cryptnet.dll
0x00007ffbb00d0000 - 0x00007ffbb0247000 	C:\WINDOWS\System32\CRYPT32.dll
0x00007ffbaf5d0000 - 0x00007ffbaf5dc000 	C:\WINDOWS\SYSTEM32\cryptbase.dll
0x00007ffbaf690000 - 0x00007ffbaf6f8000 	C:\WINDOWS\SYSTEM32\wldp.dll
0x00007ffba8d70000 - 0x00007ffba8ee8000 	C:\WINDOWS\SYSTEM32\drvstore.dll
0x00007ffbafb10000 - 0x00007ffbafb3d000 	C:\WINDOWS\SYSTEM32\devobj.dll
0x00007ffbafb40000 - 0x00007ffbafb91000 	C:\WINDOWS\SYSTEM32\cfgmgr32.dll
0x00007ffbb0310000 - 0x00007ffbb0392000 	C:\WINDOWS\System32\wintrust.dll
0x00007ffbb2d40000 - 0x00007ffbb2d60000 	C:\WINDOWS\System32\imagehlp.dll
0x00007ffbaf5b0000 - 0x00007ffbaf5cb000 	C:\WINDOWS\SYSTEM32\CRYPTSP.dll
0x00007ffbaec10000 - 0x00007ffbaec49000 	C:\WINDOWS\system32\rsaenh.dll
0x00007ffbafda0000 - 0x00007ffbafdca000 	C:\WINDOWS\SYSTEM32\bcrypt.dll
0x00007ffba1ff0000 - 0x00007ffba6f47000 	C:\WINDOWS\System32\DriverStore\FileRepository\nvami.inf_amd64_88ddf34dcee55c5c\nvgpucomp64.dll
0x00007ffba1100000 - 0x00007ffba123b000 	C:\WINDOWS\System32\DriverStore\FileRepository\nvami.inf_amd64_88ddf34dcee55c5c\NvMemMapStoragex.dll
0x00007ffacbcf0000 - 0x00007fface426000 	C:\WINDOWS\System32\DriverStore\FileRepository\nvami.inf_amd64_88ddf34dcee55c5c\nvd3dumx.dll
0x00007ffbab510000 - 0x00007ffbab571000 	C:\WINDOWS\SYSTEM32\directxdatabasehelper.dll
0x00007ffb810f0000 - 0x00007ffb81132000 	C:\Users\HB\.openjfx\cache\21.0.2+5\amd64\glass.dll
0x00007ffbb3370000 - 0x00007ffbb345f000 	C:\WINDOWS\System32\COMDLG32.dll
0x00007ffbb1370000 - 0x00007ffbb14cc000 	C:\WINDOWS\System32\MSCTF.dll
0x00007ffb81e70000 - 0x00007ffb81fb7000 	C:\WINDOWS\system32\nvspcap64.dll
0x00007ffbaee80000 - 0x00007ffbaeeb6000 	C:\WINDOWS\SYSTEM32\ntmarta.dll
0x00007ffbaf340000 - 0x00007ffbaf370000 	C:\WINDOWS\SYSTEM32\gpapi.dll
0x00007ffb3e8d0000 - 0x00007ffb3eff5000 	C:\WINDOWS\System32\DriverStore\FileRepository\nvami.inf_amd64_88ddf34dcee55c5c\nvppex.dll
0x00007ffb95ca0000 - 0x00007ffb95cb4000 	C:\Users\HB\.openjfx\cache\21.0.2+5\amd64\javafx_font.dll
0x00007ffbaf380000 - 0x00007ffbaf3b3000 	C:\WINDOWS\SYSTEM32\USERENV.dll
0x00007ffbae6b0000 - 0x00007ffbae6e2000 	C:\WINDOWS\SYSTEM32\IPHLPAPI.DLL
0x00007ffbb2a20000 - 0x00007ffbb2a2a000 	C:\WINDOWS\System32\NSI.dll

JVMTI agents:
C:\Program Files\JetBrains\IntelliJ IDEA 2025.2.4\lib\idea_rt.jar path:C:\Users\HB\.jdks\openjdk-26\bin\instrument.dll, loaded, initialized, instrumentlib options:61185

dbghelp: loaded successfully - version: 4.0.5 - missing functions: none
symbol engine: initialized successfully - sym options: 0x614 - pdb path: .;C:\Users\HB\.jdks\openjdk-26\bin;C:\WINDOWS\SYSTEM32;C:\WINDOWS\WinSxS\amd64_microsoft.windows.common-controls_6595b64144ccf1df_6.0.26100.8115_none_3e075c82e3354f9c;C:\Users\HB\.jdks\openjdk-26\bin\server;C:\Users\HB\.openjfx\cache\21.0.2+5\amd64;C:\WINDOWS\System32\DriverStore\FileRepository\nvami.inf_amd64_88ddf34dcee55c5c;C:\Program Files\Common Files\Microsoft Shared\Ink

VM Arguments:
jvm_args: -javaagent:C:\Program Files\JetBrains\IntelliJ IDEA 2025.2.4\lib\idea_rt.jar=61185 -Dfile.encoding=UTF-8 -Dsun.stdout.encoding=UTF-8 -Dsun.stderr.encoding=UTF-8 
java_command: org.example.Launcher
java_class_path (initial): C:\Users\HB\Desktop\crud pi\target\classes;C:\Users\HB\.m2\repository\com\mysql\mysql-connector-j\9.0.0\mysql-connector-j-9.0.0.jar;C:\Users\HB\.m2\repository\com\google\protobuf\protobuf-java\4.26.1\protobuf-java-4.26.1.jar;C:\Users\HB\.m2\repository\org\openjfx\javafx-controls\21.0.2\javafx-controls-21.0.2.jar;C:\Users\HB\.m2\repository\org\openjfx\javafx-controls\21.0.2\javafx-controls-21.0.2-win.jar;C:\Users\HB\.m2\repository\org\openjfx\javafx-graphics\21.0.2\javafx-graphics-21.0.2.jar;C:\Users\HB\.m2\repository\org\openjfx\javafx-graphics\21.0.2\javafx-graphics-21.0.2-win.jar;C:\Users\HB\.m2\repository\org\openjfx\javafx-base\21.0.2\javafx-base-21.0.2.jar;C:\Users\HB\.m2\repository\org\openjfx\javafx-base\21.0.2\javafx-base-21.0.2-win.jar;C:\Users\HB\.m2\repository\org\openjfx\javafx-fxml\21.0.2\javafx-fxml-21.0.2.jar;C:\Users\HB\.m2\repository\org\openjfx\javafx-fxml\21.0.2\javafx-fxml-21.0.2-win.jar;C:\Users\HB\.m2\repository\org\openjfx\javafx-web\21.0.2\javafx-web-21.0.2.jar;C:\Users\HB\.m2\repository\org\openjfx\javafx-web\21.0.2\javafx-web-21.0.2-win.jar;C:\Users\HB\.m2\repository\org\openjfx\javafx-media\21.0.2\javafx-media-21.0.2.jar;C:\Users\HB\.m2\repository\org\openjfx\javafx-media\21.0.2\javafx-media-21.0.2-win.jar;C:\Users\HB\.m2\repository\org\json\json\20240303\json-20240303.jar
Launcher Type: SUN_STANDARD

[Global flags]
     bool AOTAdapterCaching                        = false                                  {diagnostic} {ergonomic}
     bool AOTInvokeDynamicLinking                  = false                                  {diagnostic} {ergonomic}
     bool AOTRecordTraining                        = false                                  {diagnostic} {ergonomic}
     bool AOTReplayTraining                        = false                                  {diagnostic} {ergonomic}
     bool AOTStubCaching                           = false                                  {diagnostic} {ergonomic}
     intx CICompilerCount                          = 12                                        {product} {ergonomic}
     uint ConcGCThreads                            = 3                                         {product} {ergonomic}
     uint G1ConcRefinementThreads                  = 13                                        {product} {ergonomic}
     uint G1EagerReclaimRemSetThreshold            = 32                                   {experimental} {ergonomic}
   size_t G1HeapRegionSize                         = 4194304                                   {product} {ergonomic}
     uint G1RemSetArrayOfCardsEntries              = 32                                   {experimental} {ergonomic}
     uint G1RemSetHowlMaxNumBuckets                = 8                                    {experimental} {ergonomic}
     uint G1RemSetHowlNumBuckets                   = 8                                    {experimental} {ergonomic}
   size_t InitialHeapSize                          = 8388608                                   {product} {ergonomic}
     bool IntelJccErratumMitigation                = false                             {ARCH diagnostic} {ergonomic}
   size_t MarkStackSize                            = 4194304                                   {product} {ergonomic}
   size_t MarkStackSizeMax                         = 536870912                                 {product} {ergonomic}
   size_t MaxHeapSize                              = 6241124352                                {product} {ergonomic}
   size_t MaxNewSize                               = 3741319168                                {product} {ergonomic}
 uint64_t MaxRAM                                   = 24961396736                               {product} {ergonomic}
   size_t MinHeapDeltaBytes                        = 4194304                                   {product} {ergonomic}
   size_t MinHeapSize                              = 8388608                                   {product} {ergonomic}
   size_t NonNMethodCodeHeapSize                   = 7602176                                {pd product} {ergonomic}
   size_t NonProfiledCodeHeapSize                  = 122093568                              {pd product} {ergonomic}
   size_t ProfiledCodeHeapSize                     = 121962496                              {pd product} {ergonomic}
   size_t ReservedCodeCacheSize                    = 251658240                              {pd product} {ergonomic}
     bool SegmentedCodeCache                       = true                                      {product} {ergonomic}
   size_t SoftMaxHeapSize                          = 6241124352                             {manageable} {ergonomic}
     bool UseCompressedOops                        = true                           {product lp64_product} {ergonomic}
     bool UseCondCardMark                          = true                                      {product} {ergonomic}
     bool UseFastUnorderedTimeStamps               = true                                 {experimental} {ergonomic}
     bool UseG1GC                                  = true                                      {product} {ergonomic}
     bool UseLargePagesIndividualAllocation        = false                                  {pd product} {ergonomic}
      int X86ICacheSync                            = 3                                 {ARCH diagnostic} {ergonomic}

Logging:
Log output configuration:
 #0: stdout all=warning uptime,level,tags foldmultilines=false
 #1: stderr all=off uptime,level,tags foldmultilines=false

Release file:
IMPLEMENTOR="Oracle Corporation" 
JAVA_RUNTIME_VERSION="26+35-2893" 
JAVA_VERSION="26" 
JAVA_VERSION_DATE="2026-03-17" 
LIBC="default" 
MODULES="java.base java.compiler java.datatransfer java.xml java.prefs java.desktop java.instrument java.logging java.management java.security.sasl java.naming java.rmi java.management.rmi java.net.http java.scripting java.security.jgss java.transaction.xa java.sql java.sql.rowset java.xml.crypto java.se java.smartcardio jdk.accessibility jdk.internal.jvmstat jdk.attach jdk.charsets jdk.internal.opt jdk.zipfs jdk.compiler jdk.crypto.cryptoki jdk.crypto.ec jdk.crypto.mscapi jdk.dynalink jdk.internal.ed jdk.editpad jdk.internal.vm.ci jdk.graal.compiler jdk.graal.compiler.management jdk.hotspot.agent jdk.httpserver jdk.incubator.vector jdk.internal.le jdk.internal.md jdk.jartool jdk.javadoc jdk.jcmd jdk.management jdk.management.agent jdk.jconsole jdk.jdeps jdk.jdwp.agent jdk.jdi jdk.jfr jdk.jlink jdk.jpackage jdk.jshell jdk.jstatd jdk.localedata jdk.management.jfr jdk.naming.dns jdk.naming.rmi jdk.net jdk.nio.mapmode jdk.sctp jdk.security.auth jdk.security.jgss jdk.unsupported jdk.unsupported.desktop jdk.xml.dom" 
OS_ARCH="x86_64" 
OS_NAME="Windows" 
SOURCE=".:git:4408cd2a07a1" 

Environment Variables:
PATH=C:\php84;C:\php84;C:\Program Files\Common Files\Oracle\Java\javapath;C:\Program Files (x86)\VMware\VMware Workstation\bin\;C:\Program Files\Eclipse Adoptium\jdk-25.0.0.36-hotspot\bin;C:\Windows\system32;C:\Windows;C:\Windows\System32\Wbem;C:\Windows\System32\WindowsPowerShell\v1.0\;C:\Windows\System32\OpenSSH\;C:\Program Files (x86)\NVIDIA Corporation\PhysX\Common;C:\WINDOWS\system32;C:\WINDOWS;C:\WINDOWS\System32\Wbem;C:\WINDOWS\System32\WindowsPowerShell\v1.0\;C:\WINDOWS\System32\OpenSSH\;C:\Program Files\dotnet\;C:\Program Files\NVIDIA Corporation\NVIDIA App\NvDLISR;C:\MinGW\bin;C:\xampp\php;C:\ProgramData\ComposerSetup\bin;C:\Program Files\nodejs\;C:\Program Files\Git\cmd;C:\Program Files\Docker\Docker\resources\bin;C:\Program Files\MySQL\MySQL Shell 8.0\bin\;C:\php-8.5.3;C:\php84;C:\Users\HB\AppData\Local\Programs\PHP\current;C:\Users\HB\scoop\shims;C:\Users\HB\AppData\Local\Programs\Python\Launcher\;C:\Users\HB\AppData\Local\Microsoft\WindowsApps;C:\Users\HB\AppData\Local\Programs\Microsoft VS Code\bin;C:\Users\HB\.dotnet\tools;C:\Users\HB\AppData\Local\GitHubDesktop\bin;C:\Users\HB\AppData\Roaming\Composer\vendor\bin;C:\Users\HB\AppData\Local\Python\bin;C:\Users\HB\AppData\Local\Programs\Antigravity\bin;C:\Users\HB\AppData\Roaming\npm;C:\Users\HB\AppData\Local\Programs\Kiro\bin
USERNAME=HB
OS=Windows_NT
PROCESSOR_IDENTIFIER=AMD64 Family 25 Model 68 Stepping 1, AuthenticAMD
TMP=C:\Users\HB\AppData\Local\Temp
TEMP=C:\Users\HB\AppData\Local\Temp




Compilation memory statistics disabled.

Periodic native trim disabled

---------------  S Y S T E M  ---------------

OS:
 Windows 11 , 64 bit Build 26100 (10.0.26100.8246)
OS uptime: 2 days 0:17 hours
Hyper-V role detected

CPU: total 16 (initial active 16) (8 cores per cpu, 2 threads per core) family 25 model 68 stepping 1 microcode 0xa404101, cx8, cmov, fxsr, ht, mmx, 3dnowpref, sse, sse2, sse3, ssse3, sse4a, sse4.1, sse4.2, popcnt, lzcnt, tsc, tscinvbit, avx, avx2, aes, clmul, bmi1, bmi2, adx, sha, fma, vzeroupper, clflush, clflushopt, clwb, hv, rdtscp, rdpid, f16c, cet_ss
Processor Information for the first 16 processors :
  Max Mhz: 3201, Current Mhz: 3201, Mhz Limit: 3201

Memory: 4k page, system-wide physical 23805M (10226M free)
TotalPageFile size 28925M (AvailPageFile size 11625M)
current process WorkingSet (physical memory assigned to process): 263M, peak: 274M
current process commit charge ("private bytes"): 351M, peak: 383M

vm_info: OpenJDK 64-Bit Server VM (26+35-2893) for windows-amd64 JRE (26+35-2893), built on 2026-02-12T17:04:02Z with MS VC++ 17.13 (VS2022)

END.
