#
# A fatal error has been detected by the Java Runtime Environment:
#
#  EXCEPTION_ACCESS_VIOLATION (0xc0000005) at pc=0x00007ffad213180e, pid=23292, tid=29852
#
# JRE version: OpenJDK Runtime Environment (26.0+35) (build 26+35-2893)
# Java VM: OpenJDK 64-Bit Server VM (26+35-2893, mixed mode, sharing, tiered, compressed oops, compressed class ptrs, g1 gc, windows-amd64)
# Problematic frame:
# V  [jvm.dll+0x51180e]
#
# No core dump will be written. Minidumps are not enabled by default on client versions of Windows
#
# If you would like to submit a bug report, please visit:
#   https://bugreport.java.com/bugreport/crash.jsp
#

---------------  S U M M A R Y ------------

Command Line: -javaagent:C:\Program Files\JetBrains\IntelliJ IDEA 2025.2.4\lib\idea_rt.jar=61146 -Dfile.encoding=UTF-8 -Dsun.stdout.encoding=UTF-8 -Dsun.stderr.encoding=UTF-8 org.example.Launcher

Host: AMD Ryzen 7 6800H with Radeon Graphics         , 16 cores, 23G,  Windows 11 , 64 bit Build 26100 (10.0.26100.8246)
Time: Sat Apr 25 15:05:09 2026 Central Europe Daylight Time elapsed time: 4.132607 seconds (0d 0h 0m 4s)

---------------  T H R E A D  ---------------

Current thread (0x00000244491fb570):  JavaThread "JavaFX Application Thread"        [_thread_in_vm, id=29852, stack(0x0000008047a00000,0x0000008047b00000) (1024K)]

Stack: [0x0000008047a00000,0x0000008047b00000],  sp=0x0000008047afd050,  free space=1012k
Native frames: (J=compiled Java code, j=interpreted, Vv=VM code, C=native code)
V  [jvm.dll+0x51180e]  (no source info available)
V  [jvm.dll+0x50e9a4]  (no source info available)
C  0x00007ffab3d4b1e5  (no source info available)
C  0x00007ffab319c0dd  (no source info available)
C  0x00007ffab2ab0f80  (no source info available)
C  0x00000244307ad4f3  (no source info available)

The last pc belongs to native method entry point (kind = native) (printed below).
Java frames: (J=compiled Java code, j=interpreted, Vv=VM code)
j  com.sun.webkit.WebPage.twkExecuteScript(JLjava/lang/String;)Ljava/lang/Object;+0
j  com.sun.webkit.WebPage.executeScript(JLjava/lang/String;)Ljava/lang/Object;+78
j  javafx.scene.web.WebEngine.executeScript(Ljava/lang/String;)Ljava/lang/Object;+19
j  org.example.controller.ManzelController.lambda$showFormView$0(Ljavafx/scene/web/WebEngine;Ljavafx/beans/value/ObservableValue;Ljavafx/concurrent/Worker$State;Ljavafx/concurrent/Worker$State;)V+11
j  org.example.controller.ManzelController$$Lambda+0x00000000133ed740.changed(Ljavafx/beans/value/ObservableValue;Ljava/lang/Object;Ljava/lang/Object;)V+13
J 5433 c1 com.sun.javafx.binding.ExpressionHelper$SingleChange.fireValueChangedEvent()V (96 bytes) @ 0x0000024429bbf17c [0x0000024429bbed80+0x00000000000003fc]
J 3518 c1 javafx.beans.property.ReadOnlyObjectWrapper.fireValueChangedEvent()V (19 bytes) @ 0x0000024429878dbc [0x0000024429878a00+0x00000000000003bc]
J 2593 c1 javafx.beans.property.ObjectPropertyBase.set(Ljava/lang/Object;)V (76 bytes) @ 0x00000244297382dc [0x0000024429737d00+0x00000000000005dc]
j  javafx.scene.web.WebEngine$LoadWorker.updateState(Ljavafx/concurrent/Worker$State;)V+8
j  javafx.scene.web.WebEngine$LoadWorker.dispatchLoadEvent(JILjava/lang/String;Ljava/lang/String;DI)V+270
j  javafx.scene.web.WebEngine$PageLoadListener.dispatchLoadEvent(JILjava/lang/String;Ljava/lang/String;DI)V+32
j  com.sun.webkit.WebPage.fireLoadEvent(JILjava/lang/String;Ljava/lang/String;DI)V+53
j  com.sun.webkit.WebPage.fwkFireLoadEvent(JILjava/lang/String;Ljava/lang/String;DI)V+32
v  ~StubRoutines::Stub Generator call_stub_stub 0x00000244307a18e2
j  com.sun.webkit.network.URLLoaderBase.twkDidFinishLoading(J)V+0
j  com.sun.webkit.network.HTTP2Loader.notifyDidFinishLoading()V+48
j  com.sun.webkit.network.HTTP2Loader$$Lambda+0x0000000013427be8.run()V+4
j  com.sun.webkit.network.HTTP2Loader.lambda$callBackIfNotCanceled$10(Ljava/lang/Runnable;)V+8
j  com.sun.webkit.network.HTTP2Loader$$Lambda+0x0000000013426e38.run()V+8
j  com.sun.javafx.application.PlatformImpl.lambda$runLater$10(Ljava/lang/Runnable;)Ljava/lang/Void;+1
j  com.sun.javafx.application.PlatformImpl$$Lambda+0x0000000013085510.run()Ljava/lang/Object;+4
J 5200 c1 java.security.AccessController.doPrivileged(Ljava/security/PrivilegedAction;Ljava/security/AccessControlContext;)Ljava/lang/Object; java.base@26 (9 bytes) @ 0x0000024429b6cd64 [0x0000024429b6cc80+0x00000000000000e4]
j  com.sun.javafx.application.PlatformImpl.lambda$runLater$11(Ljava/lang/Runnable;Ljava/security/AccessControlContext;)V+7
j  com.sun.javafx.application.PlatformImpl$$Lambda+0x0000000013084c50.run()V+8
J 6355 c1 com.sun.glass.ui.InvokeLaterDispatcher$Future.run()V (91 bytes) @ 0x0000024429d2c414 [0x0000024429d2c300+0x0000000000000114]
v  ~StubRoutines::Stub Generator call_stub_stub 0x00000244307a18e2
j  com.sun.glass.ui.win.WinApplication._runLoop(Ljava/lang/Runnable;)V+0
j  com.sun.glass.ui.win.WinApplication.lambda$runLoop$3(ILjava/lang/Runnable;)V+8
j  com.sun.glass.ui.win.WinApplication$$Lambda+0x000000001306d358.run()V+12
j  java.lang.Thread.runWith(Ljava/lang/Object;Ljava/lang/Runnable;)V+5 java.base@26
j  java.lang.Thread.run()V+19 java.base@26
v  ~StubRoutines::Stub Generator call_stub_stub 0x00000244307a18e2

siginfo: EXCEPTION_ACCESS_VIOLATION (0xc0000005), reading address 0x0000000000000000


Registers:
RAX=0x0000000000000000, RBX=0x0000000000000005, RCX=0x00000000690bffff, RDX=0x00007ffaa270c956
RSP=0x0000008047afd050, RBP=0x0000000000000000, RSI=0x0000000000000000, RDI=0x00000000124d3aa0
R8 =0x0000000000000000, R9 =0x0000000000000000, R10=0x00007ffad212e8e0, R11=0x0000008047afd208
R12=0x00007ffab4be8eb8, R13=0x00000244491fb570, R14=0x00000000124dae00, R15=0x00007ffab4be775c
RIP=0x00007ffad213180e, EFLAGS=0x0000000000010293

XMM[0]=0x0000000000000000 0x0000000000000000
XMM[1]=0x0000000000000000 0x0000008047afc9a8
XMM[2]=0x0000000000000000 0x00000244294ab608
XMM[3]=0x0000008047afcbd0 0x0000000000000000
XMM[4]=0x000e178101b4d89f 0x34e63b4167e12cdf
XMM[5]=0x4c295a3b676e6972 0x74532f676e616c2f
XMM[6]=0x0000000000000000 0x0000000000000000
XMM[7]=0x0000000000000000 0x0000000000000000
XMM[8]=0x0000000000000000 0x0000000000000000
XMM[9]=0x0000000000000000 0x0000000000000000
XMM[10]=0x0000000000000000 0x0000000000000000
XMM[11]=0x0000000000000000 0x0000000000000000
XMM[12]=0x0000000000000000 0x0000000000000000
XMM[13]=0x0000000000000000 0x0000000000000000
XMM[14]=0x0000000000000000 0x0000000000000000
XMM[15]=0x0000000000000000 0x0000000000000000
  MXCSR=0x00001faf


Register to memory mapping:

RAX=0x0 is null
RBX=0x0000000000000005 is an unknown value
RCX=0x00000000690bffff is an unknown value
RDX=0x00007ffaa270c956 is an unknown value
RSP=0x0000008047afd050 is pointing into the stack for thread: 0x00000244491fb570
RBP=0x0 is null
RSI=0x0 is null
RDI=0x00000000124d3aa0 is pointing into metadata
R8 =0x0 is null
R9 =0x0 is null
R10=0x00007ffad212e8e0 jvm.dll
R11=0x0000008047afd208 is pointing into the stack for thread: 0x00000244491fb570
R12=0x00007ffab4be8eb8 points into unknown readable memory: 0x00003e74696e693c | 3c 69 6e 69 74 3e 00 00
R13=0x00000244491fb570 is a thread
R14=0x00000000124dae00 is pointing into metadata
R15=0x00007ffab4be775c points into unknown readable memory: 28 4a 49 29

Top of Stack: (sp=0x0000008047afd050)
0x0000008047afd050:   0000000000000005 0000000000000000   ................
0x0000008047afd060:   00000000124d3aa0 00000244491e3c90   .:M......<.ID...
0x0000008047afd070:   0000024444d138a0 0000024444d138e0   .8.DD....8.DD...
0x0000008047afd080:   0000024444d13900 00000000000000d8   .9.DD...........
0x0000008047afd090:   0000008047afdc80 00000244491fb570   ...G....p..ID...
0x0000008047afd0a0:   0000000000000000 025666f46c5e0272   ........r.^l.fV.
0x0000008047afd0b0:   0000000000000000 0000000000000000   ................
0x0000008047afd0c0:   00000244491fb500 000002444484dcd0   ...ID......DD...
0x0000008047afd0d0:   00000244491fb570 00000244491fb9a0   p..ID......ID...
0x0000008047afd0e0:   00000244491fb570 000000000000001b   p..ID...........
0x0000008047afd0f0:   0000024456aeb778 0000000000000018   x..VD...........
0x0000008047afd100:   0000024444d138d8 00007ffad1fce54f   .8.DD...O.......
0x0000008047afd110:   0000024456aeb778 0000024444d13800   x..VD....8.DD...
0x0000008047afd120:   00000244491e31d0 00000244444040b0   .1.ID....@@DD...
0x0000008047afd130:   0000000000000000 0000000000000000   ................
0x0000008047afd140:   0000000000000000 0000000000000000   ................
0x0000008047afd150:   0000000000000000 0000000000000000   ................
0x0000008047afd160:   0000024454d835e8 0000024456aeb778   .5.TD...x..VD...
0x0000008047afd170:   0000000000000018 00000244491fb570   ........p..ID...
0x0000008047afd180:   0000024454d835e8 000002445494c670   .5.TD...p..TD...
0x0000008047afd190:   0000000000000000 00007ffbb04d88c0   ..........M.....
0x0000008047afd1a0:   0000008047afd2f0 00007ffbb03b489e   ...G.....H;.....
0x0000008047afd1b0:   0000008047afd230 0000008047afd230   0..G....0..G....
0x0000008047afd1c0:   000002e27d2082fe 0000008047afd230   .. }....0..G....
0x0000008047afd1d0:   0000024454d835e8 0000000000000000   .5.TD...........
0x0000008047afd1e0:   00007ffab4c9f388 0000000000000018   ................
0x0000008047afd1f0:   00000244491fb9a0 00007ffab4be775c   ...ID...\w......
0x0000008047afd200:   00007ffab4be8eb8 00007ffad212e9a4   ................
0x0000008047afd210:   00000244491fb570 00007ffab4a3e10d   p..ID...........
0x0000008047afd220:   0000024454d835e8 000002445494c670   .5.TD...p..TD...
0x0000008047afd230:   0000000000000000 00000244491fb570   ........p..ID...
0x0000008047afd240:   00000244491fb570 0000024444d138d0   p..ID....8.DD...

Instructions: (pc=0x00007ffad213180e)
  0x00007ffad213170e:   41 57 48 81 ec 80 01 00 00 48 8b 05 22 91 85 00
  0x00007ffad213171e:   48 33 c4 48 89 84 24 70 01 00 00 0f b6 ac 24 e0
  0x00007ffad213172e:   01 00 00 4d 8b f9 4c 8b ac 24 e8 01 00 00 4d 8b
  0x00007ffad213173e:   e0 40 88 6c 24 30 48 8b f2 4d 85 c0 75 0e 48 8b
  0x00007ffad213174e:   0d 8d c6 8d 00 e8 98 be 3f 00 eb 03 49 8b c4 48
  0x00007ffad213175e:   c7 c3 ff ff ff ff 48 8b d3 48 ff c2 80 3c 10 00
  0x00007ffad213176e:   75 f7 4c 8d 44 24 58 48 8b c8 e8 33 fb 3f 00 48
  0x00007ffad213177e:   8b f8 48 85 c0 74 10 8b 08 66 83 f9 01 75 08 48
  0x00007ffad213178e:   8b c8 e8 0b ce 3f 00 48 ff c3 41 80 3c 1f 00 75
  0x00007ffad213179e:   f6 4c 8d 44 24 5c 8b d3 49 8b cf e8 02 fb 3f 00
  0x00007ffad21317ae:   4c 8b f0 48 85 c0 74 10 8b 08 66 83 f9 01 75 08
  0x00007ffad21317be:   48 8b c8 e8 da cd 3f 00 48 85 ff 0f 84 9d 02 00
  0x00007ffad21317ce:   00 4d 85 f6 0f 84 94 02 00 00 48 8b c6 83 e0 03
  0x00007ffad21317de:   48 83 f8 01 75 12 48 8b 05 ed 3c 83 00 48 8d 4e
  0x00007ffad21317ee:   ff ff d0 48 8b d8 eb 1b 48 83 f8 02 75 12 48 8b
  0x00007ffad21317fe:   05 1d 98 82 00 48 8d 4e fe ff d0 48 8b d8 eb 03
=>0x00007ffad213180e:   48 8b 1e 8b 15 61 c3 89 00 48 8b cb e8 f1 f9 2a
  0x00007ffad213181e:   00 8b 15 53 c3 89 00 48 8b cb 48 8b f0 e8 e0 f9
  0x00007ffad213182e:   2a 00 48 8b ce 48 85 c0 0f 85 c6 00 00 00 49 8b
  0x00007ffad213183e:   9d 90 03 00 00 48 8b 43 18 48 8b 6b 20 48 89 44
  0x00007ffad213184e:   24 38 48 8b 43 28 48 89 44 24 48 48 8b 43 08 48
  0x00007ffad213185e:   89 44 24 40 48 8b 06 ff 90 10 01 00 00 80 7c 24
  0x00007ffad213186e:   30 00 4c 8d 05 f9 97 52 00 4c 8b c8 4c 89 7c 24
  0x00007ffad213187e:   28 48 8d 05 c2 9b 52 00 4c 89 64 24 20 4c 0f 45
  0x00007ffad213188e:   c0 48 8d 15 9a 16 64 00 48 8d 4c 24 60 e8 70 2e
  0x00007ffad213189e:   be ff 4c 8b 0d 79 be 8d 00 48 8d 15 e2 15 64 00
  0x00007ffad21318ae:   49 8b cd 4c 8b 00 4c 89 44 24 20 41 b8 38 04 00
  0x00007ffad21318be:   00 e8 fc c7 e9 ff 48 8b 74 24 38 48 83 3e 00 74
  0x00007ffad21318ce:   15 48 8b 54 24 40 48 8b cb e8 e4 c2 c0 ff 48 8b
  0x00007ffad21318de:   ce e8 bc c2 c0 ff 48 39 6b 20 74 2b 48 8b 44 24
  0x00007ffad21318ee:   48 48 89 43 28 48 89 73 18 48 89 6b 20 33 db e9
  0x00007ffad21318fe:   92 01 00 00 48 8b 06 49 8b d5 ff 90 b0 00 00 00


Stack slot to memory mapping:

stack at sp + 0 slots: 0x0000000000000005 is an unknown value
stack at sp + 1 slots: 0x0 is null
stack at sp + 2 slots: 0x00000000124d3aa0 is pointing into metadata
stack at sp + 3 slots: 0x00000244491e3c90 points into unknown readable memory: 0x0000000000000a02 | 02 0a 00 00 00 00 00 00
stack at sp + 4 slots: 0x0000024444d138a0 points into unknown readable memory: 0x0000000000000000 | 00 00 00 00 00 00 00 00
stack at sp + 5 slots: 0x0000024444d138e0 points into unknown readable memory: 0x000000068e851360 | 60 13 85 8e 06 00 00 00
stack at sp + 6 slots: 0x0000024444d13900 points into unknown readable memory: 0x000000068e923658 | 58 36 92 8e 06 00 00 00
stack at sp + 7 slots: 0x00000000000000d8 is an unknown value

Lock stack of current Java thread (top to bottom):

native method entry point (kind = native)  [0x00000244307ad120, 0x00000244307adc10]  2800 bytes

Loading hsdis library failed, undisassembled code is shown in MachCode section
[MachCode]
  0x00000244307ad120: 488b 4b08 | 0fb7 492e | 584c 8d74 | ccf8 6800 | 0000 0068 | 0000 0000 | 5055 488b | ec41 5548 
  0x00000244307ad140: 8b43 084c | 8d68 3848 | 8b40 0868 | 0000 0000 | 5348 8b50 | 1848 8b52 | 7048 8b12 | 5248 8b53 
  0x00000244307ad160: 1048 85d2 | 7407 4881 | c2d0 0000 | 0052 488b | 5010 5249 | 8bc6 482b | c548 c1e8 | 0350 6800 
  0x00000244307ad180: 0000 0068 | f7ff ffff | 41c6 87ca | 0400 0001 | 488b 4310 | 4885 c074 | 208b 8890 | 0000 0083 
  0x00000244307ad1a0: c102 8988 | 9000 0000 | 2388 a400 | 0000 0f84 | ad09 0000 | e9cf 0000 | 0048 8b43 | 1848 85c0 
  0x00000244307ad1c0: 0f85 b000 | 0000 e805 | 0000 00e9 | 9900 0000 | 488b d348 | 8d44 2408 | 4c89 6dc0 | 498b cfc5 
  0x00000244307ad1e0: f877 4989 | af20 0400 | 0049 8987 | 1004 0000 | 4883 ec20 | 40f6 c40f | 0f84 1900 | 0000 4883 
  0x00000244307ad200: ec08 48b8 | 5073 0ad2 | fa7f 0000 | ffd0 4883 | c408 e90c | 0000 0048 | b850 730a | d2fa 7f00 
  0x00000244307ad220: 00ff d048 | 83c4 2049 | c787 1004 | 0000 0000 | 0000 49c7 | 8720 0400 | 0000 0000 | 0049 c787 
  0x00000244307ad240: 1804 0000 | 0000 0000 | c5f8 7749 | 837f 0800 | 0f84 0500 | 0000 e985 | 45ff ff4c | 8b6d c04c 
  0x00000244307ad260: 8b75 c84e | 8d74 f500 | c348 8b43 | 1848 85c0 | 0f84 1200 | 0000 8b48 | 0883 c102 | 8948 0823 
  0x00000244307ad280: 482c 0f84 | d908 0000 | 493b a750 | 0500 000f | 8748 0000 | 0089 8424 | 00f0 ffff | 8984 2400 
  0x00000244307ad2a0: e0ff ff89 | 8424 00d0 | ffff 8984 | 2400 c0ff | ff89 8424 | 00b0 ffff | 8984 2400 | a0ff ff89 
  0x00000244307ad2c0: 8424 0090 | ffff 8984 | 2400 80ff | ff49 3ba7 | 4805 0000 | 7607 4989 | a750 0500 | 0041 c687 
  0x00000244307ad2e0: ca04 0000 | 0048 8b5d | e84c 8b5b | 0845 0fb7 | 5b2e 41c1 | e303 492b | e348 83ec | 2048 83e4 
  0x00000244307ad300: f04c 8b5b | 604d 85db | 0f85 ab00 | 0000 e805 | 0000 00e9 | 9900 0000 | 488b d348 | 8d44 2408 
  0x00000244307ad320: 4c89 6dc0 | 498b cfc5 | f877 4989 | af20 0400 | 0049 8987 | 1004 0000 | 4883 ec20 | 40f6 c40f 
  0x00000244307ad340: 0f84 1900 | 0000 4883 | ec08 48b8 | 109d 0ad2 | fa7f 0000 | ffd0 4883 | c408 e90c | 0000 0048 
  0x00000244307ad360: b810 9d0a | d2fa 7f00 | 00ff d048 | 83c4 2049 | c787 1004 | 0000 0000 | 0000 49c7 | 8720 0400 
  0x00000244307ad380: 0000 0000 | 0049 c787 | 1804 0000 | 0000 0000 | c5f8 7749 | 837f 0800 | 0f84 0500 | 0000 e93d 
  0x00000244307ad3a0: 44ff ff4c | 8b6d c04c | 8b75 c84e | 8d74 f500 | c348 8b5d | e84c 8b5b | 6041 ffd3 | 488b 5de8 
  0x00000244307ad3c0: 4889 4518 | 440f b75b | 2c41 f6c3 | 080f 841b | 0000 004c | 8b5b 084d | 8b5b 084d | 8b5b 184d 
  0x00000244307ad3e0: 8b5b 704d | 8b1b 4c89 | 5d10 488d | 5510 488b | 4358 49ba | b04e 47d2 | fa7f 0000 | 493b c20f 
  0x00000244307ad400: 85ab 0000 | 00e8 0500 | 0000 e999 | 0000 0048 | 8bd3 488d | 4424 084c | 896d c049 | 8bcf c5f8 
  0x00000244307ad420: 7749 89af | 2004 0000 | 4989 8710 | 0400 0048 | 83ec 2040 | f6c4 0f0f | 8419 0000 | 0048 83ec 
  0x00000244307ad440: 0848 b810 | 9d0a d2fa | 7f00 00ff | d048 83c4 | 08e9 0c00 | 0000 48b8 | 109d 0ad2 | fa7f 0000 
  0x00000244307ad460: ffd0 4883 | c420 49c7 | 8710 0400 | 0000 0000 | 0049 c787 | 2004 0000 | 0000 0000 | 49c7 8718 
  0x00000244307ad480: 0400 0000 | 0000 00c5 | f877 4983 | 7f08 000f | 8405 0000 | 00e9 4643 | ffff 4c8b | 6dc0 4c8b 
  0x00000244307ad4a0: 75c8 4e8d | 74f5 00c3 | 488b 5de8 | 488b 4358 | 498d 8f30 | 0400 004c | 8d15 d500 | 0000 4d89 
  0x00000244307ad4c0: 9718 0400 | 00c5 f877 | 4989 af20 | 0400 0049 | 89a7 1004 | 0000 41c7 | 87ac 0400 | 0004 0000 
  0x00000244307ad4e0: 0049 3ba7 | a805 0000 | 7607 4989 | a7a8 0500 | 00ff d049 | 3ba7 a805 | 0000 720b | 49c7 87a8 
  0x00000244307ad500: 0500 0000 | 0000 00c5 | f877 4883 | ec10 c5fb | 1104 2448 | 83ec 1048 | 8904 2448 | c744 2408 
  0x00000244307ad520: 0000 0000 | 41c7 87ac | 0400 0005 | 0000 00f0 | 8344 24c0 | 0049 3b6f | 280f 870e | 0000 0041 
  0x00000244307ad540: 83bf a804 | 0000 000f | 8420 0000 | 0049 8bcf | 4c8b e448 | 83ec 2048 | 83e4 f048 | b860 050c 
  0x00000244307ad560: d2fa 7f00 | 00ff d049 | 8be4 4d33 | e441 c787 | ac04 0000 | 0800 0000 | 4d8b 97c0 | 0500 0049 
  0x00000244307ad580: 83fa 0074 | 3549 c787 | c005 0000 | 0000 0000 | 41ff e249 | ba60 c17a | 3044 0200 | 0041 ffd2 
  0x00000244307ad5a0: 4883 ec10 | c5fb 1104 | 2448 83ec | 1048 8904 | 2448 c744 | 2408 0000 | 0000 49c7 | 8710 0400 
  0x00000244307ad5c0: 0000 0000 | 0049 c787 | 2004 0000 | 0000 0000 | 49c7 8718 | 0400 0000 | 0000 00c5 | f877 4d8b 
  0x00000244307ad5e0: 9f90 0400 | 0041 c783 | 0001 0000 | 0000 0000 | 49bb 5aaa | 7a30 4402 | 0000 4c3b | 5d18 0f85 
  0x00000244307ad600: 5001 0000 | 488b 0424 | 4883 c410 | 4885 c00f | 842a 0100 | 00a8 030f | 8508 0000 | 0048 8b00 
  0x00000244307ad620: e91a 0100 | 00a8 010f | 8509 0000 | 0048 8b40 | fee9 0901 | 0000 488b | 40ff 4180 | 7f48 000f 
  0x00000244307ad640: 84fa 0000 | 0048 85c0 | 0f84 f100 | 0000 4d8b | 5f38 4d85 | db74 1449 | 83eb 084d | 895f 384d 
  0x00000244307ad660: 035f 4049 | 8903 e9d4 | 0000 0048 | 83ec 7048 | 8904 2448 | 894c 2408 | 4889 5424 | 104c 8944 
  0x00000244307ad680: 2418 4c89 | 4c24 204c | 8954 2428 | 4c89 5c24 | 30c5 fb11 | 4424 40c5 | fb11 4c24 | 48c5 fb11 
  0x00000244307ad6a0: 5424 50c5 | fb11 5c24 | 58c5 fb11 | 6424 60c5 | fb11 6c24 | 6849 8bd7 | 488b c848 | 83ec 2040 
  0x00000244307ad6c0: f6c4 0f0f | 8419 0000 | 0048 83ec | 0848 b890 | acfe d1fa | 7f00 00ff | d048 83c4 | 08e9 0c00 
  0x00000244307ad6e0: 0000 48b8 | 90ac fed1 | fa7f 0000 | ffd0 4883 | c420 c5fb | 106c 2468 | c5fb 1064 | 2460 c5fb 
  0x00000244307ad700: 105c 2458 | c5fb 1054 | 2450 c5fb | 104c 2448 | c5fb 1044 | 2440 4c8b | 5c24 304c | 8b54 2428 
  0x00000244307ad720: 4c8b 4c24 | 204c 8b44 | 2418 488b | 5424 1048 | 8b4c 2408 | 488b 0424 | 4883 c470 | c5f8 7748 
  0x00000244307ad740: 8945 1048 | 83ec 1048 | 8904 2448 | c744 2408 | 0000 0000 | 4183 bf30 | 0500 0002 | 0f85 bf00 
  0x00000244307ad760: 0000 4881 | ec80 0000 | 0048 8944 | 2478 4889 | 4c24 7048 | 8954 2468 | 4889 5c24 | 6048 896c 
  0x00000244307ad780: 2450 4889 | 7424 4848 | 897c 2440 | 4c89 4424 | 384c 894c | 2430 4c89 | 5424 284c | 895c 2420 
  0x00000244307ad7a0: 4c89 6424 | 184c 896c | 2410 4c89 | 7424 084c | 893c 244c | 8be4 4883 | ec20 4883 | e4f0 48b8 
  0x00000244307ad7c0: 3036 47d2 | fa7f 0000 | ffd0 498b | e44c 8b3c | 244c 8b74 | 2408 4c8b | 6c24 104c | 8b64 2418 
  0x00000244307ad7e0: 4c8b 5c24 | 204c 8b54 | 2428 4c8b | 4c24 304c | 8b44 2438 | 488b 7c24 | 4048 8b74 | 2448 488b 
  0x00000244307ad800: 6c24 5048 | 8b5c 2460 | 488b 5424 | 6848 8b4c | 2470 488b | 4424 7848 | 81c4 8000 | 0000 4d33 
  0x00000244307ad820: e448 8b5d | e84c 8b6b | 084d 8d6d | 3849 837f | 0800 0f84 | bb00 0000 | e805 0000 | 00e9 9600 
  0x00000244307ad840: 0000 488d | 4424 084c | 896d c049 | 8bcf c5f8 | 7749 89af | 2004 0000 | 4989 8710 | 0400 0048 
  0x00000244307ad860: 83ec 2040 | f6c4 0f0f | 8419 0000 | 0048 83ec | 0848 b840 | bb0a d2fa | 7f00 00ff | d048 83c4 
  0x00000244307ad880: 08e9 0c00 | 0000 48b8 | 40bb 0ad2 | fa7f 0000 | ffd0 4883 | c420 49c7 | 8710 0400 | 0000 0000 
  0x00000244307ad8a0: 0049 c787 | 2004 0000 | 0000 0000 | 49c7 8718 | 0400 0000 | 0000 00c5 | f877 4983 | 7f08 000f 
  0x00000244307ad8c0: 8405 0000 | 00e9 163f | ffff 4c8b | 6dc0 4c8b | 75c8 4e8d | 74f5 00c3 | 48b9 2872 | 72d2 fa7f 
  0x00000244307ad8e0: 0000 4883 | e4f0 48b8 | 40e4 33d2 | fa7f 0000 | ffd0 f444 | 0fb7 5b2c | 41f6 c320 | 0f84 7201 
  0x00000244307ad900: 0000 488d | 55a8 4c8b | 5a08 4d85 | db0f 85bb | 0000 00e8 | 0500 0000 | e996 0000 | 0048 8d44 
  0x00000244307ad920: 2408 4c89 | 6dc0 498b | cfc5 f877 | 4989 af20 | 0400 0049 | 8987 1004 | 0000 4883 | ec20 40f6 
  0x00000244307ad940: c40f 0f84 | 1900 0000 | 4883 ec08 | 48b8 70ba | 0ad2 fa7f | 0000 ffd0 | 4883 c408 | e90c 0000 
  0x00000244307ad960: 0048 b870 | ba0a d2fa | 7f00 00ff | d048 83c4 | 2049 c787 | 1004 0000 | 0000 0000 | 49c7 8720 
  0x00000244307ad980: 0400 0000 | 0000 0049 | c787 1804 | 0000 0000 | 0000 c5f8 | 7749 837f | 0800 0f84 | 0500 0000 
  0x00000244307ad9a0: e93b 3eff | ff4c 8b6d | c04c 8b75 | c84e 8d74 | f500 c348 | b928 7272 | d2fa 7f00 | 0048 83e4 
  0x00000244307ad9c0: f048 b840 | e433 d2fa | 7f00 00ff | d0f4 4c89 | 6dc0 4c8b | 4a08 48c7 | 4208 0000 | 0000 458b 
  0x00000244307ad9e0: 87c8 0600 | 004f 3b4c | 07f8 0f85 | 4200 0000 | 4183 afc8 | 0600 0008 | 4f3b 4c07 | f00f 842a 
  0x00000244307ada00: 0000 0049 | 8b01 a802 | 0f85 1200 | 0000 4c8b | c049 83c8 | 01f0 4d0f | b101 0f84 | 0d00 0000 
  0x00000244307ada20: 4183 87c8 | 0600 0008 | e905 0000 | 00e9 3e00 | 0000 4c89 | 4a08 488b | ca48 83ec | 2040 f6c4 
  0x00000244307ada40: 0f0f 8419 | 0000 0048 | 83ec 0848 | b8a0 8c0a | d2fa 7f00 | 00ff d048 | 83c4 08e9 | 0c00 0000 
  0x00000244307ada60: 48b8 a08c | 0ad2 fa7f | 0000 ffd0 | 4883 c420 | 4c8b 6dc0 | 41c6 877e | 0300 0001 | 493b 6f28 
  0x00000244307ada80: 0f87 0500 | 0000 e9ab | 0000 0048 | 83ec 10c5 | fb11 0424 | 4883 ec10 | 4889 0424 | 48c7 4424 
  0x00000244307adaa0: 0800 0000 | 00c5 f877 | 4989 af20 | 0400 0049 | baa5 da7a | 3044 0200 | 004d 8997 | 1804 0000 
  0x00000244307adac0: 4989 a710 | 0400 0049 | 8bcf 4883 | ec20 40f6 | c40f 0f84 | 1900 0000 | 4883 ec08 | 48b8 e072 
  0x00000244307adae0: 0ad2 fa7f | 0000 ffd0 | 4883 c408 | e90c 0000 | 0048 b8e0 | 720a d2fa | 7f00 00ff | d048 83c4 
  0x00000244307adb00: 2049 c787 | 1004 0000 | 0000 0000 | 49c7 8720 | 0400 0000 | 0000 0049 | c787 1804 | 0000 0000 
  0x00000244307adb20: 0000 c5f8 | 7748 8b04 | 2448 83c4 | 10c5 fb10 | 0424 4883 | c410 488b | 0424 4883 | c410 c5fb 
  0x00000244307adb40: 1004 2448 | 83c4 104c | 8b5d 1841 | ffd3 4c8b | 5df8 c941 | c687 7e03 | 0000 005f | 498b e3ff 
  0x00000244307adb60: e7ba 0000 | 0000 e805 | 0000 00e9 | 9600 0000 | 488d 4424 | 084c 896d | c049 8bcf | c5f8 7749 
  0x00000244307adb80: 89af 2004 | 0000 4989 | 8710 0400 | 0048 83ec | 2040 f6c4 | 0f0f 8419 | 0000 0048 | 83ec 0848 
  0x00000244307adba0: b8a0 820a | d2fa 7f00 | 00ff d048 | 83c4 08e9 | 0c00 0000 | 48b8 a082 | 0ad2 fa7f | 0000 ffd0 
  0x00000244307adbc0: 4883 c420 | 49c7 8710 | 0400 0000 | 0000 0049 | c787 2004 | 0000 0000 | 0000 49c7 | 8718 0400 
  0x00000244307adbe0: 0000 0000 | 00c5 f877 | 4983 7f08 | 000f 8405 | 0000 00e9 | e83b ffff | 4c8b 6dc0 | 4c8b 75c8 
  0x00000244307adc00: 4e8d 74f5 | 00c3 488b | 5de8 e979 | f6ff ff90 
[/MachCode]

Compiled method (c1) 4294 5433   !   3       com.sun.javafx.binding.ExpressionHelper$SingleChange::fireValueChangedEvent (96 bytes)
 total in heap  [0x0000024429bbec88,0x0000024429bbfa60] = 3544
 main code      [0x0000024429bbed80,0x0000024429bbf9c8] = 3144
 stub code      [0x0000024429bbf9c8,0x0000024429bbfa58] = 144
 oops           [0x0000024429bbfa58,0x0000024429bbfa60] = 8
 mutable data [0x0000024449c07da0,0x0000024449c07ec8] = 296
 relocation     [0x0000024449c07da0,0x0000024449c07e90] = 240
 metadata       [0x0000024449c07e90,0x0000024449c07ec8] = 56
 immutable data [0x0000024451615ae0,0x0000024451615d64] = 644
 dependencies   [0x0000024451615ae0,0x0000024451615af8] = 24
 nul chk table  [0x0000024451615af8,0x0000024451615b30] = 56
 handler table  [0x0000024451615b30,0x0000024451615b60] = 48
 scopes pcs     [0x0000024451615b60,0x0000024451615c90] = 304
 scopes data    [0x0000024451615c90,0x0000024451615d60] = 208

[Constant Pool (empty)]


Loading hsdis library failed, undisassembled code is shown in MachCode section
[MachCode]
[Instructions begin]
  0x0000024429bbed80: 660f 1f84 | 0000 0000 | 0066 0f1f | 8400 0000 | 0000 448b | 5208 443b 

  0x0000024429bbed98: ;   {runtime_call Shared Runtime ic_miss_blob}
  0x0000024429bbed98: 5008 0f85 | 4000 c306 
[Verified Entry Point]
  0x0000024429bbeda0: 8984 2400 | 80ff ff55 | 4881 ec80 | 0000 0090 | 4181 7f20 | 0500 0000 

  0x0000024429bbedb8: ;   {runtime_call Stub::Stub Generator method_entry_barrier_stub}
  0x0000024429bbedb8: 7405 e8c1 | 52c1 0648 | 8954 2458 

  0x0000024429bbedc4: ;   {metadata(method data for {method} {0x0000024445743490} 'fireValueChangedEvent' '()V' in 'com/sun/javafx/binding/ExpressionHelper$SingleChange')}
  0x0000024429bbedc4: 48be 00ba | 8b46 4402 | 0000 8bbe | 9000 0000 | 83c7 0289 | be90 0000 | 0081 e7fe | 0700 0085 
  0x0000024429bbede4: ff0f 849f | 0a00 008b | 7214 48c1 | e603 4889 | 7424 608b | 7a0c 48c1 | e703 483b | 0748 8bdf 
  0x0000024429bbee04: ;   {metadata(method data for {method} {0x0000024445743490} 'fireValueChangedEvent' '()V' in 'com/sun/javafx/binding/ExpressionHelper$SingleChange')}
  0x0000024429bbee04: 48b8 00ba | 8b46 4402 | 0000 8b5b | 0841 ba00 | 0000 1249 | 03da 483b | 98e0 0000 | 0075 0d48 
  0x0000024429bbee24: 8380 e800 | 0000 01e9 | 6000 0000 | 483b 98f0 | 0000 0075 | 0d48 8380 | f800 0000 | 01e9 4a00 
  0x0000024429bbee44: 0000 4883 | b8e0 0000 | 0000 7517 | 4889 98e0 | 0000 0048 | c780 e800 | 0000 0100 | 0000 e929 
  0x0000024429bbee64: 0000 0048 | 83b8 f000 | 0000 0075 | 1748 8998 | f000 0000 | 48c7 80f8 | 0000 0001 | 0000 00e9 
  0x0000024429bbee84: 0800 0000 | 4883 80d8 | 0000 0001 | 488b d766 | 9048 b820 | 2397 5044 

  0x0000024429bbee9c: ;   {virtual_call}
  0x0000024429bbee9c: 0200 00e8 

  0x0000024429bbeea0: ; ImmutableOopMap {[88]=Oop [96]=Oop }
                      ;*invokeinterface getValue {reexecute=0 rethrow=0 return_oop=0}
                      ; - com.sun.javafx.binding.ExpressionHelper$SingleChange::fireValueChangedEvent@10 (line 188)
  0x0000024429bbeea0: 44b6 d006 

  0x0000024429bbeea4: ;   {post_call_nop}
  0x0000024429bbeea4: 0f1f 8400 | 1c02 0000 | 450f be47 | 4845 85c0 | 488b 5424 | 580f 85f1 | 0900 004c | 8bd0 49c1 
  0x0000024429bbeec4: ea03 4489 | 5214 488b | f248 33f0 | 48c1 ee16 | 7418 4885 | c074 1348 | 8bf2 48c1 | ee09 4903 
  0x0000024429bbeee4: 7750 803e | ff75 03c6 | 0600 4885 

  0x0000024429bbeef0: ;   {metadata(method data for {method} {0x0000024445743490} 'fireValueChangedEvent' '()V' in 'com/sun/javafx/binding/ExpressionHelper$SingleChange')}
  0x0000024429bbeef0: c049 b800 | ba8b 4644 | 0200 00be | 0801 0000 | 7505 be18 | 0100 0049 | 8b3c 3048 | 8d7f 0149 
  0x0000024429bbef10: 893c 3048 | 8b74 2460 | 0f85 6100 | 0000 4885 

  0x0000024429bbef20: ;   {metadata(method data for {method} {0x0000024445743490} 'fireValueChangedEvent' '()V' in 'com/sun/javafx/binding/ExpressionHelper$SingleChange')}
  0x0000024429bbef20: f649 b800 | ba8b 4644 | 0200 00bf | 2801 0000 | 7405 bf38 | 0100 0049 | 8b1c 3848 | 8d5b 0149 
  0x0000024429bbef40: 891c 380f | 841b 0000 

  0x0000024429bbef48: ;   {metadata(method data for {method} {0x0000024445743490} 'fireValueChangedEvent' '()V' in 'com/sun/javafx/binding/ExpressionHelper$SingleChange')}
  0x0000024429bbef48: 0049 b800 | ba8b 4644 | 0200 0041 | ff80 4801 | 0000 bf01 | 0000 00e9 | 2401 0000 

  0x0000024429bbef64: ;   {metadata(method data for {method} {0x0000024445743490} 'fireValueChangedEvent' '()V' in 'com/sun/javafx/binding/ExpressionHelper$SingleChange')}
  0x0000024429bbef64: 49b8 00ba | 8b46 4402 | 0000 41ff | 8060 0100 | 00bf 0000 | 0000 e909 | 0100 008b | 7a14 48c1 
  0x0000024429bbef84: e703 483b | 074c 8bc7 

  0x0000024429bbef8c: ;   {metadata(method data for {method} {0x0000024445743490} 'fireValueChangedEvent' '()V' in 'com/sun/javafx/binding/ExpressionHelper$SingleChange')}
  0x0000024429bbef8c: 48bb 00ba | 8b46 4402 | 0000 458b | 4008 41ba | 0000 0012 | 4d03 c24c | 3b83 8001 | 0000 750d 
  0x0000024429bbefac: 4883 8388 | 0100 0001 | e960 0000 | 004c 3b83 | 9001 0000 | 750d 4883 | 8398 0100 | 0001 e94a 
  0x0000024429bbefcc: 0000 0048 | 83bb 8001 | 0000 0075 | 174c 8983 | 8001 0000 | 48c7 8388 | 0100 0001 | 0000 00e9 
  0x0000024429bbefec: 2900 0000 | 4883 bb90 | 0100 0000 | 7517 4c89 | 8390 0100 | 0048 c783 | 9801 0000 | 0100 0000 
  0x0000024429bbf00c: e908 0000 | 0048 8383 | 7801 0000 | 014c 8bc6 | 488b d766 | 0f1f 4400 | 0048 b848 | 2397 5044 
  0x0000024429bbf02c: ;   {virtual_call}
  0x0000024429bbf02c: 0200 00e8 

  0x0000024429bbf030: ; ImmutableOopMap {[88]=Oop [96]=Oop }
                      ;*invokevirtual equals {reexecute=0 rethrow=0 return_oop=0}
                      ; - com.sun.javafx.binding.ExpressionHelper$SingleChange::fireValueChangedEvent@42 (line 189)
  0x0000024429bbf030: 8cb4 d006 

  0x0000024429bbf034: ;   {post_call_nop}
  0x0000024429bbf034: 0f1f 8400 | ac03 0001 

  0x0000024429bbf03c: ;   {metadata(method data for {method} {0x0000024445743490} 'fireValueChangedEvent' '()V' in 'com/sun/javafx/binding/ExpressionHelper$SingleChange')}
  0x0000024429bbf03c: 85c0 49b8 | 00ba 8b46 | 4402 0000 | 41b9 a801 | 0000 7506 | 41b9 b801 | 0000 4b8b | 3c08 488d 
  0x0000024429bbf05c: 7f01 4b89 | 3c08 0f85 | 1b00 0000 

  0x0000024429bbf068: ;   {metadata(method data for {method} {0x0000024445743490} 'fireValueChangedEvent' '()V' in 'com/sun/javafx/binding/ExpressionHelper$SingleChange')}
  0x0000024429bbf068: 49b8 00ba | 8b46 4402 | 0000 41ff | 80c8 0100 | 00bf 0100 | 0000 e905 | 0000 00bf | 0000 0000 
  0x0000024429bbf088: ;   {metadata(method data for {method} {0x0000024445743490} 'fireValueChangedEvent' '()V' in 'com/sun/javafx/binding/ExpressionHelper$SingleChange')}
  0x0000024429bbf088: 85ff 49b8 | 00ba 8b46 | 4402 0000 | 41b9 e001 | 0000 7406 | 41b9 f001 | 0000 4b8b | 3c08 488d 
  0x0000024429bbf0a8: 7f01 4b89 | 3c08 0f84 | c307 0000 | 488b 7424 | 6048 8b54 | 2458 8b5a | 1048 c1e3 | 0344 8b42 
  0x0000024429bbf0c8: 0c49 c1e0 | 038b 7a14 | 48c1 e703 

  0x0000024429bbf0d4: ; implicit exception: dispatches to 0x0000024429bbf8d4
  0x0000024429bbf0d4: 483b 034c 

  0x0000024429bbf0d8: ;   {metadata(method data for {method} {0x0000024445743490} 'fireValueChangedEvent' '()V' in 'com/sun/javafx/binding/ExpressionHelper$SingleChange')}
  0x0000024429bbf0d8: 8bcb 48ba | 00ba 8b46 | 4402 0000 | 458b 4908 | 41ba 0000 | 0012 4d03 | ca4c 3b8a | 0802 0000 
  0x0000024429bbf0f8: 750d 4883 | 8210 0200 | 0001 e960 | 0000 004c | 3b8a 1802 | 0000 750d | 4883 8220 | 0200 0001 
  0x0000024429bbf118: e94a 0000 | 0048 83ba | 0802 0000 | 0075 174c | 898a 0802 | 0000 48c7 | 8210 0200 | 0001 0000 
  0x0000024429bbf138: 00e9 2900 | 0000 4883 | ba18 0200 | 0000 7517 | 4c89 8a18 | 0200 0048 | c782 2002 | 0000 0100 
  0x0000024429bbf158: 0000 e908 | 0000 0048 | 8382 0002 | 0000 014c | 8bce 488b | d348 b870 | 2397 5044 

  0x0000024429bbf174: ;   {virtual_call}
  0x0000024429bbf174: 0200 00e8 

  0x0000024429bbf178: ; ImmutableOopMap {}
                      ;*invokeinterface changed {reexecute=0 rethrow=0 return_oop=0}
                      ; - com.sun.javafx.binding.ExpressionHelper$SingleChange::fireValueChangedEvent@71 (line 192)
  0x0000024429bbf178: 6cb3 d006 

  0x0000024429bbf17c: ;   {post_call_nop}
  0x0000024429bbf17c: 0f1f 8400 | f404 0002 | e9de 0600 | 0049 8b87 | 6805 0000 | 4d33 d24d | 8997 6805 | 0000 4d33 
  0x0000024429bbf19c: d24d 8997 | 7005 0000 

  0x0000024429bbf1a4: ;   {metadata(method data for {method} {0x0000024445743490} 'fireValueChangedEvent' '()V' in 'com/sun/javafx/binding/ExpressionHelper$SingleChange')}
  0x0000024429bbf1a4: 48ba 00ba | 8b46 4402 | 0000 4883 | 8248 0200 | 0001 498b | 97f8 0300 | 0048 8b32 | 4889 7424 
  0x0000024429bbf1c4: 6848 3b06 

  0x0000024429bbf1c8: ;   {metadata(method data for {method} {0x0000024445743490} 'fireValueChangedEvent' '()V' in 'com/sun/javafx/binding/ExpressionHelper$SingleChange')}
  0x0000024429bbf1c8: 488b d648 | bf00 ba8b | 4644 0200 | 008b 5208 | 41ba 0000 | 0012 4903 | d248 3b97 | 6002 0000 
  0x0000024429bbf1e8: 750d 4883 | 8768 0200 | 0001 e960 | 0000 0048 | 3b97 7002 | 0000 750d | 4883 8778 | 0200 0001 
  0x0000024429bbf208: e94a 0000 | 0048 83bf | 6002 0000 | 0075 1748 | 8997 6002 | 0000 48c7 | 8768 0200 | 0001 0000 
  0x0000024429bbf228: 00e9 2900 | 0000 4883 | bf70 0200 | 0000 7517 | 4889 9770 | 0200 0048 | c787 7802 | 0000 0100 
  0x0000024429bbf248: 0000 e908 | 0000 0048 | 8387 5802 

  0x0000024429bbf254: ;   {metadata(method data for {method} {0x00000000121935d8} 'getUncaughtExceptionHandler' '()Ljava/lang/Thread$UncaughtExceptionHandler;' in 'java/lang/Thread')}
  0x0000024429bbf254: 0000 0148 | ba70 4b38 | 4644 0200 | 008b ba90 | 0000 0083 | c702 89ba | 9000 0000 | 81e7 feff 
  0x0000024429bbf274: 1f00 85ff | 0f84 6006 | 0000 488b 

  0x0000024429bbf280: ;   {metadata(method data for {method} {0x00000000121935d8} 'getUncaughtExceptionHandler' '()Ljava/lang/Thread$UncaughtExceptionHandler;' in 'java/lang/Thread')}
  0x0000024429bbf280: d648 bf70 | 4b38 4644 | 0200 008b | 5208 41ba | 0000 0012 | 4903 d248 | 3b97 e000 | 0000 750d 
  0x0000024429bbf2a0: 4883 87e8 | 0000 0001 | e960 0000 | 0048 3b97 | f000 0000 | 750d 4883 | 87f8 0000 | 0001 e94a 
  0x0000024429bbf2c0: 0000 0048 | 83bf e000 | 0000 0075 | 1748 8997 | e000 0000 | 48c7 87e8 | 0000 0001 | 0000 00e9 
  0x0000024429bbf2e0: 2900 0000 | 4883 bff0 | 0000 0000 | 7517 4889 | 97f0 0000 | 0048 c787 | f800 0000 | 0100 0000 
  0x0000024429bbf300: e908 0000 | 0048 8387 | d800 0000 | 0148 8bd6 | 4889 4424 | 7048 b898 | 2397 5044 

  0x0000024429bbf31c: ;   {virtual_call}
  0x0000024429bbf31c: 0200 00e8 

  0x0000024429bbf320: ; ImmutableOopMap {[104]=Oop [112]=Oop }
                      ;*invokevirtual isTerminated {reexecute=0 rethrow=0 return_oop=0}
                      ; - java.lang.Thread::getUncaughtExceptionHandler@1 (line 2548)
                      ; - com.sun.javafx.binding.ExpressionHelper$SingleChange::fireValueChangedEvent@83 (line 194)
  0x0000024429bbf320: bc00 c306 

  0x0000024429bbf324: ;   {post_call_nop}
  0x0000024429bbf324: 0f1f 8400 | 9c06 0003 

  0x0000024429bbf32c: ;   {metadata(method data for {method} {0x00000000121935d8} 'getUncaughtExceptionHandler' '()Ljava/lang/Thread$UncaughtExceptionHandler;' in 'java/lang/Thread')}
  0x0000024429bbf32c: 85c0 48ba | 704b 3846 | 4402 0000 | be08 0100 | 0074 05be | 1801 0000 | 488b 3c32 | 488d 7f01 
  0x0000024429bbf34c: 4889 3c32 | 0f84 0f00 

  0x0000024429bbf354: ;   {oop(nullptr)}
  0x0000024429bbf354: 0000 48be | 0000 0000 | 0000 0000 | e91d 0400 | 0048 8b74 | 2468 8b56 | 6448 c1e2 | 0348 85d2 
  0x0000024429bbf374: ;   {metadata(method data for {method} {0x00000000121935d8} 'getUncaughtExceptionHandler' '()Ljava/lang/Thread$UncaughtExceptionHandler;' in 'java/lang/Thread')}
  0x0000024429bbf374: 48bf 704b | 3846 4402 | 0000 bb28 | 0100 0074 | 05bb 3801 | 0000 488b | 041f 488d | 4001 4889 
  0x0000024429bbf394: 041f 0f84 | 1500 0000 

  0x0000024429bbf39c: ;   {metadata(method data for {method} {0x00000000121935d8} 'getUncaughtExceptionHandler' '()Ljava/lang/Thread$UncaughtExceptionHandler;' in 'java/lang/Thread')}
  0x0000024429bbf39c: 48be 704b | 3846 4402 | 0000 ff86 | 4801 0000 | e9ce 0300 | 0048 8bd6 

  0x0000024429bbf3b4: ;   {metadata(method data for {method} {0x00000000121935d8} 'getUncaughtExceptionHandler' '()Ljava/lang/Thread$UncaughtExceptionHandler;' in 'java/lang/Thread')}
  0x0000024429bbf3b4: 48bf 704b | 3846 4402 | 0000 8b52 | 0841 ba00 | 0000 1249 | 03d2 483b | 9768 0100 | 0075 0d48 
  0x0000024429bbf3d4: 8387 7001 | 0000 01e9 | 6000 0000 | 483b 9778 | 0100 0075 | 0d48 8387 | 8001 0000 | 01e9 4a00 
  0x0000024429bbf3f4: 0000 4883 | bf68 0100 | 0000 7517 | 4889 9768 | 0100 0048 | c787 7001 | 0000 0100 | 0000 e929 
  0x0000024429bbf414: 0000 0048 | 83bf 7801 | 0000 0075 | 1748 8997 | 7801 0000 | 48c7 8780 | 0100 0001 | 0000 00e9 
  0x0000024429bbf434: 0800 0000 | 4883 8760 | 0100 0001 

  0x0000024429bbf440: ;   {metadata(method data for {method} {0x00000000124a9900} 'getThreadGroup' '()Ljava/lang/ThreadGroup;' in 'java/lang/Thread')}
  0x0000024429bbf440: 48ba a053 | 3846 4402 | 0000 8bba | 9000 0000 | 83c7 0289 | ba90 0000 | 0081 e7fe | ff1f 0085 
  0x0000024429bbf460: ff0f 8498 | 0400 0048 

  0x0000024429bbf468: ;   {metadata(method data for {method} {0x00000000124a9900} 'getThreadGroup' '()Ljava/lang/ThreadGroup;' in 'java/lang/Thread')}
  0x0000024429bbf468: 8bd6 48bf | a053 3846 | 4402 0000 | 8b52 0841 | ba00 0000 | 1249 03d2 | 483b 97e0 | 0000 0075 
  0x0000024429bbf488: 0d48 8387 | e800 0000 | 01e9 6000 | 0000 483b | 97f0 0000 | 0075 0d48 | 8387 f800 | 0000 01e9 
  0x0000024429bbf4a8: 4a00 0000 | 4883 bfe0 | 0000 0000 | 7517 4889 | 97e0 0000 | 0048 c787 | e800 0000 | 0100 0000 
  0x0000024429bbf4c8: e929 0000 | 0048 83bf | f000 0000 | 0075 1748 | 8997 f000 | 0000 48c7 | 87f8 0000 | 0001 0000 
  0x0000024429bbf4e8: 00e9 0800 | 0000 4883 | 87d8 0000 | 0001 488b | d60f 1f40 | 0048 b8c0 | 2397 5044 

  0x0000024429bbf504: ;   {virtual_call}
  0x0000024429bbf504: 0200 00e8 

  0x0000024429bbf508: ; ImmutableOopMap {[104]=Oop [112]=Oop }
                      ;*invokevirtual isTerminated {reexecute=0 rethrow=0 return_oop=0}
                      ; - java.lang.Thread::getThreadGroup@1 (line 1813)
                      ; - java.lang.Thread::getUncaughtExceptionHandler@23 (line 2553)
                      ; - com.sun.javafx.binding.ExpressionHelper$SingleChange::fireValueChangedEvent@83 (line 194)
  0x0000024429bbf508: d4fe c206 

  0x0000024429bbf50c: ;   {post_call_nop}
  0x0000024429bbf50c: 0f1f 8400 | 8408 0004 

  0x0000024429bbf514: ;   {metadata(method data for {method} {0x00000000124a9900} 'getThreadGroup' '()Ljava/lang/ThreadGroup;' in 'java/lang/Thread')}
  0x0000024429bbf514: 85c0 49b8 | a053 3846 | 4402 0000 | 41b9 0801 | 0000 7406 | 41b9 1801 | 0000 4b8b | 1408 488d 
  0x0000024429bbf534: 5201 4b89 | 1408 0f84 | 0f00 0000 

  0x0000024429bbf540: ;   {oop(nullptr)}
  0x0000024429bbf540: 48ba 0000 | 0000 0000 | 0000 e930 | 0200 0048 | 8b74 2468 

  0x0000024429bbf554: ;   {metadata(method data for {method} {0x00000000124a9900} 'getThreadGroup' '()Ljava/lang/ThreadGroup;' in 'java/lang/Thread')}
  0x0000024429bbf554: 4c8b c649 | b9a0 5338 | 4644 0200 | 0045 8b40 | 0841 ba00 | 0000 124d | 03c2 4d3b | 8130 0100 
  0x0000024429bbf574: 0075 0d49 | 8381 3801 | 0000 01e9 | 6000 0000 | 4d3b 8140 | 0100 0075 | 0d49 8381 | 4801 0000 
  0x0000024429bbf594: 01e9 4a00 | 0000 4983 | b930 0100 | 0000 7517 | 4d89 8130 | 0100 0049 | c781 3801 | 0000 0100 
  0x0000024429bbf5b4: 0000 e929 | 0000 0049 | 83b9 4001 | 0000 0075 | 174d 8981 | 4001 0000 | 49c7 8148 | 0100 0001 
  0x0000024429bbf5d4: 0000 00e9 | 0800 0000 | 4983 8128 | 0100 0001 

  0x0000024429bbf5e4: ;   {metadata(method data for {method} {0x00000000124a93e0} 'isVirtual' '()Z' in 'java/lang/Thread')}
  0x0000024429bbf5e4: 49b8 207f | ed45 4402 | 0000 458b | 8890 0000 | 0041 83c1 | 0245 8988 | 9000 0000 | 4181 e1fe 
  0x0000024429bbf604: ff1f 0045 | 85c9 0f84 | 1003 0000 

  0x0000024429bbf610: ;   {metadata(method data for {method} {0x00000000124a93e0} 'isVirtual' '()Z' in 'java/lang/Thread')}
  0x0000024429bbf610: 4885 f648 | ba20 7fed | 4544 0200 | 0075 0c80 | 8ad1 0000 | 0001 e9a7 | 0000 008b | 7e08 41ba 
  0x0000024429bbf630: 0000 0012 | 4903 fa48 | 3bba e000 | 0000 750d | 4883 82e8 | 0000 0001 | e960 0000 | 0048 3bba 
  0x0000024429bbf650: f000 0000 | 750d 4883 | 82f8 0000 | 0001 e94a | 0000 0048 | 83ba e000 | 0000 0075 | 1748 89ba 
  0x0000024429bbf670: e000 0000 | 48c7 82e8 | 0000 0001 | 0000 00e9 | 2900 0000 | 4883 baf0 | 0000 0000 | 7517 4889 
  0x0000024429bbf690: baf0 0000 | 0048 c782 | f800 0000 | 0100 0000 | e908 0000 | 0048 8382 | d800 0000 

  0x0000024429bbf6ac: ;   {metadata('java/lang/BaseVirtualThread')}
  0x0000024429bbf6ac: 0148 bfc8 | 651a 1200 | 0000 008b | 5608 41ba | 0000 0012 | 4903 d248 | 3b7a 400f | 8505 0000 
  0x0000024429bbf6cc: 00e9 0500 | 0000 4d33 | c0eb 0641 | b801 0000 | 0041 83e0 | 0145 85c0 

  0x0000024429bbf6e4: ;   {metadata(method data for {method} {0x00000000124a9900} 'getThreadGroup' '()Ljava/lang/ThreadGroup;' in 'java/lang/Thread')}
  0x0000024429bbf6e4: 49b8 a053 | 3846 4402 | 0000 41b9 | 5801 0000 | 7406 41b9 | 6801 0000 | 4b8b 1408 | 488d 5201 
  0x0000024429bbf704: 4b89 1408 | 0f84 5e00 

  0x0000024429bbf70c: ;   {metadata(method data for {method} {0x00000000124a9900} 'getThreadGroup' '()Ljava/lang/ThreadGroup;' in 'java/lang/Thread')}
  0x0000024429bbf70c: 0000 49b8 | a053 3846 | 4402 0000 | 4983 8078 | 0100 0001 

  0x0000024429bbf720: ;   {metadata(method data for {method} {0x00000000124a92b8} 'virtualThreadGroup' '()Ljava/lang/ThreadGroup;' in 'java/lang/Thread')}
  0x0000024429bbf720: 49b8 8055 | 3846 4402 | 0000 458b | 8890 0000 | 0041 83c1 | 0245 8988 | 9000 0000 | 4181 e1fe 
  0x0000024429bbf740: ff1f 0045 | 85c9 0f84 | f501 0000 

  0x0000024429bbf74c: ;   {metadata(method data for {method} {0x00000000124a9900} 'getThreadGroup' '()Ljava/lang/ThreadGroup;' in 'java/lang/Thread')}
  0x0000024429bbf74c: 49b8 a053 | 3846 4402 | 0000 41ff | 8088 0100 

  0x0000024429bbf75c: ;   {oop(a 'java/lang/ThreadGroup'{0x000000068dbfa2c8})}
  0x0000024429bbf75c: 0049 b8c8 | a2bf 8d06 | 0000 00e9 | 1000 0000 | 448b 4644 | 49c1 e003 

  0x0000024429bbf774: ; implicit exception: dispatches to 0x0000024429bbf962
  0x0000024429bbf774: 458b 4020 | 49c1 e003 | 498b d048 | 8bf2 488b 

  0x0000024429bbf784: ;   {metadata(method data for {method} {0x0000024445743490} 'fireValueChangedEvent' '()V' in 'com/sun/javafx/binding/ExpressionHelper$SingleChange')}
  0x0000024429bbf784: 4424 7049 | b800 ba8b | 4644 0200 | 0049 8380 | 8802 0000 | 0148 3b06 

  0x0000024429bbf79c: ;   {metadata(method data for {method} {0x0000024445743490} 'fireValueChangedEvent' '()V' in 'com/sun/javafx/binding/ExpressionHelper$SingleChange')}
  0x0000024429bbf79c: 4c8b c649 | b900 ba8b | 4644 0200 | 0045 8b40 | 0841 ba00 | 0000 124d | 03c2 4d3b | 81a0 0200 
  0x0000024429bbf7bc: 0075 0d49 | 8381 a802 | 0000 01e9 | 6000 0000 | 4d3b 81b0 | 0200 0075 | 0d49 8381 | b802 0000 
  0x0000024429bbf7dc: 01e9 4a00 | 0000 4983 | b9a0 0200 | 0000 7517 | 4d89 81a0 | 0200 0049 | c781 a802 | 0000 0100 
  0x0000024429bbf7fc: 0000 e929 | 0000 0049 | 83b9 b002 | 0000 0075 | 174d 8981 | b002 0000 | 49c7 81b8 | 0200 0001 
  0x0000024429bbf81c: 0000 00e9 | 0800 0000 | 4983 8198 | 0200 0001 | 4d8b 87f8 | 0300 004d | 8b00 4c8b | c848 8bd6 
  0x0000024429bbf83c: 9048 b8e8 | 2397 5044 

  0x0000024429bbf844: ;   {virtual_call}
  0x0000024429bbf844: 0200 00e8 

  0x0000024429bbf848: ; ImmutableOopMap {}
                      ;*invokeinterface uncaughtException {reexecute=0 rethrow=0 return_oop=0}
                      ; - com.sun.javafx.binding.ExpressionHelper$SingleChange::fireValueChangedEvent@90 (line 194)
  0x0000024429bbf848: 94fb c206 

  0x0000024429bbf84c: ;   {post_call_nop}
  0x0000024429bbf84c: 0f1f 8400 | c40b 0005 | 4881 c480 | 0000 005d 

  0x0000024429bbf85c: ;   {poll_return}
  0x0000024429bbf85c: 493b 6728 | 0f87 0601 

  0x0000024429bbf864: ;   {metadata(method data for {method} {0x0000024445743490} 'fireValueChangedEvent' '()V' in 'com/sun/javafx/binding/ExpressionHelper$SingleChange')}
  0x0000024429bbf864: 0000 c348 | be00 ba8b | 4644 0200 | 00ff 8630 | 0200 0048 | 81c4 8000 

  0x0000024429bbf87c: ;   {poll_return}
  0x0000024429bbf87c: 0000 5d49 | 3b67 280f | 87f9 0000 

  0x0000024429bbf888: ;   {metadata({method} {0x0000024445743490} 'fireValueChangedEvent' '()V' in 'com/sun/javafx/binding/ExpressionHelper$SingleChange')}
  0x0000024429bbf888: 00c3 49ba | 8834 7445 | 4402 0000 | 4c89 5424 | 0848 c704 | 24ff ffff 

  0x0000024429bbf8a0: ;   {runtime_call C1 Runtime counter_overflow_blob}
  0x0000024429bbf8a0: ffe8 3a17 

  0x0000024429bbf8a4: ; ImmutableOopMap {rdx=Oop [88]=Oop }
                      ;*synchronization entry
                      ; - com.sun.javafx.binding.ExpressionHelper$SingleChange::fireValueChangedEvent@-1 (line 187)
  0x0000024429bbf8a4: d006 e940 

  0x0000024429bbf8a8: ;   {runtime_call C1 Runtime throw_null_pointer_exception_blob}
  0x0000024429bbf8a8: f5ff ffe8 

  0x0000024429bbf8ac: ; ImmutableOopMap {rdx=Oop rsi=Oop rdi=Oop [88]=Oop [96]=Oop }
                      ;*invokeinterface getValue {reexecute=0 rethrow=0 return_oop=0}
                      ; - com.sun.javafx.binding.ExpressionHelper$SingleChange::fireValueChangedEvent@10 (line 188)
  0x0000024429bbf8ac: b0b3 cf06 | 448b 4214 | 49c1 e003 | 4d85 c00f | 84fe f5ff | ff4c 8904 

  0x0000024429bbf8c4: ;   {runtime_call g1_pre_barrier_slow}
  0x0000024429bbf8c4: 24e8 161d | d006 e9f0 

  0x0000024429bbf8cc: ;   {runtime_call C1 Runtime throw_null_pointer_exception_blob}
  0x0000024429bbf8cc: f5ff ffe8 

  0x0000024429bbf8d0: ; ImmutableOopMap {rdx=Oop rsi=Oop rdi=Oop [88]=Oop [96]=Oop }
                      ;*invokevirtual equals {reexecute=0 rethrow=0 return_oop=0}
                      ; - com.sun.javafx.binding.ExpressionHelper$SingleChange::fireValueChangedEvent@42 (line 189)
  0x0000024429bbf8d0: 8cb3 cf06 

  0x0000024429bbf8d4: ;   {runtime_call C1 Runtime throw_null_pointer_exception_blob}
  0x0000024429bbf8d4: e887 b3cf 

  0x0000024429bbf8d8: ; ImmutableOopMap {rsi=Oop rbx=Oop r8=Oop rdi=Oop [96]=Oop }
                      ;*invokeinterface changed {reexecute=0 rethrow=0 return_oop=0}
                      ; - com.sun.javafx.binding.ExpressionHelper$SingleChange::fireValueChangedEvent@71 (line 192)
                      ;   {runtime_call C1 Runtime throw_null_pointer_exception_blob}
  0x0000024429bbf8d8: 06e8 82b3 

  0x0000024429bbf8dc: ; ImmutableOopMap {rax=Oop rsi=Oop [104]=Oop }
                      ;*invokevirtual getUncaughtExceptionHandler {reexecute=0 rethrow=0 return_oop=0}
                      ; - com.sun.javafx.binding.ExpressionHelper$SingleChange::fireValueChangedEvent@83 (line 194)
                      ;   {metadata({method} {0x00000000121935d8} 'getUncaughtExceptionHandler' '()Ljava/lang/Thread$UncaughtExceptionHandler;' in 'java/lang/Thread')}
  0x0000024429bbf8dc: cf06 49ba | d035 1912 | 0000 0000 | 4c89 5424 | 0848 c704 | 24ff ffff 

  0x0000024429bbf8f4: ;   {runtime_call C1 Runtime counter_overflow_blob}
  0x0000024429bbf8f4: ffe8 e616 

  0x0000024429bbf8f8: ; ImmutableOopMap {rax=Oop rsi=Oop [104]=Oop }
                      ;*synchronization entry
                      ; - java.lang.Thread::getUncaughtExceptionHandler@-1 (line 2548)
                      ; - com.sun.javafx.binding.ExpressionHelper$SingleChange::fireValueChangedEvent@83 (line 194)
  0x0000024429bbf8f8: d006 e97f 

  0x0000024429bbf8fc: ;   {metadata({method} {0x00000000124a9900} 'getThreadGroup' '()Ljava/lang/ThreadGroup;' in 'java/lang/Thread')}
  0x0000024429bbf8fc: f9ff ff49 | baf8 984a | 1200 0000 | 004c 8954 | 2408 48c7 | 0424 ffff 

  0x0000024429bbf914: ;   {runtime_call C1 Runtime counter_overflow_blob}
  0x0000024429bbf914: ffff e8c5 

  0x0000024429bbf918: ; ImmutableOopMap {rsi=Oop [104]=Oop [112]=Oop }
                      ;*synchronization entry
                      ; - java.lang.Thread::getThreadGroup@-1 (line 1813)
                      ; - java.lang.Thread::getUncaughtExceptionHandler@23 (line 2553)
                      ; - com.sun.javafx.binding.ExpressionHelper$SingleChange::fireValueChangedEvent@83 (line 194)
  0x0000024429bbf918: 16d0 06e9 | 47fb ffff 

  0x0000024429bbf920: ;   {metadata({method} {0x00000000124a93e0} 'isVirtual' '()Z' in 'java/lang/Thread')}
  0x0000024429bbf920: 49ba d893 | 4a12 0000 | 0000 4c89 | 5424 0848 | c704 24ff 

  0x0000024429bbf934: ;   {runtime_call C1 Runtime counter_overflow_blob}
  0x0000024429bbf934: ffff ffe8 

  0x0000024429bbf938: ; ImmutableOopMap {rsi=Oop [104]=Oop [112]=Oop }
                      ;*synchronization entry
                      ; - java.lang.Thread::isVirtual@-1 (line 1442)
                      ; - java.lang.Thread::getThreadGroup@10 (line 1816)
                      ; - java.lang.Thread::getUncaughtExceptionHandler@23 (line 2553)
                      ; - com.sun.javafx.binding.ExpressionHelper$SingleChange::fireValueChangedEvent@83 (line 194)
  0x0000024429bbf938: a416 d006 | e9cf fcff 

  0x0000024429bbf940: ;   {metadata({method} {0x00000000124a92b8} 'virtualThreadGroup' '()Ljava/lang/ThreadGroup;' in 'java/lang/Thread')}
  0x0000024429bbf940: ff49 bab0 | 924a 1200 | 0000 004c | 8954 2408 | 48c7 0424 | ffff ffff 

  0x0000024429bbf958: ;   {runtime_call C1 Runtime counter_overflow_blob}
  0x0000024429bbf958: e883 16d0 

  0x0000024429bbf95c: ; ImmutableOopMap {[112]=Oop }
                      ;*synchronization entry
                      ; - java.lang.Thread::virtualThreadGroup@-1 (line 2606)
                      ; - java.lang.Thread::getThreadGroup@16 (line 1816)
                      ; - java.lang.Thread::getUncaughtExceptionHandler@23 (line 2553)
                      ; - com.sun.javafx.binding.ExpressionHelper$SingleChange::fireValueChangedEvent@83 (line 194)
  0x0000024429bbf95c: 06e9 eafd 

  0x0000024429bbf960: ;   {runtime_call C1 Runtime throw_null_pointer_exception_blob}
  0x0000024429bbf960: ffff e8f9 

  0x0000024429bbf964: ; ImmutableOopMap {[112]=Oop }
                      ;*getfield group {reexecute=1 rethrow=0 return_oop=0}
                      ; - (reexecute) java.lang.Thread::getThreadGroup@26 (line 1816)
                      ; - java.lang.Thread::getUncaughtExceptionHandler@23 (line 2553)
                      ; - com.sun.javafx.binding.ExpressionHelper$SingleChange::fireValueChangedEvent@83 (line 194)
                      ;   {runtime_call C1 Runtime throw_null_pointer_exception_blob}
  0x0000024429bbf964: b2cf 06e8 

  0x0000024429bbf968: ; ImmutableOopMap {rsi=Oop rax=Oop }
                      ;*invokeinterface uncaughtException {reexecute=0 rethrow=0 return_oop=0}
                      ; - com.sun.javafx.binding.ExpressionHelper$SingleChange::fireValueChangedEvent@90 (line 194)
  0x0000024429bbf968: f4b2 cf06 

  0x0000024429bbf96c: ;   {internal_word}
  0x0000024429bbf96c: 49ba 5cf8 | bb29 4402 | 0000 4d89 | 97b8 0400 

  0x0000024429bbf97c: ;   {runtime_call SafepointBlob}
  0x0000024429bbf97c: 00e9 de18 

  0x0000024429bbf980: ;   {internal_word}
  0x0000024429bbf980: c306 49ba | 7ff8 bb29 | 4402 0000 | 4d89 97b8 

  0x0000024429bbf990: ;   {runtime_call SafepointBlob}
  0x0000024429bbf990: 0400 00e9 | c818 c306 | 498b 8768 | 0500 0049 | c787 6805 | 0000 0000 | 0000 49c7 | 8770 0500 
  0x0000024429bbf9b0: 0000 0000 | 0048 81c4 | 8000 0000 

  0x0000024429bbf9bc: ;   {runtime_call C1 Runtime unwind_exception_blob}
  0x0000024429bbf9bc: 5de9 9ea3 | cf06 f4f4 | f4f4 f4f4 
[Stub Code]
  0x0000024429bbf9c8: ;   {other}
  0x0000024429bbf9c8: 0f1f 4400 

  0x0000024429bbf9cc: ;   {static_stub}
  0x0000024429bbf9cc: 0048 bb00 | 0000 0000 

  0x0000024429bbf9d4: ;   {runtime_call nmethod}
  0x0000024429bbf9d4: 0000 00e9 | fbff ffff 

  0x0000024429bbf9dc: ;   {static_stub}
  0x0000024429bbf9dc: 9048 bb00 | 0000 0000 

  0x0000024429bbf9e4: ;   {runtime_call nmethod}
  0x0000024429bbf9e4: 0000 00e9 | fbff ffff 

  0x0000024429bbf9ec: ;   {static_stub}
  0x0000024429bbf9ec: 9048 bb00 | 0000 0000 

  0x0000024429bbf9f4: ;   {runtime_call nmethod}
  0x0000024429bbf9f4: 0000 00e9 | fbff ffff 

  0x0000024429bbf9fc: ;   {static_stub}
  0x0000024429bbf9fc: 9048 bb00 | 0000 0000 

  0x0000024429bbfa04: ;   {runtime_call nmethod}
  0x0000024429bbfa04: 0000 00e9 | fbff ffff 

  0x0000024429bbfa0c: ;   {static_stub}
  0x0000024429bbfa0c: 9048 bb00 | 0000 0000 

  0x0000024429bbfa14: ;   {runtime_call nmethod}
  0x0000024429bbfa14: 0000 00e9 | fbff ffff 

  0x0000024429bbfa1c: ;   {static_stub}
  0x0000024429bbfa1c: 9048 bb00 | 0000 0000 

  0x0000024429bbfa24: ;   {runtime_call nmethod}
  0x0000024429bbfa24: 0000 00e9 | fbff ffff 
[Exception Handler]
  0x0000024429bbfa2c: ;   {runtime_call C1 Runtime handle_exception_from_callee_blob}
  0x0000024429bbfa2c: e82f d8cf 

  0x0000024429bbfa30: ;   {external_word}
  0x0000024429bbfa30: 0648 b928 | 7272 d2fa | 7f00 0048 

  0x0000024429bbfa3c: ;   {runtime_call}
  0x0000024429bbfa3c: 83e4 f048 | b840 e433 | d2fa 7f00 | 00ff d0f4 

  0x0000024429bbfa4c: ;   {runtime_call DeoptimizationBlob}
  0x0000024429bbfa4c: e80f 1bc3 | 06eb f9f4 | f4f4 f4f4 
[/MachCode]


Compiled method (c1) 4310 3518       3       javafx.beans.property.ReadOnlyObjectWrapper::fireValueChangedEvent (19 bytes)
 total in heap  [0x0000024429878908,0x0000024429878f20] = 1560
 main code      [0x0000024429878a00,0x0000024429878ec8] = 1224
 stub code      [0x0000024429878ec8,0x0000024429878f18] = 80
 oops           [0x0000024429878f18,0x0000024429878f20] = 8
 mutable data [0x000002445090cc00,0x000002445090cca0] = 160
 relocation     [0x000002445090cc00,0x000002445090cc78] = 120
 metadata       [0x000002445090cc78,0x000002445090cca0] = 40
 immutable data [0x0000024449cbc2f0,0x0000024449cbc444] = 340
 dependencies   [0x0000024449cbc2f0,0x0000024449cbc300] = 16
 nul chk table  [0x0000024449cbc300,0x0000024449cbc320] = 32
 scopes pcs     [0x0000024449cbc320,0x0000024449cbc3e0] = 192
 scopes data    [0x0000024449cbc3e0,0x0000024449cbc440] = 96

[Constant Pool (empty)]


Loading hsdis library failed, undisassembled code is shown in MachCode section
[MachCode]
[Instructions begin]
  0x0000024429878a00: 660f 1f84 | 0000 0000 | 0066 0f1f | 8400 0000 | 0000 448b | 5208 443b 

  0x0000024429878a18: ;   {runtime_call Shared Runtime ic_miss_blob}
  0x0000024429878a18: 5008 0f85 | c063 f706 
[Verified Entry Point]
  0x0000024429878a20: 8984 2400 | 80ff ff55 | 4883 ec40 | 4181 7f20 | 0500 0000 

  0x0000024429878a34: ;   {runtime_call Stub::Stub Generator method_entry_barrier_stub}
  0x0000024429878a34: 7405 e845 

  0x0000024429878a38: ;   {metadata(method data for {method} {0x000002444560c4c8} 'fireValueChangedEvent' '()V' in 'javafx/beans/property/ReadOnlyObjectWrapper')}
  0x0000024429878a38: b6f5 0648 | be48 0b46 | 4644 0200 | 008b be90 | 0000 0083 | c702 89be | 9000 0000 | 81e7 fe07 
  0x0000024429878a58: 0000 85ff | 0f84 7203 | 0000 488b 

  0x0000024429878a64: ;   {metadata(method data for {method} {0x000002444560c4c8} 'fireValueChangedEvent' '()V' in 'javafx/beans/property/ReadOnlyObjectWrapper')}
  0x0000024429878a64: f248 bf48 | 0b46 4644 | 0200 0048 | 8387 d800 

  0x0000024429878a74: ;   {metadata(method data for {method} {0x0000024445439958} 'fireValueChangedEvent' '()V' in 'javafx/beans/property/ObjectPropertyBase')}
  0x0000024429878a74: 0000 0148 | bea0 d501 | 4644 0200 | 008b be90 | 0000 0083 | c702 89be | 9000 0000 | 81e7 feff 
  0x0000024429878a94: 1f00 85ff | 0f84 5703 | 0000 8b72 | 1c48 c1e6 

  0x0000024429878aa4: ;   {metadata(method data for {method} {0x0000024445439958} 'fireValueChangedEvent' '()V' in 'javafx/beans/property/ObjectPropertyBase')}
  0x0000024429878aa4: 0348 bfa0 | d501 4644 | 0200 0048 | 8387 d800 

  0x0000024429878ab4: ;   {metadata(method data for {method} {0x0000024445742808} 'fireValueChangedEvent' '(Lcom/sun/javafx/binding/ExpressionHelper;)V' in 'com/sun/javafx/binding/ExpressionHelper')}
  0x0000024429878ab4: 0000 0148 | bfb8 a001 | 4644 0200 | 008b 9f90 | 0000 0083 | c302 899f | 9000 0000 | 81e3 feff 
  0x0000024429878ad4: 1f00 85db | 0f84 3803 | 0000 4885 

  0x0000024429878ae0: ;   {metadata(method data for {method} {0x0000024445742808} 'fireValueChangedEvent' '(Lcom/sun/javafx/binding/ExpressionHelper;)V' in 'com/sun/javafx/binding/ExpressionHelper')}
  0x0000024429878ae0: f648 bfb8 | a001 4644 | 0200 00bb | d800 0000 | 7405 bbe8 | 0000 0048 | 8b04 1f48 | 8d40 0148 
  0x0000024429878b00: 8904 1f48 | 8954 2430 | 0f84 ae00 | 0000 483b | 0648 8bfe 

  0x0000024429878b14: ;   {metadata(method data for {method} {0x0000024445742808} 'fireValueChangedEvent' '(Lcom/sun/javafx/binding/ExpressionHelper;)V' in 'com/sun/javafx/binding/ExpressionHelper')}
  0x0000024429878b14: 48bb b8a0 | 0146 4402 | 0000 8b7f | 0841 ba00 | 0000 1249 | 03fa 483b | bb00 0100 | 0075 0d48 
  0x0000024429878b34: 8383 0801 | 0000 01e9 | 6000 0000 | 483b bb10 | 0100 0075 | 0d48 8383 | 1801 0000 | 01e9 4a00 
  0x0000024429878b54: 0000 4883 | bb00 0100 | 0000 7517 | 4889 bb00 | 0100 0048 | c783 0801 | 0000 0100 | 0000 e929 
  0x0000024429878b74: 0000 0048 | 83bb 1001 | 0000 0075 | 1748 89bb | 1001 0000 | 48c7 8318 | 0100 0001 | 0000 00e9 
  0x0000024429878b94: 0800 0000 | 4883 83f8 | 0000 0001 | 488b d666 | 9048 b800 | 5c08 4a44 

  0x0000024429878bac: ;   {virtual_call}
  0x0000024429878bac: 0200 00e8 

  0x0000024429878bb0: ; ImmutableOopMap {[48]=Oop }
                      ;*invokevirtual fireValueChangedEvent {reexecute=0 rethrow=0 return_oop=0}
                      ; - com.sun.javafx.binding.ExpressionHelper::fireValueChangedEvent@5 (line 91)
                      ; - javafx.beans.property.ObjectPropertyBase::fireValueChangedEvent@4 (line 106)
                      ; - javafx.beans.property.ReadOnlyObjectWrapper::fireValueChangedEvent@1 (line 100)
  0x0000024429878bb0: 5d7b f706 

  0x0000024429878bb4: ;   {post_call_nop}
  0x0000024429878bb4: 0f1f 8400 | ac02 0000 | 488b 5424 | 308b 5228 | 48c1 e203 

  0x0000024429878bc8: ;   {metadata(method data for {method} {0x000002444560c4c8} 'fireValueChangedEvent' '()V' in 'javafx/beans/property/ReadOnlyObjectWrapper')}
  0x0000024429878bc8: 4885 d248 | be48 0b46 | 4644 0200 | 00bf e800 | 0000 7405 | bff8 0000 | 0048 8b1c | 3e48 8d5b 
  0x0000024429878be8: 0148 891c | 3e0f 84d1 | 0100 0048 | 3b02 488b 

  0x0000024429878bf8: ;   {metadata(method data for {method} {0x000002444560c4c8} 'fireValueChangedEvent' '()V' in 'javafx/beans/property/ReadOnlyObjectWrapper')}
  0x0000024429878bf8: f248 bf48 | 0b46 4644 | 0200 008b | 7608 41ba | 0000 0012 | 4903 f248 | 3bb7 1001 | 0000 750d 
  0x0000024429878c18: 4883 8718 | 0100 0001 | e960 0000 | 0048 3bb7 | 2001 0000 | 750d 4883 | 8728 0100 | 0001 e94a 
  0x0000024429878c38: 0000 0048 | 83bf 1001 | 0000 0075 | 1748 89b7 | 1001 0000 | 48c7 8718 | 0100 0001 | 0000 00e9 
  0x0000024429878c58: 2900 0000 | 4883 bf20 | 0100 0000 | 7517 4889 | b720 0100 | 0048 c787 | 2801 0000 | 0100 0000 
  0x0000024429878c78: e908 0000 | 0048 8387 | 0801 0000 

  0x0000024429878c84: ;   {metadata(method data for {method} {0x00000244454353c0} 'fireValueChangedEvent' '()V' in 'javafx/beans/property/ReadOnlyObjectPropertyBase')}
  0x0000024429878c84: 0148 bed8 | 6945 4644 | 0200 008b | be90 0000 | 0083 c702 | 89be 9000 | 0000 81e7 | feff 1f00 
  0x0000024429878ca4: 85ff 0f84 | 9501 0000 | 8b52 0c48 

  0x0000024429878cb0: ;   {metadata(method data for {method} {0x00000244454353c0} 'fireValueChangedEvent' '()V' in 'javafx/beans/property/ReadOnlyObjectPropertyBase')}
  0x0000024429878cb0: c1e2 0348 | bed8 6945 | 4644 0200 | 0048 8386 | d800 0000 

  0x0000024429878cc4: ;   {metadata(method data for {method} {0x0000024445742808} 'fireValueChangedEvent' '(Lcom/sun/javafx/binding/ExpressionHelper;)V' in 'com/sun/javafx/binding/ExpressionHelper')}
  0x0000024429878cc4: 0148 beb8 | a001 4644 | 0200 008b | be90 0000 | 0083 c702 | 89be 9000 | 0000 81e7 | feff 1f00 
  0x0000024429878ce4: 85ff 0f84 | 7601 0000 

  0x0000024429878cec: ;   {metadata(method data for {method} {0x0000024445742808} 'fireValueChangedEvent' '(Lcom/sun/javafx/binding/ExpressionHelper;)V' in 'com/sun/javafx/binding/ExpressionHelper')}
  0x0000024429878cec: 4885 d248 | beb8 a001 | 4644 0200 | 00bf d800 | 0000 7405 | bfe8 0000 | 0048 8b1c | 3e48 8d5b 
  0x0000024429878d0c: 0148 891c | 3e0f 84ad | 0000 0048 | 3b02 488b 

  0x0000024429878d1c: ;   {metadata(method data for {method} {0x0000024445742808} 'fireValueChangedEvent' '(Lcom/sun/javafx/binding/ExpressionHelper;)V' in 'com/sun/javafx/binding/ExpressionHelper')}
  0x0000024429878d1c: f248 bfb8 | a001 4644 | 0200 008b | 7608 41ba | 0000 0012 | 4903 f248 | 3bb7 0001 | 0000 750d 
  0x0000024429878d3c: 4883 8708 | 0100 0001 | e960 0000 | 0048 3bb7 | 1001 0000 | 750d 4883 | 8718 0100 | 0001 e94a 
  0x0000024429878d5c: 0000 0048 | 83bf 0001 | 0000 0075 | 1748 89b7 | 0001 0000 | 48c7 8708 | 0100 0001 | 0000 00e9 
  0x0000024429878d7c: 2900 0000 | 4883 bf10 | 0100 0000 | 7517 4889 | b710 0100 | 0048 c787 | 1801 0000 | 0100 0000 
  0x0000024429878d9c: e908 0000 | 0048 8387 | f800 0000 | 010f 1f40 | 0048 b828 | 5c08 4a44 

  0x0000024429878db4: ;   {virtual_call}
  0x0000024429878db4: 0200 00e8 

  0x0000024429878db8: ; ImmutableOopMap {}
                      ;*invokevirtual fireValueChangedEvent {reexecute=0 rethrow=0 return_oop=0}
                      ; - com.sun.javafx.binding.ExpressionHelper::fireValueChangedEvent@5 (line 91)
                      ; - javafx.beans.property.ReadOnlyObjectPropertyBase::fireValueChangedEvent@4 (line 80)
                      ; - javafx.beans.property.ReadOnlyObjectWrapper::fireValueChangedEvent@15 (line 102)
  0x0000024429878db8: 5c1c 0507 

  0x0000024429878dbc: ;   {post_call_nop}
  0x0000024429878dbc: 0f1f 8400 | b404 0001 | 4883 c440 

  0x0000024429878dc8: ;   {poll_return}
  0x0000024429878dc8: 5d49 3b67 | 280f 87b5 | 0000 00c3 

  0x0000024429878dd4: ;   {metadata({method} {0x000002444560c4c8} 'fireValueChangedEvent' '()V' in 'javafx/beans/property/ReadOnlyObjectWrapper')}
  0x0000024429878dd4: 49ba c0c4 | 6045 4402 | 0000 4c89 | 5424 0848 | c704 24ff 

  0x0000024429878de8: ;   {runtime_call C1 Runtime counter_overflow_blob}
  0x0000024429878de8: ffff ffe8 

  0x0000024429878dec: ; ImmutableOopMap {rdx=Oop }
                      ;*synchronization entry
                      ; - javafx.beans.property.ReadOnlyObjectWrapper::fireValueChangedEvent@-1 (line 100)
  0x0000024429878dec: f081 0407 | e96d fcff 

  0x0000024429878df4: ;   {metadata({method} {0x0000024445439958} 'fireValueChangedEvent' '()V' in 'javafx/beans/property/ObjectPropertyBase')}
  0x0000024429878df4: ff49 ba50 | 9943 4544 | 0200 004c | 8954 2408 | 48c7 0424 | ffff ffff 

  0x0000024429878e0c: ;   {runtime_call C1 Runtime counter_overflow_blob}
  0x0000024429878e0c: e8cf 8104 

  0x0000024429878e10: ; ImmutableOopMap {rdx=Oop }
                      ;*synchronization entry
                      ; - javafx.beans.property.ObjectPropertyBase::fireValueChangedEvent@-1 (line 106)
                      ; - javafx.beans.property.ReadOnlyObjectWrapper::fireValueChangedEvent@1 (line 100)
  0x0000024429878e10: 07e9 88fc 

  0x0000024429878e14: ;   {metadata({method} {0x0000024445742808} 'fireValueChangedEvent' '(Lcom/sun/javafx/binding/ExpressionHelper;)V' in 'com/sun/javafx/binding/ExpressionHelper')}
  0x0000024429878e14: ffff 49ba | 0028 7445 | 4402 0000 | 4c89 5424 | 0848 c704 | 24ff ffff 

  0x0000024429878e2c: ;   {runtime_call C1 Runtime counter_overflow_blob}
  0x0000024429878e2c: ffe8 ae81 

  0x0000024429878e30: ; ImmutableOopMap {rdx=Oop rsi=Oop }
                      ;*synchronization entry
                      ; - com.sun.javafx.binding.ExpressionHelper::fireValueChangedEvent@-1 (line 90)
                      ; - javafx.beans.property.ObjectPropertyBase::fireValueChangedEvent@4 (line 106)
                      ; - javafx.beans.property.ReadOnlyObjectWrapper::fireValueChangedEvent@1 (line 100)
  0x0000024429878e30: 0407 e9a7 

  0x0000024429878e34: ;   {runtime_call C1 Runtime throw_null_pointer_exception_blob}
  0x0000024429878e34: fcff ffe8 

  0x0000024429878e38: ; ImmutableOopMap {rsi=Oop [48]=Oop }
                      ;*invokevirtual fireValueChangedEvent {reexecute=0 rethrow=0 return_oop=0}
                      ; - com.sun.javafx.binding.ExpressionHelper::fireValueChangedEvent@5 (line 91)
                      ; - javafx.beans.property.ObjectPropertyBase::fireValueChangedEvent@4 (line 106)
                      ; - javafx.beans.property.ReadOnlyObjectWrapper::fireValueChangedEvent@1 (line 100)
  0x0000024429878e38: 241e 0407 

  0x0000024429878e3c: ;   {runtime_call C1 Runtime throw_null_pointer_exception_blob}
  0x0000024429878e3c: e81f 1e04 

  0x0000024429878e40: ; ImmutableOopMap {rdx=Oop }
                      ;*invokevirtual fireValueChangedEvent {reexecute=0 rethrow=0 return_oop=0}
                      ; - javafx.beans.property.ReadOnlyObjectWrapper::fireValueChangedEvent@15 (line 102)
                      ;   {metadata({method} {0x00000244454353c0} 'fireValueChangedEvent' '()V' in 'javafx/beans/property/ReadOnlyObjectPropertyBase')}
  0x0000024429878e40: 0749 bab8 | 5343 4544 | 0200 004c | 8954 2408 | 48c7 0424 | ffff ffff 

  0x0000024429878e58: ;   {runtime_call C1 Runtime counter_overflow_blob}
  0x0000024429878e58: e883 8104 

  0x0000024429878e5c: ; ImmutableOopMap {rdx=Oop }
                      ;*synchronization entry
                      ; - javafx.beans.property.ReadOnlyObjectPropertyBase::fireValueChangedEvent@-1 (line 80)
                      ; - javafx.beans.property.ReadOnlyObjectWrapper::fireValueChangedEvent@15 (line 102)
  0x0000024429878e5c: 07e9 4afe 

  0x0000024429878e60: ;   {metadata({method} {0x0000024445742808} 'fireValueChangedEvent' '(Lcom/sun/javafx/binding/ExpressionHelper;)V' in 'com/sun/javafx/binding/ExpressionHelper')}
  0x0000024429878e60: ffff 49ba | 0028 7445 | 4402 0000 | 4c89 5424 | 0848 c704 | 24ff ffff 

  0x0000024429878e78: ;   {runtime_call C1 Runtime counter_overflow_blob}
  0x0000024429878e78: ffe8 6281 

  0x0000024429878e7c: ; ImmutableOopMap {rdx=Oop }
                      ;*synchronization entry
                      ; - com.sun.javafx.binding.ExpressionHelper::fireValueChangedEvent@-1 (line 90)
                      ; - javafx.beans.property.ReadOnlyObjectPropertyBase::fireValueChangedEvent@4 (line 80)
                      ; - javafx.beans.property.ReadOnlyObjectWrapper::fireValueChangedEvent@15 (line 102)
  0x0000024429878e7c: 0407 e969 

  0x0000024429878e80: ;   {runtime_call C1 Runtime throw_null_pointer_exception_blob}
  0x0000024429878e80: feff ffe8 

  0x0000024429878e84: ; ImmutableOopMap {rdx=Oop }
                      ;*invokevirtual fireValueChangedEvent {reexecute=0 rethrow=0 return_oop=0}
                      ; - com.sun.javafx.binding.ExpressionHelper::fireValueChangedEvent@5 (line 91)
                      ; - javafx.beans.property.ReadOnlyObjectPropertyBase::fireValueChangedEvent@4 (line 80)
                      ; - javafx.beans.property.ReadOnlyObjectWrapper::fireValueChangedEvent@15 (line 102)
  0x0000024429878e84: d81d 0407 

  0x0000024429878e88: ;   {internal_word}
  0x0000024429878e88: 49ba c98d | 8729 4402 | 0000 4d89 | 97b8 0400 

  0x0000024429878e98: ;   {runtime_call SafepointBlob}
  0x0000024429878e98: 00e9 c283 | f706 498b | 8768 0500 | 0049 c787 | 6805 0000 | 0000 0000 | 49c7 8770 | 0500 0000 
  0x0000024429878eb8: 0000 0048 | 83c4 405d 

  0x0000024429878ec0: ;   {runtime_call C1 Runtime unwind_exception_blob}
  0x0000024429878ec0: e99b 0e04 | 07f4 f4f4 
[Stub Code]
  0x0000024429878ec8: ;   {other}
  0x0000024429878ec8: 0f1f 4400 

  0x0000024429878ecc: ;   {static_stub}
  0x0000024429878ecc: 0048 bb00 | 0000 0000 

  0x0000024429878ed4: ;   {runtime_call nmethod}
  0x0000024429878ed4: 0000 00e9 | fbff ffff 

  0x0000024429878edc: ;   {static_stub}
  0x0000024429878edc: 9048 bb00 | 0000 0000 

  0x0000024429878ee4: ;   {runtime_call nmethod}
  0x0000024429878ee4: 0000 00e9 | fbff ffff 
[Exception Handler]
  0x0000024429878eec: ;   {runtime_call C1 Runtime handle_exception_from_callee_blob}
  0x0000024429878eec: e86f 4304 

  0x0000024429878ef0: ;   {external_word}
  0x0000024429878ef0: 0748 b928 | 7272 d2fa | 7f00 0048 

  0x0000024429878efc: ;   {runtime_call}
  0x0000024429878efc: 83e4 f048 | b840 e433 | d2fa 7f00 | 00ff d0f4 

  0x0000024429878f0c: ;   {runtime_call DeoptimizationBlob}
  0x0000024429878f0c: e84f 86f7 | 06eb f9f4 | f4f4 f4f4 
[/MachCode]


---------------  P R O C E S S  ---------------

Threads class SMR info:
_java_thread_list=0x0000024449c00da0, length=64, elements={
0x000002441ee60280, 0x0000024443e3a220, 0x0000024443e3ab20, 0x0000024443e3c690,
0x0000024443e3d400, 0x0000024443e47bd0, 0x0000024443e4a4c0, 0x0000024443e659e0,
0x0000024443e671f0, 0x00000244443857d0, 0x00000244443861a0, 0x000002444456b2d0,
0x00000244446b1540, 0x00000244446b1cf0, 0x00000244446460e0, 0x0000024444e7cfe0,
0x00000244493891a0, 0x00000244491fb570, 0x00000244497bc230, 0x00000244498fef40,
0x0000024444def6f0, 0x0000024449d34490, 0x0000024449d35c00, 0x0000024449d32d20,
0x0000024449d38ae0, 0x0000024450a27a40, 0x0000024450a2b0f0, 0x0000024450a2b8c0,
0x0000024450a28210, 0x000002445097d700, 0x000002445097fe10, 0x000002444995fcd0,
0x0000024449960c70, 0x0000024453aa4630, 0x0000024454965e00, 0x00000244537df2f0,
0x00000244537dcbe0, 0x00000244537e3940, 0x00000244537e4110, 0x00000244537e29a0,
0x0000024450da7400, 0x0000024450da63e0, 0x00000244537e9700, 0x00000244537e6050,
0x00000244537ea6a0, 0x0000024456c82f70, 0x0000024456c827a0, 0x0000024450da7c10,
0x0000024450da9c50, 0x0000024456c88d30, 0x0000024456c8a4a0, 0x0000024456c88560,
0x0000024456c91200, 0x0000024456be0b40, 0x0000024456be3250, 0x0000024456be6900,
0x0000024456be49c0, 0x0000024456be41f0, 0x0000024456be9fb0, 0x0000024456be8070,
0x0000024456bebef0, 0x0000024456bec6c0, 0x0000024456bece90, 0x0000024456bede30
}

Java Threads: ( => current thread )
  0x000002441ee60280 JavaThread "main"                              [_thread_blocked, id=12632, stack(0x0000008045a00000,0x0000008045b00000) (1024K)]
  0x0000024443e3a220 JavaThread "Reference Handler"          daemon [_thread_blocked, id=35364, stack(0x0000008046300000,0x0000008046400000) (1024K)]
  0x0000024443e3ab20 JavaThread "Finalizer"                  daemon [_thread_blocked, id=37072, stack(0x0000008046400000,0x0000008046500000) (1024K)]
  0x0000024443e3c690 JavaThread "Signal Dispatcher"          daemon [_thread_blocked, id=23820, stack(0x0000008046500000,0x0000008046600000) (1024K)]
  0x0000024443e3d400 JavaThread "Attach Listener"            daemon [_thread_blocked, id=28636, stack(0x0000008046600000,0x0000008046700000) (1024K)]
  0x0000024443e47bd0 JavaThread "Service Thread"             daemon [_thread_blocked, id=33960, stack(0x0000008046700000,0x0000008046800000) (1024K)]
  0x0000024443e4a4c0 JavaThread "Monitor Deflation Thread"   daemon [_thread_blocked, id=36764, stack(0x0000008046800000,0x0000008046900000) (1024K)]
  0x0000024443e659e0 JavaThread "C2 CompilerThread0"         daemon [_thread_blocked, id=33004, stack(0x0000008046900000,0x0000008046a00000) (1024K)]
  0x0000024443e671f0 JavaThread "C1 CompilerThread0"         daemon [_thread_blocked, id=21432, stack(0x0000008046a00000,0x0000008046b00000) (1024K)]
  0x00000244443857d0 JavaThread "C1 CompilerThread1"         daemon [_thread_blocked, id=33848, stack(0x0000008046b00000,0x0000008046c00000) (1024K)]
  0x00000244443861a0 JavaThread "C1 CompilerThread2"         daemon [_thread_blocked, id=23764, stack(0x0000008046c00000,0x0000008046d00000) (1024K)]
  0x000002444456b2d0 JavaThread "Common-Cleaner"             daemon [_thread_blocked, id=3136, stack(0x0000008046e00000,0x0000008046f00000) (1024K)]
  0x00000244446b1540 JavaThread "Monitor Ctrl-Break"         daemon [_thread_in_native, id=10332, stack(0x0000008046f00000,0x0000008047000000) (1024K)]
  0x00000244446b1cf0 JavaThread "Notification Thread"        daemon [_thread_blocked, id=11328, stack(0x0000008047000000,0x0000008047100000) (1024K)]
  0x00000244446460e0 JavaThread "JavaFX-Launcher"                   [_thread_blocked, id=9624, stack(0x0000008047100000,0x0000008047200000) (1024K)]
  0x0000024444e7cfe0 JavaThread "QuantumRenderer-0"          daemon [_thread_blocked, id=8344, stack(0x0000008047700000,0x0000008047800000) (1024K)]
  0x00000244493891a0 JavaThread "InvokeLaterDispatcher"      daemon [_thread_blocked, id=16724, stack(0x0000008046d00000,0x0000008046e00000) (1024K)]
=>0x00000244491fb570 JavaThread "JavaFX Application Thread"         [_thread_in_vm, id=29852, stack(0x0000008047a00000,0x0000008047b00000) (1024K)]
  0x00000244497bc230 JavaThread "Thread-2"                   daemon [_thread_in_native, id=35988, stack(0x0000008047d00000,0x0000008047e00000) (1024K)]
  0x00000244498fef40 JavaThread "mysql-cj-abandoned-connection-cleanup" daemon [_thread_blocked, id=29332, stack(0x0000008047f00000,0x0000008048000000) (1024K)]
  0x0000024444def6f0 JavaThread "C1 CompilerThread3"         daemon [_thread_blocked, id=38192, stack(0x0000008048300000,0x0000008048400000) (1024K)]
  0x0000024449d34490 JavaThread "Thread-3"                   daemon [_thread_blocked, id=1608, stack(0x0000008048400000,0x0000008048500000) (1024K)]
  0x0000024449d35c00 JavaThread "Thread-4"                   daemon [_thread_blocked, id=28704, stack(0x0000008048500000,0x0000008048600000) (1024K)]
  0x0000024449d32d20 JavaThread "Thread-5"                   daemon [_thread_blocked, id=12056, stack(0x0000008048600000,0x0000008048700000) (1024K)]
  0x0000024449d38ae0 JavaThread "Thread-6"                   daemon [_thread_blocked, id=21528, stack(0x0000008048700000,0x0000008048800000) (1024K)]
  0x0000024450a27a40 JavaThread "Thread-7"                   daemon [_thread_blocked, id=13840, stack(0x0000008048800000,0x0000008048900000) (1024K)]
  0x0000024450a2b0f0 JavaThread "Thread-8"                   daemon [_thread_blocked, id=28840, stack(0x0000008048900000,0x0000008048a00000) (1024K)]
  0x0000024450a2b8c0 JavaThread "Thread-9"                   daemon [_thread_blocked, id=38680, stack(0x0000008048a00000,0x0000008048b00000) (1024K)]
  0x0000024450a28210 JavaThread "Thread-10"                  daemon [_thread_blocked, id=31264, stack(0x0000008048b00000,0x0000008048c00000) (1024K)]
  0x000002445097d700 JavaThread "Thread-11"                  daemon [_thread_blocked, id=18764, stack(0x0000008049100000,0x0000008049200000) (1024K)]
  0x000002445097fe10 JavaThread "Thread-12"                  daemon [_thread_blocked, id=6888, stack(0x0000008049200000,0x0000008049300000) (1024K)]
  0x000002444995fcd0 JavaThread "Prism Font Disposer"        daemon [_thread_blocked, id=25952, stack(0x0000008049800000,0x0000008049900000) (1024K)]
  0x0000024449960c70 JavaThread "Keep-Alive-Timer"           daemon [_thread_blocked, id=34752, stack(0x0000008049900000,0x0000008049a00000) (1024K)]
  0x0000024453aa4630 JavaThread "InnocuousThread-1"          daemon [_thread_blocked, id=17552, stack(0x0000008049d00000,0x0000008049e00000) (1024K)]
  0x0000024454965e00 JavaThread "Cleaner-0"                  daemon [_thread_blocked, id=25424, stack(0x0000008049e60000,0x0000008049f60000) (1024K)]
  0x00000244537df2f0 JavaThread "Disposer"                   daemon [_thread_blocked, id=28436, stack(0x0000008048000000,0x0000008048100000) (1024K)]
  0x00000244537dcbe0 JavaThread "VirtualThread-unblocker"    daemon [_thread_blocked, id=29476, stack(0x0000008048100000,0x0000008048200000) (1024K)]
  0x00000244537e3940 JavaThread "ForkJoinPool-1-worker-1"    daemon [_thread_in_native, id=24404, stack(0x0000008049a00000,0x0000008049b00000) (1024K)]
  0x00000244537e4110 JavaThread "URL-Loader-1"               daemon [_thread_blocked, id=6052, stack(0x0000008049b00000,0x0000008049c00000) (1024K)]
  0x00000244537e29a0 JavaThread "ForkJoinPool-1-worker-2"    daemon [_thread_blocked, id=12596, stack(0x0000008049c00000,0x0000008049d00000) (1024K)]
  0x0000024450da7400 JavaThread "C2 CompilerThread1"         daemon [_thread_blocked, id=22776, stack(0x0000008049f70000,0x000000804a070000) (1024K)]
  0x0000024450da63e0 JavaThread "C2 CompilerThread2"         daemon [_thread_blocked, id=20808, stack(0x000000804a070000,0x000000804a170000) (1024K)]
  0x00000244537e9700 JavaThread "Thread-14"                  daemon [_thread_in_native, id=10640, stack(0x000000804a170000,0x000000804a270000) (1024K)]
  0x00000244537e6050 JavaThread "HttpClient-1-Worker-0"      daemon [_thread_blocked, id=22316, stack(0x000000804a270000,0x000000804a370000) (1024K)]
  0x00000244537ea6a0 JavaThread "HttpClient-1-Worker-1"      daemon [_thread_blocked, id=29580, stack(0x000000804a370000,0x000000804a470000) (1024K)]
  0x0000024456c82f70 JavaThread "HttpClient-1-Worker-2"      daemon [_thread_blocked, id=34436, stack(0x000000804ac70000,0x000000804ad70000) (1024K)]
  0x0000024456c827a0 JavaThread "HttpClient-1-Worker-3"      daemon [_thread_blocked, id=28224, stack(0x000000804ad70000,0x000000804ae70000) (1024K)]
  0x0000024450da7c10 JavaThread "C2 CompilerThread3"         daemon [_thread_blocked, id=9240, stack(0x000000804ae70000,0x000000804af70000) (1024K)]
  0x0000024450da9c50 JavaThread "C2 CompilerThread4"         daemon [_thread_blocked, id=24280, stack(0x000000804af70000,0x000000804b070000) (1024K)]
  0x0000024456c88d30 JavaThread "ForkJoinPool.commonPool-worker-1" daemon [_thread_blocked, id=23628, stack(0x000000804b170000,0x000000804b270000) (1024K)]
  0x0000024456c8a4a0 JavaThread "ForkJoinPool.commonPool-worker-2" daemon [_thread_blocked, id=14736, stack(0x000000804b270000,0x000000804b370000) (1024K)]
  0x0000024456c88560 JavaThread "ForkJoinPool.commonPool-worker-3" daemon [_thread_blocked, id=26164, stack(0x000000804b370000,0x000000804b470000) (1024K)]
  0x0000024456c91200 JavaThread "HttpClient-1-Worker-4"      daemon [_thread_blocked, id=15192, stack(0x000000804b770000,0x000000804b870000) (1024K)]
  0x0000024456be0b40 JavaThread "HttpClient-1-Worker-5"      daemon [_thread_blocked, id=22940, stack(0x000000804b870000,0x000000804b970000) (1024K)]
  0x0000024456be3250 JavaThread "HttpClient-1-Worker-6"      daemon [_thread_blocked, id=9968, stack(0x000000804b970000,0x000000804ba70000) (1024K)]
  0x0000024456be6900 JavaThread "HttpClient-1-Worker-7"      daemon [_thread_blocked, id=23952, stack(0x000000804ba70000,0x000000804bb70000) (1024K)]
  0x0000024456be49c0 JavaThread "HttpClient-1-Worker-8"      daemon [_thread_blocked, id=22740, stack(0x000000804bb70000,0x000000804bc70000) (1024K)]
  0x0000024456be41f0 JavaThread "ForkJoinPool-1-worker-3"    daemon [_thread_blocked, id=10592, stack(0x000000804bc70000,0x000000804bd70000) (1024K)]
  0x0000024456be9fb0 JavaThread "ForkJoinPool-1-worker-4"    daemon [_thread_blocked, id=18528, stack(0x000000804bd70000,0x000000804be70000) (1024K)]
  0x0000024456be8070 JavaThread "ForkJoinPool.commonPool-worker-5" daemon [_thread_blocked, id=25816, stack(0x000000804be70000,0x000000804bf70000) (1024K)]
  0x0000024456bebef0 JavaThread "ForkJoinPool.commonPool-worker-7" daemon [_thread_blocked, id=26640, stack(0x000000804bf70000,0x000000804c070000) (1024K)]
  0x0000024456bec6c0 JavaThread "ForkJoinPool.commonPool-worker-4" daemon [_thread_blocked, id=32776, stack(0x000000804c070000,0x000000804c170000) (1024K)]
  0x0000024456bece90 JavaThread "ForkJoinPool.commonPool-worker-8" daemon [_thread_blocked, id=38516, stack(0x000000804c170000,0x000000804c270000) (1024K)]
  0x0000024456bede30 JavaThread "ForkJoinPool.commonPool-worker-6" daemon [_thread_blocked, id=20148, stack(0x000000804c270000,0x000000804c370000) (1024K)]
Total: 64

Other Threads:
  0x0000024443e27a00 VMThread "VM Thread"                           [id=18412, stack(0x0000008046200000,0x0000008046300000) (1024K)]
  0x000002441eed6ed0 WatcherThread "VM Periodic Task Thread"        [id=37760, stack(0x0000008046100000,0x0000008046200000) (1024K)]
  0x000002441eebe120 WorkerThread "GC Thread#0"                     [id=37428, stack(0x0000008045b00000,0x0000008045c00000) (1024K)]
  0x0000024444b63270 WorkerThread "GC Thread#1"                     [id=8940, stack(0x0000008047200000,0x0000008047300000) (1024K)]
  0x0000024444b63690 WorkerThread "GC Thread#2"                     [id=23680, stack(0x0000008047300000,0x0000008047400000) (1024K)]
  0x0000024444b63ab0 WorkerThread "GC Thread#3"                     [id=26576, stack(0x0000008047400000,0x0000008047500000) (1024K)]
  0x000002444953d920 WorkerThread "GC Thread#4"                     [id=2604, stack(0x0000008047900000,0x0000008047a00000) (1024K)]
  0x0000024449636cd0 WorkerThread "GC Thread#5"                     [id=38784, stack(0x0000008047c00000,0x0000008047d00000) (1024K)]
  0x00000244496e7c00 WorkerThread "GC Thread#6"                     [id=12836, stack(0x0000008048200000,0x0000008048300000) (1024K)]
  0x00000244496e9e80 WorkerThread "GC Thread#7"                     [id=31616, stack(0x0000008048c00000,0x0000008048d00000) (1024K)]
  0x00000244496eab70 WorkerThread "GC Thread#8"                     [id=15296, stack(0x0000008048d00000,0x0000008048e00000) (1024K)]
  0x00000244496ea2d0 WorkerThread "GC Thread#9"                     [id=24312, stack(0x0000008048e00000,0x0000008048f00000) (1024K)]
  0x00000244496ea720 WorkerThread "GC Thread#10"                    [id=23964, stack(0x0000008048f00000,0x0000008049000000) (1024K)]
  0x0000024450a42fc0 WorkerThread "GC Thread#11"                    [id=36464, stack(0x0000008049000000,0x0000008049100000) (1024K)]
  0x0000024450a404a0 WorkerThread "GC Thread#12"                    [id=22040, stack(0x0000008049700000,0x0000008049800000) (1024K)]
  0x000002441eed08e0 ConcurrentGCThread "G1 Main Marker"            [id=17936, stack(0x0000008045c00000,0x0000008045d00000) (1024K)]
  0x000002441eed4260 WorkerThread "G1 Conc#0"                       [id=38188, stack(0x0000008045d00000,0x0000008045e00000) (1024K)]
  0x0000024444d8d010 WorkerThread "G1 Conc#1"                       [id=27572, stack(0x0000008047500000,0x0000008047600000) (1024K)]
  0x0000024444de3c60 WorkerThread "G1 Conc#2"                       [id=36488, stack(0x0000008047600000,0x0000008047700000) (1024K)]
  0x0000024443cefc90 WorkerThread "G1 Refinement Workers#0"         [id=24628, stack(0x0000008045f00000,0x0000008046000000) (1024K)]
  0x0000024443cef820 ConcurrentGCThread "G1 Refine Control"         [id=28568, stack(0x0000008045e00000,0x0000008045f00000) (1024K)]
  0x0000024443cf0200 ConcurrentGCThread "G1 Service"                [id=12396, stack(0x0000008046000000,0x0000008046100000) (1024K)]
Total: 22

Threads with active compile tasks:
Total: 0

VM state: not at safepoint (normal execution)

VM Mutex/Monitor currently owned by a thread: None

Heap address: 0x000000068c000000, size: 5952 MB, Compressed Oops mode: Zero based, Oop shift amount: 3

CDS archive(s) mapped at: [0x0000000012000000-0x0000000012de0000-0x0000000012de0000), size 14548992, SharedBaseAddress: 0x0000000012000000, ArchiveRelocationMode: 1.
Compressed class space mapped at: 0x0000000013000000-0x0000000053000000, reserved size: 1073741824
UseCompressedClassPointers 1, UseCompactObjectHeaders 0
Narrow klass pointer bits 32, Max shift 3
Narrow klass base: 0x0000000012000000, Narrow klass shift: 0
Encoding Range: [0x0000000012000000 - 0x0000000112000000), (4294967296 bytes)
Klass Range:    [0x0000000012000000 - 0x0000000053000000), (1090519040 bytes)
Klass ID Range:  [8 - 1090519033) (1090519025)
Protection zone: [0x0000000012000000 - 0x0000000012010000), (65536 bytes)

GC Precious Log:
 CardTable entry size: 512
 Card Set container configuration: InlinePtr #cards 4 size 8 Array Of Cards #cards 32 size 80 Howl #buckets 8 coarsen threshold 7372 Howl Bitmap #cards 1024 size 144 coarsen threshold 921 Card regions per heap region 1 cards per card region 8192
 CPUs: 16 total, 16 available
 Memory: 23805M
 Large Page Support: Disabled
 NUMA Support: Disabled
 Compressed Oops: Enabled (Zero based)
 Heap Region Size: 4M
 Heap Min Capacity: 8M
 Heap Initial Capacity: 8M
 Heap Max Capacity: 5952M
 Pre-touch: Disabled
 Parallel Workers: 13
 Concurrent Workers: 3
 Concurrent Refinement Workers: 13
 Periodic GC: Disabled

Heap:
 garbage-first heap   total reserved 6094848K, committed 61440K, used 32126K [0x000000068c000000, 0x0000000800000000)
  region size 4M, 5 eden (20M), 2 survivor (8M), 3 old (12M), 0 humongous (0M), 5 free (20M)

Heap Regions: E=young(eden), S=young(survivor), O=old, HS=humongous(starts), HC=humongous(continues), CS=collection set, F=free, TAMS=top-at-mark-start, PB=parsable bottom
|    0|0x000000068c000000, 0x000000068c400000, 0x000000068c400000|100%| O|  |TAMS 0x000000068c000000| PB 0x000000068c000000| Untracked |  0
|    1|0x000000068c400000, 0x000000068c800000, 0x000000068c800000|100%| O|  |TAMS 0x000000068c400000| PB 0x000000068c400000| Untracked |  1
|    2|0x000000068c800000, 0x000000068cb5fad0, 0x000000068cc00000| 84%| O|  |TAMS 0x000000068c800000| PB 0x000000068c800000| Untracked |  0
|    3|0x000000068cc00000, 0x000000068cc00000, 0x000000068d000000|  0%| F|  |TAMS 0x000000068cc00000| PB 0x000000068cc00000| Untracked |  0
|    4|0x000000068d000000, 0x000000068d000000, 0x000000068d400000|  0%| F|  |TAMS 0x000000068d000000| PB 0x000000068d000000| Untracked |  0
|    5|0x000000068d400000, 0x000000068d800000, 0x000000068d800000|100%| S|CS|TAMS 0x000000068d400000| PB 0x000000068d400000| Complete  |  0
|    6|0x000000068d800000, 0x000000068dc00000, 0x000000068dc00000|100%| S|CS|TAMS 0x000000068d800000| PB 0x000000068d800000| Complete  |  0
|    7|0x000000068dc00000, 0x000000068dc00000, 0x000000068e000000|  0%| F|  |TAMS 0x000000068dc00000| PB 0x000000068dc00000| Untracked |  0
|    8|0x000000068e000000, 0x000000068e000000, 0x000000068e400000|  0%| F|  |TAMS 0x000000068e000000| PB 0x000000068e000000| Untracked |  0
|    9|0x000000068e400000, 0x000000068e400000, 0x000000068e800000|  0%| F|  |TAMS 0x000000068e400000| PB 0x000000068e400000| Untracked |  0
|   10|0x000000068e800000, 0x000000068e9977b8, 0x000000068ec00000| 39%| E|CS|TAMS 0x000000068e800000| PB 0x000000068e800000| Complete  |  0
|   11|0x000000068ec00000, 0x000000068f000000, 0x000000068f000000|100%| E|CS|TAMS 0x000000068ec00000| PB 0x000000068ec00000| Complete  |  0
|   12|0x000000068f000000, 0x000000068f400000, 0x000000068f400000|100%| E|CS|TAMS 0x000000068f000000| PB 0x000000068f000000| Complete  |  0
|   13|0x000000068f400000, 0x000000068f7fff68, 0x000000068f800000| 99%| E|CS|TAMS 0x000000068f400000| PB 0x000000068f400000| Complete  |  1
| 1487|0x00000007ffc00000, 0x0000000800000000, 0x0000000800000000|100%| E|CS|TAMS 0x00000007ffc00000| PB 0x00000007ffc00000| Complete  |  1

Card table byte_map: [0x0000024439ec0000,0x000002443aa60000] _byte_map_base: 0x0000024436a60000
Refinement table byte_map: [0x000002443aa60000,0x000002443b600000] _byte_map_base: 0x0000024437600000

Marking Bits: (CMBitMap*) 0x000002441eebe8a0
 Bits: [0x000002443b600000, 0x0000024441300000)

Polling page: 0x00000244291d0000

Metaspace:
Metaspace        used 32785K, committed 33216K, reserved 1114112K
 class space     used 4498K, committed 4672K, reserved 1048576K

Usage:
  Non-class:     27.62 MB used.
      Class:      4.39 MB used.
       Both:     32.02 MB used.

Virtual space:
  Non-class space:       64.00 MB reserved,      27.88 MB ( 44%) committed,  1 nodes.
      Class space:        1.00 GB reserved,       4.56 MB ( <1%) committed,  1 nodes.
             Both:        1.06 GB reserved,      32.44 MB (  3%) committed. 

Chunk freelists:
   Non-Class:  3.84 MB
       Class:  11.34 MB
        Both:  15.19 MB

MaxMetaspaceSize: unlimited
CompressedClassSpaceSize: 1.00 GB
Initial GC threshold: 21.00 MB
Current GC threshold: 35.12 MB
CDS: on
 - commit_granule_bytes: 65536.
 - commit_granule_words: 8192.
 - virtual_space_node_default_size: 8388608.
 - enlarge_chunks_in_place: 1.
UseCompressedClassPointers 1, UseCompactObjectHeaders 0
Narrow klass pointer bits 32, Max shift 3
Narrow klass base: 0x0000000012000000, Narrow klass shift: 0
Encoding Range: [0x0000000012000000 - 0x0000000112000000), (4294967296 bytes)
Klass Range:    [0x0000000012000000 - 0x0000000053000000), (1090519040 bytes)
Klass ID Range:  [8 - 1090519033) (1090519025)
Protection zone: [0x0000000012000000 - 0x0000000012010000), (65536 bytes)


Internal statistics:

num_allocs_failed_limit: 3.
num_arena_births: 396.
num_arena_deaths: 0.
num_vsnodes_births: 2.
num_vsnodes_deaths: 0.
num_space_committed: 519.
num_space_uncommitted: 0.
num_chunks_returned_to_freelist: 3.
num_chunks_taken_from_freelist: 1342.
num_chunk_merges: 3.
num_chunk_splits: 876.
num_chunks_enlarged: 654.
num_inconsistent_stats: 0.

CodeHeap 'non-profiled nmethods': size=119232Kb used=2267Kb max_used=2267Kb free=116964Kb
 bounds [0x0000024430ee0000, 0x0000024431150000, 0x0000024438350000]
CodeHeap 'profiled nmethods': size=119104Kb used=10173Kb max_used=10173Kb free=108930Kb
 bounds [0x0000024429350000, 0x0000024429d40000, 0x00000244307a0000]
CodeHeap 'non-nmethods': size=7424Kb used=3610Kb max_used=3689Kb free=3814Kb
 bounds [0x00000244307a0000, 0x0000024430b50000, 0x0000024430ee0000]
CodeCache: size=245760Kb, used=16050Kb, max_used=16129Kb, free=229708Kb
 total_blobs=7336, nmethods=6302, adapters=935, full_count=0
Compilation: enabled, stopped_count=0, restarted_count=0

Compilation events (20 events):
Event: 4.127 Thread 0x00000244443857d0 6384       1       com.sun.scenario.effect.impl.prism.PrTexture::getTextureObject (5 bytes)
Event: 4.127 Thread 0x00000244443857d0 nmethod 6384 0x0000024431110788 code [0x0000024431110880, 0x0000024431110938]
Event: 4.127 Thread 0x0000024443e671f0 6385       1       com.sun.webkit.WebPage::getPage (5 bytes)
Event: 4.127 Thread 0x0000024450da7c10 nmethod 6380 0x0000024431110a88 code [0x0000024431110b80, 0x0000024431110d88]
Event: 4.127 Thread 0x0000024443e671f0 nmethod 6385 0x0000024431110e08 code [0x0000024431110f00, 0x0000024431110fb8]
Event: 4.127 Thread 0x00000244443857d0 6386       3       com.sun.javafx.webkit.prism.WCGraphicsPrismContext$Composite::<init> (10 bytes)
Event: 4.127 Thread 0x00000244443861a0 6387       3       com.sun.javafx.webkit.prism.WCGraphicsPrismContext$Composite::paint (110 bytes)
Event: 4.128 Thread 0x00000244443857d0 nmethod 6386 0x0000024429d37d08 code [0x0000024429d37e00, 0x0000024429d37fb0]
Event: 4.128 Thread 0x00000244443857d0 6388       3       com.sun.javafx.geom.transform.AffineBase::concatenate (1433 bytes)
Event: 4.128 Thread 0x0000024444def6f0 6389       3       com.sun.javafx.geom.Rectangle::reshape (22 bytes)
Event: 4.128 Thread 0x00000244443861a0 nmethod 6387 0x0000024429d38008 code [0x0000024429d38100, 0x0000024429d38a68]
Event: 4.128 Thread 0x0000024444def6f0 nmethod 6389 0x0000024429d38a88 code [0x0000024429d38b80, 0x0000024429d38c88]
Event: 4.128 Thread 0x00000244443861a0 6390       3       com.sun.webkit.graphics.WCStroke::copyFrom (65 bytes)
Event: 4.128 Thread 0x0000024444def6f0 6391       3       com.sun.javafx.webkit.prism.WCGraphicsPrismContext$ContextState::setTextMode (16 bytes)
Event: 4.128 Thread 0x0000024444def6f0 nmethod 6391 0x0000024429d38d88 code [0x0000024429d38e80, 0x0000024429d38f90]
Event: 4.128 Thread 0x00000244443861a0 nmethod 6390 0x0000024429d39088 code [0x0000024429d39180, 0x0000024429d39378]
Event: 4.128 Thread 0x0000024444def6f0 6392       3       com.sun.javafx.webkit.prism.WCGraphicsPrismContext::restoreStateInternal (113 bytes)
Event: 4.128 Thread 0x00000244443861a0 6393       3       com.sun.javafx.webkit.prism.WCGraphicsPrismContext::restoreState (23 bytes)
Event: 4.128 Thread 0x0000024443e659e0 6394       4       com.sun.prism.impl.BaseTexture::assertLocked (8 bytes)
Event: 4.128 Thread 0x00000244443861a0 nmethod 6393 0x0000024429d39388 code [0x0000024429d39480, 0x0000024429d39830]

GC Heap Usage History (20 events):
Event: 0.638 {heap Before GC invocations=5 (full 0):
 garbage-first heap   total reserved 6094848K, committed 20480K, used 4522K [0x000000068c000000, 0x0000000800000000)
  region size 4M, 1 eden (4M), 1 survivor (4M), 1 old (4M), 0 humongous (0M), 2 free (8M)
}
Event: 0.639 {heap After GC invocations=6 (full 0):
 garbage-first heap   total reserved 6094848K, committed 20480K, used 4911K [0x000000068c000000, 0x0000000800000000)
  region size 4M, 0 eden (0M), 1 survivor (4M), 1 old (4M), 0 humongous (0M), 3 free (12M)
}
Event: 0.689 {heap Before GC invocations=6 (full 0):
 garbage-first heap   total reserved 6094848K, committed 20480K, used 4911K [0x000000068c000000, 0x0000000800000000)
  region size 4M, 1 eden (4M), 1 survivor (4M), 1 old (4M), 0 humongous (0M), 2 free (8M)
}
Event: 0.690 {heap After GC invocations=7 (full 0):
 garbage-first heap   total reserved 6094848K, committed 32768K, used 5750K [0x000000068c000000, 0x0000000800000000)
  region size 4M, 0 eden (0M), 1 survivor (4M), 1 old (4M), 0 humongous (0M), 6 free (24M)
}
Event: 0.826 {heap Before GC invocations=7 (full 0):
 garbage-first heap   total reserved 6094848K, committed 32768K, used 18038K [0x000000068c000000, 0x0000000800000000)
  region size 4M, 3 eden (12M), 1 survivor (4M), 1 old (4M), 0 humongous (0M), 3 free (12M)
}
Event: 0.828 {heap After GC invocations=8 (full 0):
 garbage-first heap   total reserved 6094848K, committed 32768K, used 7629K [0x000000068c000000, 0x0000000800000000)
  region size 4M, 0 eden (0M), 1 survivor (4M), 1 old (4M), 0 humongous (0M), 6 free (24M)
}
Event: 1.119 {heap Before GC invocations=8 (full 0):
 garbage-first heap   total reserved 6094848K, committed 32768K, used 15821K [0x000000068c000000, 0x0000000800000000)
  region size 4M, 3 eden (12M), 1 survivor (4M), 1 old (4M), 0 humongous (0M), 3 free (12M)
}
Event: 1.122 {heap After GC invocations=9 (full 0):
 garbage-first heap   total reserved 6094848K, committed 32768K, used 10546K [0x000000068c000000, 0x0000000800000000)
  region size 4M, 0 eden (0M), 1 survivor (4M), 2 old (8M), 0 humongous (0M), 5 free (20M)
}
Event: 1.216 {heap Before GC invocations=9 (full 0):
 garbage-first heap   total reserved 6094848K, committed 32768K, used 22834K [0x000000068c000000, 0x0000000800000000)
  region size 4M, 3 eden (12M), 1 survivor (4M), 2 old (8M), 0 humongous (0M), 2 free (8M)
}
Event: 1.219 {heap After GC invocations=10 (full 0):
 garbage-first heap   total reserved 6094848K, committed 32768K, used 12196K [0x000000068c000000, 0x0000000800000000)
  region size 4M, 0 eden (0M), 1 survivor (4M), 3 old (12M), 0 humongous (0M), 4 free (16M)
}
Event: 1.262 {heap Before GC invocations=10 (full 0):
 garbage-first heap   total reserved 6094848K, committed 32768K, used 12196K [0x000000068c000000, 0x0000000800000000)
  region size 4M, 1 eden (4M), 1 survivor (4M), 3 old (12M), 0 humongous (0M), 3 free (12M)
}
Event: 1.264 {heap After GC invocations=11 (full 0):
 garbage-first heap   total reserved 6094848K, committed 32768K, used 12174K [0x000000068c000000, 0x0000000800000000)
  region size 4M, 0 eden (0M), 1 survivor (4M), 3 old (12M), 0 humongous (0M), 4 free (16M)
}
Event: 1.312 {heap Before GC invocations=12 (full 0):
 garbage-first heap   total reserved 6094848K, committed 32768K, used 16270K [0x000000068c000000, 0x0000000800000000)
  region size 4M, 2 eden (8M), 1 survivor (4M), 3 old (12M), 0 humongous (0M), 2 free (8M)
}
Event: 1.314 {heap After GC invocations=13 (full 0):
 garbage-first heap   total reserved 6094848K, committed 32768K, used 13598K [0x000000068c000000, 0x0000000800000000)
  region size 4M, 0 eden (0M), 1 survivor (4M), 3 old (12M), 0 humongous (0M), 4 free (16M)
}
Event: 1.382 {heap Before GC invocations=13 (full 0):
 garbage-first heap   total reserved 6094848K, committed 32768K, used 17694K [0x000000068c000000, 0x0000000800000000)
  region size 4M, 2 eden (8M), 1 survivor (4M), 3 old (12M), 0 humongous (0M), 2 free (8M)
}
Event: 1.383 {heap After GC invocations=14 (full 0):
 garbage-first heap   total reserved 6094848K, committed 32768K, used 13240K [0x000000068c000000, 0x0000000800000000)
  region size 4M, 0 eden (0M), 1 survivor (4M), 3 old (12M), 0 humongous (0M), 4 free (16M)
}
Event: 1.468 {heap Before GC invocations=14 (full 0):
 garbage-first heap   total reserved 6094848K, committed 32768K, used 21432K [0x000000068c000000, 0x0000000800000000)
  region size 4M, 2 eden (8M), 1 survivor (4M), 3 old (12M), 0 humongous (0M), 2 free (8M)
}
Event: 1.471 {heap After GC invocations=15 (full 0):
 garbage-first heap   total reserved 6094848K, committed 61440K, used 14618K [0x000000068c000000, 0x0000000800000000)
  region size 4M, 0 eden (0M), 1 survivor (4M), 3 old (12M), 0 humongous (0M), 11 free (44M)
}
Event: 3.781 {heap Before GC invocations=15 (full 0):
 garbage-first heap   total reserved 6094848K, committed 61440K, used 43290K [0x000000068c000000, 0x0000000800000000)
  region size 4M, 8 eden (32M), 1 survivor (4M), 3 old (12M), 0 humongous (0M), 3 free (12M)
}
Event: 3.785 {heap After GC invocations=16 (full 0):
 garbage-first heap   total reserved 6094848K, committed 61440K, used 19838K [0x000000068c000000, 0x0000000800000000)
  region size 4M, 0 eden (0M), 2 survivor (8M), 3 old (12M), 0 humongous (0M), 10 free (40M)
}

Metaspace Usage History (20 events):
Event: 0.638 {metaspace Before GC invocations=5 (full 0):
 Metaspace       used 7834K, committed 8000K, reserved 1114112K
  class space    used 974K, committed 1088K, reserved 1048576K
}
Event: 0.639 {metaspace After GC invocations=6 (full 0):
 Metaspace       used 7834K, committed 8000K, reserved 1114112K
  class space    used 974K, committed 1088K, reserved 1048576K
}
Event: 0.689 {metaspace Before GC invocations=6 (full 0):
 Metaspace       used 8859K, committed 9024K, reserved 1114112K
  class space    used 1137K, committed 1216K, reserved 1048576K
}
Event: 0.690 {metaspace After GC invocations=7 (full 0):
 Metaspace       used 8859K, committed 9024K, reserved 1114112K
  class space    used 1137K, committed 1216K, reserved 1048576K
}
Event: 0.826 {metaspace Before GC invocations=7 (full 0):
 Metaspace       used 12036K, committed 12224K, reserved 1114112K
  class space    used 1576K, committed 1664K, reserved 1048576K
}
Event: 0.828 {metaspace After GC invocations=8 (full 0):
 Metaspace       used 12036K, committed 12224K, reserved 1114112K
  class space    used 1576K, committed 1664K, reserved 1048576K
}
Event: 1.119 {metaspace Before GC invocations=8 (full 0):
 Metaspace       used 18544K, committed 18816K, reserved 1114112K
  class space    used 2339K, committed 2496K, reserved 1048576K
}
Event: 1.122 {metaspace After GC invocations=9 (full 0):
 Metaspace       used 18544K, committed 18816K, reserved 1114112K
  class space    used 2339K, committed 2496K, reserved 1048576K
}
Event: 1.216 {metaspace Before GC invocations=9 (full 0):
 Metaspace       used 20591K, committed 20800K, reserved 1114112K
  class space    used 2634K, committed 2752K, reserved 1048576K
}
Event: 1.219 {metaspace After GC invocations=10 (full 0):
 Metaspace       used 20591K, committed 20800K, reserved 1114112K
  class space    used 2634K, committed 2752K, reserved 1048576K
}
Event: 1.262 {metaspace Before GC invocations=10 (full 0):
 Metaspace       used 21290K, committed 21504K, reserved 1114112K
  class space    used 2776K, committed 2880K, reserved 1048576K
}
Event: 1.264 {metaspace After GC invocations=11 (full 0):
 Metaspace       used 21290K, committed 21504K, reserved 1114112K
  class space    used 2776K, committed 2880K, reserved 1048576K
}
Event: 1.312 {metaspace Before GC invocations=12 (full 0):
 Metaspace       used 22636K, committed 22912K, reserved 1114112K
  class space    used 3005K, committed 3136K, reserved 1048576K
}
Event: 1.314 {metaspace After GC invocations=13 (full 0):
 Metaspace       used 22636K, committed 22912K, reserved 1114112K
  class space    used 3005K, committed 3136K, reserved 1048576K
}
Event: 1.382 {metaspace Before GC invocations=13 (full 0):
 Metaspace       used 23924K, committed 24128K, reserved 1114112K
  class space    used 3340K, committed 3456K, reserved 1048576K
}
Event: 1.383 {metaspace After GC invocations=14 (full 0):
 Metaspace       used 23924K, committed 24128K, reserved 1114112K
  class space    used 3340K, committed 3456K, reserved 1048576K
}
Event: 1.468 {metaspace Before GC invocations=14 (full 0):
 Metaspace       used 24534K, committed 24704K, reserved 1114112K
  class space    used 3445K, committed 3520K, reserved 1048576K
}
Event: 1.471 {metaspace After GC invocations=15 (full 0):
 Metaspace       used 24534K, committed 24704K, reserved 1114112K
  class space    used 3445K, committed 3520K, reserved 1048576K
}
Event: 3.781 {metaspace Before GC invocations=15 (full 0):
 Metaspace       used 31326K, committed 31680K, reserved 1114112K
  class space    used 4311K, committed 4480K, reserved 1048576K
}
Event: 3.785 {metaspace After GC invocations=16 (full 0):
 Metaspace       used 31326K, committed 31680K, reserved 1114112K
  class space    used 4311K, committed 4480K, reserved 1048576K
}

Dll operation events (20 events):
Event: 0.277 Attempting to load shared library C:\Users\HB\.openjfx\cache\21.0.2+5\amd64\vcruntime140.dll
Event: 0.277 Loaded shared library C:\Users\HB\.openjfx\cache\21.0.2+5\amd64\vcruntime140.dll
Event: 0.279 Attempting to load shared library C:\Users\HB\.openjfx\cache\21.0.2+5\amd64\vcruntime140_1.dll
Event: 0.280 Loaded shared library C:\Users\HB\.openjfx\cache\21.0.2+5\amd64\vcruntime140_1.dll
Event: 0.285 Attempting to load shared library C:\Users\HB\.openjfx\cache\21.0.2+5\amd64\msvcp140.dll
Event: 0.285 Loaded shared library C:\Users\HB\.openjfx\cache\21.0.2+5\amd64\msvcp140.dll
Event: 0.287 Attempting to load shared library C:\Users\HB\.openjfx\cache\21.0.2+5\amd64\msvcp140_1.dll
Event: 0.287 Loaded shared library C:\Users\HB\.openjfx\cache\21.0.2+5\amd64\msvcp140_1.dll
Event: 0.291 Attempting to load shared library C:\Users\HB\.openjfx\cache\21.0.2+5\amd64\msvcp140_2.dll
Event: 0.291 Loaded shared library C:\Users\HB\.openjfx\cache\21.0.2+5\amd64\msvcp140_2.dll
Event: 0.317 Attempting to load shared library C:\Users\HB\.openjfx\cache\21.0.2+5\amd64\prism_d3d.dll
Event: 0.319 Loaded shared library C:\Users\HB\.openjfx\cache\21.0.2+5\amd64\prism_d3d.dll
Event: 0.430 Attempting to load shared library C:\Users\HB\.openjfx\cache\21.0.2+5\amd64\glass.dll
Event: 0.431 Loaded shared library C:\Users\HB\.openjfx\cache\21.0.2+5\amd64\glass.dll
Event: 0.679 Attempting to load shared library C:\Users\HB\.openjfx\cache\21.0.2+5\amd64\javafx_font.dll
Event: 0.680 Loaded shared library C:\Users\HB\.openjfx\cache\21.0.2+5\amd64\javafx_font.dll
Event: 0.908 Attempting to load shared library C:\Users\HB\.jdks\openjdk-26\bin\sunmscapi.dll
Event: 0.909 Loaded shared library C:\Users\HB\.jdks\openjdk-26\bin\sunmscapi.dll
Event: 3.551 Attempting to load shared library C:\Users\HB\.openjfx\cache\21.0.2+5\amd64\jfxwebkit.dll
Event: 3.552 Loaded shared library C:\Users\HB\.openjfx\cache\21.0.2+5\amd64\jfxwebkit.dll

Deoptimization events (20 events):
Event: 4.111 Thread 0x0000024444e7cfe0 DEOPT PACKING pc=0x0000024429c77233 sp=0x00000080477fd690
Event: 4.111 Thread 0x0000024444e7cfe0 DEOPT UNPACKING pc=0x00000244307f1a02 sp=0x00000080477fcb80 mode 0
Event: 4.111 Thread 0x0000024444e7cfe0 DEOPT PACKING pc=0x0000024429c77407 sp=0x00000080477fd690
Event: 4.111 Thread 0x0000024444e7cfe0 DEOPT UNPACKING pc=0x00000244307f1a02 sp=0x00000080477fcb80 mode 0
Event: 4.116 Thread 0x0000024444e7cfe0 DEOPT PACKING pc=0x0000024429c77407 sp=0x00000080477fd690
Event: 4.116 Thread 0x0000024444e7cfe0 DEOPT UNPACKING pc=0x00000244307f1a02 sp=0x00000080477fcb80 mode 0
Event: 4.119 Thread 0x0000024444e7cfe0 DEOPT PACKING pc=0x0000024429c77407 sp=0x00000080477fd690
Event: 4.119 Thread 0x0000024444e7cfe0 DEOPT UNPACKING pc=0x00000244307f1a02 sp=0x00000080477fcb80 mode 0
Event: 4.122 Thread 0x0000024456c91200 DEOPT PACKING pc=0x0000024429ca79e2 sp=0x000000804b86e4d0
Event: 4.122 Thread 0x0000024456c91200 DEOPT UNPACKING pc=0x00000244307f1a02 sp=0x000000804b86d990 mode 0
Event: 4.122 Thread 0x0000024456c91200 DEOPT PACKING pc=0x0000024429ca79e2 sp=0x000000804b86e4d0
Event: 4.122 Thread 0x0000024456c91200 DEOPT UNPACKING pc=0x00000244307f1a02 sp=0x000000804b86d990 mode 0
Event: 4.122 Thread 0x0000024444e7cfe0 DEOPT PACKING pc=0x0000024429c77233 sp=0x00000080477fd690
Event: 4.122 Thread 0x0000024444e7cfe0 DEOPT UNPACKING pc=0x00000244307f1a02 sp=0x00000080477fcb80 mode 0
Event: 4.126 Thread 0x0000024444e7cfe0 DEOPT PACKING pc=0x0000024429c77407 sp=0x00000080477fd690
Event: 4.126 Thread 0x0000024444e7cfe0 DEOPT UNPACKING pc=0x00000244307f1a02 sp=0x00000080477fcb80 mode 0
Event: 4.128 Thread 0x00000244491fb570 Uncommon trap: trap_request=0xffffff95 fr.pc=0x00000244310cf94c relative=0x000000000000834c
Event: 4.128 Thread 0x00000244491fb570 Uncommon trap: reason=unreached action=reinterpret pc=0x00000244310cf94c method=jdk.internal.loader.BuiltinClassLoader.loadClassOrNull(Ljava/lang/String;Z)Ljava/lang/Class; @ 136 c2
Event: 4.128 Thread 0x00000244491fb570 DEOPT PACKING pc=0x00000244310cf94c sp=0x0000008047afc940
Event: 4.128 Thread 0x00000244491fb570 DEOPT UNPACKING pc=0x00000244308c3a02 sp=0x0000008047afc970 mode 2

Classes loaded (20 events):
Event: 3.853 Loading class java/util/concurrent/CompletableFuture$MinimalStage
Event: 3.853 Loading class java/util/concurrent/CompletableFuture$MinimalStage done
Event: 3.854 Loading class java/util/zip/CheckedInputStream
Event: 3.854 Loading class java/util/zip/CheckedInputStream done
Event: 3.855 Loading class java/util/concurrent/CompletableFuture$BiApply
Event: 3.855 Loading class java/util/concurrent/CompletableFuture$BiApply done
Event: 3.856 Loading class java/nio/HeapByteBufferR
Event: 3.856 Loading class java/nio/HeapByteBufferR done
Event: 3.857 Loading class java/util/zip/GZIPInputStream$1
Event: 3.857 Loading class java/util/zip/GZIPInputStream$1 done
Event: 4.016 Loading class com/sun/crypto/provider/HKDFKeyDerivation$HKDFSHA256
Event: 4.016 Loading class com/sun/crypto/provider/HKDFKeyDerivation$HKDFSHA256 done
Event: 4.016 Loading class com/sun/crypto/provider/HmacCore$HmacSHA256
Event: 4.016 Loading class com/sun/crypto/provider/HmacCore$HmacSHA256 done
Event: 4.018 Loading class sun/security/x509/OCSPNoCheckExtension
Event: 4.018 Loading class sun/security/x509/OCSPNoCheckExtension done
Event: 4.067 Loading class java/lang/foreign/MemorySegment
Event: 4.067 Loading class java/lang/foreign/MemorySegment done
Event: 4.077 Loading class java/util/zip/DataFormatException
Event: 4.077 Loading class java/util/zip/DataFormatException done

Classes unloaded (0 events):
No events

Classes redefined (0 events):
No events

Internal exceptions (20 events):
Event: 3.682 Thread 0x00000244537ea6a0 Exception <a 'java/lang/NoSuchMethodError'{0x000000068e2f4118}: 'java.lang.Object java.lang.invoke.DirectMethodHandle$Holder.invokeSpecial(java.lang.Object, java.lang.Object, java.lang.Object, java.lang.Object, long)'> (0x000000068e2f4118) 
thrown [s\open\src\hotspot\share\interpreter\linkResolver.cpp, line 804]
Event: 3.686 Thread 0x00000244537e6050 Exception <a 'java/lang/NoSuchMethodError'{0x000000068e3404f0}: 'void java.lang.invoke.DirectMethodHandle$Holder.invokeInterface(java.lang.Object, java.lang.Object, java.lang.Object)'> (0x000000068e3404f0) 
thrown [s\open\src\hotspot\share\interpreter\linkResolver.cpp, line 804]
Event: 3.686 Thread 0x00000244537ea6a0 Exception <a 'java/lang/NoSuchMethodError'{0x000000068e339b30}: 'void java.lang.invoke.DirectMethodHandle$Holder.invokeInterface(java.lang.Object, java.lang.Object, java.lang.Object)'> (0x000000068e339b30) 
thrown [s\open\src\hotspot\share\interpreter\linkResolver.cpp, line 804]
Event: 3.687 Thread 0x00000244537e6050 Exception <a 'java/lang/IncompatibleClassChangeError'{0x000000068e3484d0}: Found class java.lang.Object, but interface was expected> (0x000000068e3484d0) 
thrown [s\open\src\hotspot\share\interpreter\linkResolver.cpp, line 871]
Event: 3.687 Thread 0x00000244537ea6a0 Exception <a 'java/lang/IncompatibleClassChangeError'{0x000000068e357fe8}: Found class java.lang.Object, but interface was expected> (0x000000068e357fe8) 
thrown [s\open\src\hotspot\share\interpreter\linkResolver.cpp, line 871]
Event: 3.720 Thread 0x00000244537e3940 Exception <a 'java/lang/NoSuchMethodError'{0x000000068e662658}: 'int java.lang.invoke.DirectMethodHandle$Holder.invokeStatic(java.lang.Object, int, java.lang.Object)'> (0x000000068e662658) 
thrown [s\open\src\hotspot\share\interpreter\linkResolver.cpp, line 804]
Event: 3.721 Thread 0x00000244537e3940 Exception <a 'java/lang/NoSuchMethodError'{0x000000068dd1a7d0}: 'void java.lang.invoke.DirectMethodHandle$Holder.invokeStatic(java.lang.Object, java.lang.Object, int)'> (0x000000068dd1a7d0) 
thrown [s\open\src\hotspot\share\interpreter\linkResolver.cpp, line 804]
Event: 3.727 Thread 0x00000244537e3940 Exception <a 'java/lang/NoSuchMethodError'{0x000000068dd49a98}: 'long java.lang.invoke.DirectMethodHandle$Holder.invokeStatic(java.lang.Object, long, long)'> (0x000000068dd49a98) 
thrown [s\open\src\hotspot\share\interpreter\linkResolver.cpp, line 804]
Event: 3.727 Thread 0x00000244537e6050 Exception <a 'java/lang/NoSuchMethodError'{0x000000068de0a010}: 'long java.lang.invoke.DirectMethodHandle$Holder.invokeStatic(java.lang.Object, long, long)'> (0x000000068de0a010) 
thrown [s\open\src\hotspot\share\interpreter\linkResolver.cpp, line 804]
Event: 3.727 Thread 0x00000244537ea6a0 Exception <a 'java/lang/NoSuchMethodError'{0x000000068ddfe480}: 'long java.lang.invoke.DirectMethodHandle$Holder.invokeStatic(java.lang.Object, long, long)'> (0x000000068ddfe480) 
thrown [s\open\src\hotspot\share\interpreter\linkResolver.cpp, line 804]
Event: 3.844 Thread 0x00000244537ea6a0 Exception <a 'java/lang/NoSuchMethodError'{0x00000007ffe91a58}: 'long java.lang.invoke.DirectMethodHandle$Holder.invokeStatic(java.lang.Object, java.lang.Object)'> (0x00000007ffe91a58) 
thrown [s\open\src\hotspot\share\interpreter\linkResolver.cpp, line 804]
Event: 3.880 Thread 0x00000244491fb570 Exception <a 'java/io/FileNotFoundException'{0x00000007ffc58408}> (0x00000007ffc58408) 
thrown [s\open\src\hotspot\share\prims\jni.cpp, line 514]
Event: 3.880 Thread 0x00000244491fb570 Exception <a 'java/io/FileNotFoundException'{0x00000007ffc59248}> (0x00000007ffc59248) 
thrown [s\open\src\hotspot\share\prims\jni.cpp, line 514]
Event: 3.880 Thread 0x00000244491fb570 Exception <a 'java/io/FileNotFoundException'{0x00000007ffc5a0a0}> (0x00000007ffc5a0a0) 
thrown [s\open\src\hotspot\share\prims\jni.cpp, line 514]
Event: 3.880 Thread 0x00000244491fb570 Exception <a 'java/io/FileNotFoundException'{0x00000007ffc5aee0}> (0x00000007ffc5aee0) 
thrown [s\open\src\hotspot\share\prims\jni.cpp, line 514]
Event: 3.881 Thread 0x00000244491fb570 Exception <a 'java/io/FileNotFoundException'{0x00000007ffc6a1f8}> (0x00000007ffc6a1f8) 
thrown [s\open\src\hotspot\share\prims\jni.cpp, line 514]
Event: 3.881 Thread 0x00000244491fb570 Exception <a 'java/io/FileNotFoundException'{0x00000007ffc6b038}> (0x00000007ffc6b038) 
thrown [s\open\src\hotspot\share\prims\jni.cpp, line 514]
Event: 3.882 Thread 0x00000244491fb570 Exception <a 'java/io/FileNotFoundException'{0x00000007ffc6be90}> (0x00000007ffc6be90) 
thrown [s\open\src\hotspot\share\prims\jni.cpp, line 514]
Event: 3.882 Thread 0x00000244491fb570 Exception <a 'java/io/FileNotFoundException'{0x00000007ffc6ccd0}> (0x00000007ffc6ccd0) 
thrown [s\open\src\hotspot\share\prims\jni.cpp, line 514]
Event: 4.128 Thread 0x00000244491fb570 Exception <a 'java/lang/NoClassDefFoundError'{0x000000068e923c28}: netscape/javascript/JSObject> (0x000000068e923c28) 
thrown [s\open\src\hotspot\share\classfile\systemDictionary.cpp, line 318]

VM Operations (20 events):
Event: 3.567 Executing non-safepoint VM operation: HandshakeAllThreads (Deoptimize)
Event: 3.567 Executing non-safepoint VM operation: HandshakeAllThreads (Deoptimize) done
Event: 3.581 Executing non-safepoint VM operation: HandshakeAllThreads (Deoptimize)
Event: 3.581 Executing non-safepoint VM operation: HandshakeAllThreads (Deoptimize) done
Event: 3.602 Executing non-safepoint VM operation: HandshakeAllThreads (Deoptimize)
Event: 3.603 Executing non-safepoint VM operation: HandshakeAllThreads (Deoptimize) done
Event: 3.618 Executing non-safepoint VM operation: HandshakeAllThreads (Deoptimize)
Event: 3.618 Executing non-safepoint VM operation: HandshakeAllThreads (Deoptimize) done
Event: 3.625 Executing non-safepoint VM operation: HandshakeAllThreads (Deoptimize)
Event: 3.625 Executing non-safepoint VM operation: HandshakeAllThreads (Deoptimize) done
Event: 3.667 Executing non-safepoint VM operation: HandshakeAllThreads (Deoptimize)
Event: 3.667 Executing non-safepoint VM operation: HandshakeAllThreads (Deoptimize) done
Event: 3.781 Executing safepoint VM operation: G1CollectForAllocation (G1 Evacuation Pause)
Event: 3.785 Executing safepoint VM operation: G1CollectForAllocation (G1 Evacuation Pause) done
Event: 3.847 Executing non-safepoint VM operation: HandshakeAllThreads (Deoptimize)
Event: 3.847 Executing non-safepoint VM operation: HandshakeAllThreads (Deoptimize) done
Event: 3.856 Executing non-safepoint VM operation: HandshakeAllThreads (Deoptimize)
Event: 3.856 Executing non-safepoint VM operation: HandshakeAllThreads (Deoptimize) done
Event: 4.017 Executing non-safepoint VM operation: HandshakeAllThreads (Deoptimize)
Event: 4.017 Executing non-safepoint VM operation: HandshakeAllThreads (Deoptimize) done

Memory protections (0 events):
No events

Nmethod flushes (20 events):
Event: 1.270 Thread 0x0000024443e27a00 flushing  nmethod 0x0000024429394008
Event: 1.270 Thread 0x0000024443e27a00 flushing  nmethod 0x00000244293e4b88
Event: 1.270 Thread 0x0000024443e27a00 flushing  nmethod 0x0000024430eefc88
Event: 1.270 Thread 0x0000024443e27a00 flushing  nmethod 0x0000024429352d08
Event: 1.270 Thread 0x0000024443e27a00 flushing  nmethod 0x0000024429353208
Event: 1.270 Thread 0x0000024443e27a00 flushing  nmethod 0x0000024429354e08
Event: 1.270 Thread 0x0000024443e27a00 flushing  nmethod 0x0000024429372108
Event: 1.270 Thread 0x0000024443e27a00 flushing  nmethod 0x0000024429374188
Event: 1.270 Thread 0x0000024443e27a00 flushing  nmethod 0x0000024429374788
Event: 1.270 Thread 0x0000024443e27a00 flushing  nmethod 0x0000024429375488
Event: 1.270 Thread 0x0000024443e27a00 flushing  nmethod 0x000002442938b608
Event: 1.270 Thread 0x0000024443e27a00 flushing  nmethod 0x000002442938bb08
Event: 1.270 Thread 0x0000024443e27a00 flushing  nmethod 0x000002442938be08
Event: 1.270 Thread 0x0000024443e27a00 flushing  nmethod 0x000002442938c408
Event: 1.270 Thread 0x0000024443e27a00 flushing  nmethod 0x000002442938cd08
Event: 1.270 Thread 0x0000024443e27a00 flushing  nmethod 0x00000244293aa188
Event: 1.270 Thread 0x0000024443e27a00 flushing  nmethod 0x00000244293aca88
Event: 1.270 Thread 0x0000024443e27a00 flushing  nmethod 0x00000244293aff88
Event: 1.270 Thread 0x0000024443e27a00 flushing  nmethod 0x00000244293f7008
Event: 1.270 Thread 0x0000024443e27a00 flushing  nmethod 0x00000244293f7308

Events (20 events):
Event: 3.678 Thread 0x00000244491fb570 Thread added: 0x00000244537ea6a0
Event: 3.728 Thread 0x00000244537e3940 Thread added: 0x0000024456c82f70
Event: 3.728 Thread 0x00000244537e3940 Thread added: 0x0000024456c827a0
Event: 3.768 Thread 0x0000024444def6f0 Thread added: 0x0000024450da7c10
Event: 3.773 Thread 0x0000024450da7c10 Thread added: 0x0000024450da9c50
Event: 3.854 Thread 0x00000244537ea6a0 Thread added: 0x0000024456c88d30
Event: 3.854 Thread 0x0000024456c88d30 Thread added: 0x0000024456c8a4a0
Event: 3.857 Thread 0x0000024456c8a4a0 Thread added: 0x0000024456c88560
Event: 3.895 Thread 0x00000244491fb570 Thread added: 0x0000024456c91200
Event: 3.895 Thread 0x00000244491fb570 Thread added: 0x0000024456be0b40
Event: 3.895 Thread 0x00000244491fb570 Thread added: 0x0000024456be3250
Event: 3.895 Thread 0x00000244491fb570 Thread added: 0x0000024456be6900
Event: 3.896 Thread 0x00000244491fb570 Thread added: 0x0000024456be49c0
Event: 3.941 Thread 0x00000244537e3940 Thread added: 0x0000024456be41f0
Event: 4.067 Thread 0x00000244537e3940 Thread added: 0x0000024456be9fb0
Event: 4.069 Thread 0x0000024456c8a4a0 Thread added: 0x0000024456be8070
Event: 4.069 Thread 0x0000024456be6900 Thread added: 0x0000024456bebef0
Event: 4.069 Thread 0x0000024456c88d30 Thread added: 0x0000024456bec6c0
Event: 4.069 Thread 0x0000024456c8a4a0 Thread added: 0x0000024456bece90
Event: 4.069 Thread 0x0000024456c88560 Thread added: 0x0000024456bede30


Dynamic libraries:
0x00007ff7abd20000 - 0x00007ff7abd2e000 	C:\Users\HB\.jdks\openjdk-26\bin\java.exe
0x00007ffbb35e0000 - 0x00007ffbb3847000 	C:\WINDOWS\SYSTEM32\ntdll.dll
0x00007ffbb2120000 - 0x00007ffbb21e9000 	C:\WINDOWS\System32\KERNEL32.DLL
0x00007ffbb0d60000 - 0x00007ffbb1154000 	C:\WINDOWS\System32\KERNELBASE.dll
0x00007ffbb03a0000 - 0x00007ffbb04eb000 	C:\WINDOWS\System32\ucrtbase.dll
0x00007ffb14f30000 - 0x00007ffb14f4e000 	C:\Users\HB\.jdks\openjdk-26\bin\VCRUNTIME140.dll
0x00007ffb2b650000 - 0x00007ffb2b667000 	C:\Users\HB\.jdks\openjdk-26\bin\jli.dll
0x00007ffbb2ac0000 - 0x00007ffbb2c85000 	C:\WINDOWS\System32\USER32.dll
0x00007ffbb1160000 - 0x00007ffbb1187000 	C:\WINDOWS\System32\win32u.dll
0x00007ffb928f0000 - 0x00007ffb92b83000 	C:\WINDOWS\WinSxS\amd64_microsoft.windows.common-controls_6595b64144ccf1df_6.0.26100.8115_none_3e075c82e3354f9c\COMCTL32.dll
0x00007ffbb1790000 - 0x00007ffbb17bb000 	C:\WINDOWS\System32\GDI32.dll
0x00007ffbb2c90000 - 0x00007ffbb2d39000 	C:\WINDOWS\System32\msvcrt.dll
0x00007ffbb1240000 - 0x00007ffbb136b000 	C:\WINDOWS\System32\gdi32full.dll
0x00007ffbb0020000 - 0x00007ffbb00c3000 	C:\WINDOWS\System32\msvcp_win.dll
0x00007ffbb29e0000 - 0x00007ffbb2a12000 	C:\WINDOWS\System32\IMM32.DLL
0x00007ffb6a4e0000 - 0x00007ffb6a4ec000 	C:\Users\HB\.jdks\openjdk-26\bin\vcruntime140_1.dll
0x00007ffad2af0000 - 0x00007ffad2b7d000 	C:\Users\HB\.jdks\openjdk-26\bin\msvcp140.dll
0x00007ffad1c20000 - 0x00007ffad2aee000 	C:\Users\HB\.jdks\openjdk-26\bin\server\jvm.dll
0x00007ffbb2d70000 - 0x00007ffbb2e26000 	C:\WINDOWS\System32\ADVAPI32.dll
0x00007ffbb1660000 - 0x00007ffbb1707000 	C:\WINDOWS\System32\sechost.dll
0x00007ffbb1540000 - 0x00007ffbb1658000 	C:\WINDOWS\System32\RPCRT4.dll
0x00007ffbb2a30000 - 0x00007ffbb2ab0000 	C:\WINDOWS\System32\WS2_32.dll
0x00007ffbaee10000 - 0x00007ffbaee6e000 	C:\WINDOWS\SYSTEM32\POWRPROF.dll
0x00007ffba10c0000 - 0x00007ffba10f6000 	C:\WINDOWS\SYSTEM32\WINMM.dll
0x00007ffba9770000 - 0x00007ffba977b000 	C:\WINDOWS\SYSTEM32\VERSION.dll
0x00007ffbaedf0000 - 0x00007ffbaee04000 	C:\WINDOWS\SYSTEM32\UMPDC.dll
0x00007ffbaecb0000 - 0x00007ffbaeccb000 	C:\WINDOWS\SYSTEM32\kernel.appcore.dll
0x00007ffb3f140000 - 0x00007ffb3f14a000 	C:\Users\HB\.jdks\openjdk-26\bin\jimage.dll
0x00007ffb9aa10000 - 0x00007ffb9ac52000 	C:\WINDOWS\SYSTEM32\DBGHELP.DLL
0x00007ffbb2fd0000 - 0x00007ffbb3352000 	C:\WINDOWS\System32\combase.dll
0x00007ffbb2900000 - 0x00007ffbb29d8000 	C:\WINDOWS\System32\OLEAUT32.dll
0x00007ffb90050000 - 0x00007ffb9008b000 	C:\WINDOWS\SYSTEM32\dbgcore.DLL
0x00007ffbb1190000 - 0x00007ffbb1235000 	C:\WINDOWS\System32\bcryptPrimitives.dll
0x00007ffba17b0000 - 0x00007ffba17c0000 	C:\Users\HB\.jdks\openjdk-26\bin\instrument.dll
0x00007ffb05a10000 - 0x00007ffb05a2f000 	C:\Users\HB\.jdks\openjdk-26\bin\java.dll
0x00007ffbb2e30000 - 0x00007ffbb2fc7000 	C:\WINDOWS\System32\ole32.dll
0x00007ffbb17c0000 - 0x00007ffbb1f27000 	C:\WINDOWS\System32\SHELL32.dll
0x00007ffbafeb0000 - 0x00007ffbb001a000 	C:\WINDOWS\System32\wintypes.dll
0x00007ffbb04f0000 - 0x00007ffbb0d58000 	C:\WINDOWS\System32\windows.storage.dll
0x00007ffbb1fb0000 - 0x00007ffbb20a8000 	C:\WINDOWS\System32\SHCORE.dll
0x00007ffbb14d0000 - 0x00007ffbb1536000 	C:\WINDOWS\System32\shlwapi.dll
0x00007ffbafdd0000 - 0x00007ffbafdf9000 	C:\WINDOWS\SYSTEM32\profapi.dll
0x00007ffb04a00000 - 0x00007ffb04a17000 	C:\Users\HB\.jdks\openjdk-26\bin\zip.dll
0x00007ffb05890000 - 0x00007ffb058a2000 	C:\Users\HB\.jdks\openjdk-26\bin\net.dll
0x00007ffbaf2d0000 - 0x00007ffbaf33c000 	C:\WINDOWS\system32\mswsock.dll
0x00007ffb04a20000 - 0x00007ffb04a36000 	C:\Users\HB\.jdks\openjdk-26\bin\nio.dll
0x00007ffb3b310000 - 0x00007ffb3b319000 	C:\Users\HB\.jdks\openjdk-26\bin\extnet.dll
0x0000024444f20000 - 0x0000024444f23000 	C:\Users\HB\.openjfx\cache\21.0.2+5\amd64\api-ms-win-core-console-l1-1-0.dll
0x0000024444f30000 - 0x0000024444f33000 	C:\Users\HB\.openjfx\cache\21.0.2+5\amd64\api-ms-win-core-console-l1-2-0.dll
0x0000024444f40000 - 0x0000024444f43000 	C:\Users\HB\.openjfx\cache\21.0.2+5\amd64\api-ms-win-core-datetime-l1-1-0.dll
0x0000024444f50000 - 0x0000024444f53000 	C:\Users\HB\.openjfx\cache\21.0.2+5\amd64\api-ms-win-core-debug-l1-1-0.dll
0x0000024444f60000 - 0x0000024444f63000 	C:\Users\HB\.openjfx\cache\21.0.2+5\amd64\api-ms-win-core-errorhandling-l1-1-0.dll
0x0000024444f70000 - 0x0000024444f74000 	C:\Users\HB\.openjfx\cache\21.0.2+5\amd64\api-ms-win-core-file-l1-1-0.dll
0x0000024444f80000 - 0x0000024444f83000 	C:\Users\HB\.openjfx\cache\21.0.2+5\amd64\api-ms-win-core-file-l1-2-0.dll
0x0000024444f90000 - 0x0000024444f93000 	C:\Users\HB\.openjfx\cache\21.0.2+5\amd64\api-ms-win-core-file-l2-1-0.dll
0x0000024444fa0000 - 0x0000024444fa3000 	C:\Users\HB\.openjfx\cache\21.0.2+5\amd64\api-ms-win-core-handle-l1-1-0.dll
0x0000024444fb0000 - 0x0000024444fb3000 	C:\Users\HB\.openjfx\cache\21.0.2+5\amd64\api-ms-win-core-heap-l1-1-0.dll
0x0000024444fc0000 - 0x0000024444fc3000 	C:\Users\HB\.openjfx\cache\21.0.2+5\amd64\api-ms-win-core-interlocked-l1-1-0.dll
0x0000024444fd0000 - 0x0000024444fd3000 	C:\Users\HB\.openjfx\cache\21.0.2+5\amd64\api-ms-win-core-libraryloader-l1-1-0.dll
0x0000024444fe0000 - 0x0000024444fe3000 	C:\Users\HB\.openjfx\cache\21.0.2+5\amd64\api-ms-win-core-localization-l1-2-0.dll
0x0000024444ff0000 - 0x0000024444ff3000 	C:\Users\HB\.openjfx\cache\21.0.2+5\amd64\api-ms-win-core-memory-l1-1-0.dll
0x0000024449000000 - 0x0000024449003000 	C:\Users\HB\.openjfx\cache\21.0.2+5\amd64\api-ms-win-core-namedpipe-l1-1-0.dll
0x0000024449010000 - 0x0000024449013000 	C:\Users\HB\.openjfx\cache\21.0.2+5\amd64\api-ms-win-core-processenvironment-l1-1-0.dll
0x0000024449020000 - 0x0000024449023000 	C:\Users\HB\.openjfx\cache\21.0.2+5\amd64\api-ms-win-core-processthreads-l1-1-0.dll
0x0000024449030000 - 0x0000024449033000 	C:\Users\HB\.openjfx\cache\21.0.2+5\amd64\api-ms-win-core-processthreads-l1-1-1.dll
0x0000024449040000 - 0x0000024449043000 	C:\Users\HB\.openjfx\cache\21.0.2+5\amd64\api-ms-win-core-profile-l1-1-0.dll
0x0000024449050000 - 0x0000024449053000 	C:\Users\HB\.openjfx\cache\21.0.2+5\amd64\api-ms-win-core-rtlsupport-l1-1-0.dll
0x0000024449060000 - 0x0000024449063000 	C:\Users\HB\.openjfx\cache\21.0.2+5\amd64\api-ms-win-core-string-l1-1-0.dll
0x0000024449070000 - 0x0000024449073000 	C:\Users\HB\.openjfx\cache\21.0.2+5\amd64\api-ms-win-core-synch-l1-1-0.dll
0x0000024449080000 - 0x0000024449083000 	C:\Users\HB\.openjfx\cache\21.0.2+5\amd64\api-ms-win-core-synch-l1-2-0.dll
0x0000024449090000 - 0x0000024449093000 	C:\Users\HB\.openjfx\cache\21.0.2+5\amd64\api-ms-win-core-sysinfo-l1-1-0.dll
0x00000244490a0000 - 0x00000244490a3000 	C:\Users\HB\.openjfx\cache\21.0.2+5\amd64\api-ms-win-core-timezone-l1-1-0.dll
0x00000244490b0000 - 0x00000244490b3000 	C:\Users\HB\.openjfx\cache\21.0.2+5\amd64\api-ms-win-core-util-l1-1-0.dll
0x00000244490c0000 - 0x00000244490c3000 	C:\Users\HB\.openjfx\cache\21.0.2+5\amd64\api-ms-win-crt-conio-l1-1-0.dll
0x00000244490d0000 - 0x00000244490d4000 	C:\Users\HB\.openjfx\cache\21.0.2+5\amd64\api-ms-win-crt-convert-l1-1-0.dll
0x00000244490e0000 - 0x00000244490e3000 	C:\Users\HB\.openjfx\cache\21.0.2+5\amd64\api-ms-win-crt-environment-l1-1-0.dll
0x00000244490f0000 - 0x00000244490f3000 	C:\Users\HB\.openjfx\cache\21.0.2+5\amd64\api-ms-win-crt-filesystem-l1-1-0.dll
0x0000024449100000 - 0x0000024449103000 	C:\Users\HB\.openjfx\cache\21.0.2+5\amd64\api-ms-win-crt-heap-l1-1-0.dll
0x0000024449110000 - 0x0000024449113000 	C:\Users\HB\.openjfx\cache\21.0.2+5\amd64\api-ms-win-crt-locale-l1-1-0.dll
0x0000024449120000 - 0x0000024449125000 	C:\Users\HB\.openjfx\cache\21.0.2+5\amd64\api-ms-win-crt-math-l1-1-0.dll
0x0000024449130000 - 0x0000024449135000 	C:\Users\HB\.openjfx\cache\21.0.2+5\amd64\api-ms-win-crt-multibyte-l1-1-0.dll
0x0000024449140000 - 0x0000024449150000 	C:\Users\HB\.openjfx\cache\21.0.2+5\amd64\api-ms-win-crt-private-l1-1-0.dll
0x0000024449150000 - 0x0000024449153000 	C:\Users\HB\.openjfx\cache\21.0.2+5\amd64\api-ms-win-crt-process-l1-1-0.dll
0x0000024449160000 - 0x0000024449164000 	C:\Users\HB\.openjfx\cache\21.0.2+5\amd64\api-ms-win-crt-runtime-l1-1-0.dll
0x0000024449170000 - 0x0000024449174000 	C:\Users\HB\.openjfx\cache\21.0.2+5\amd64\api-ms-win-crt-stdio-l1-1-0.dll
0x0000024449180000 - 0x0000024449184000 	C:\Users\HB\.openjfx\cache\21.0.2+5\amd64\api-ms-win-crt-string-l1-1-0.dll
0x0000024449190000 - 0x0000024449193000 	C:\Users\HB\.openjfx\cache\21.0.2+5\amd64\api-ms-win-crt-time-l1-1-0.dll
0x00000244491a0000 - 0x00000244491a3000 	C:\Users\HB\.openjfx\cache\21.0.2+5\amd64\api-ms-win-crt-utility-l1-1-0.dll
0x00007ffb95da0000 - 0x00007ffb95e9c000 	C:\Users\HB\.openjfx\cache\21.0.2+5\amd64\ucrtbase.dll
0x00007ffb9b880000 - 0x00007ffb9b89b000 	C:\Users\HB\.openjfx\cache\21.0.2+5\amd64\vcruntime140.dll
0x00007ffba13a0000 - 0x00007ffba13ac000 	C:\Users\HB\.openjfx\cache\21.0.2+5\amd64\vcruntime140_1.dll
0x00007ffb95d10000 - 0x00007ffb95d9e000 	C:\Users\HB\.openjfx\cache\21.0.2+5\amd64\msvcp140.dll
0x00007ffb9b870000 - 0x00007ffb9b879000 	C:\Users\HB\.openjfx\cache\21.0.2+5\amd64\msvcp140_1.dll
0x00007ffb95cc0000 - 0x00007ffb95d01000 	C:\Users\HB\.openjfx\cache\21.0.2+5\amd64\msvcp140_2.dll
0x00007ffb89890000 - 0x00007ffb898c0000 	C:\Users\HB\.openjfx\cache\21.0.2+5\amd64\prism_d3d.dll
0x00007ffb12a90000 - 0x00007ffb12c42000 	C:\WINDOWS\system32\d3d9.dll
0x00007ffbadb90000 - 0x00007ffbadbbf000 	C:\WINDOWS\SYSTEM32\dwmapi.dll
0x00007ffbadbe0000 - 0x00007ffbadc23000 	C:\WINDOWS\SYSTEM32\dxcore.dll
0x00007ffbad940000 - 0x00007ffbad9e9000 	C:\WINDOWS\system32\uxtheme.dll
0x00007ffba99b0000 - 0x00007ffba9a74000 	C:\WINDOWS\System32\DriverStore\FileRepository\nvami.inf_amd64_88ddf34dcee55c5c\nvldumdx.dll
0x00007ffbaf620000 - 0x00007ffbaf633000 	C:\WINDOWS\SYSTEM32\msasn1.dll
0x00007ffba9490000 - 0x00007ffba94cb000 	C:\WINDOWS\SYSTEM32\cryptnet.dll
0x00007ffbb00d0000 - 0x00007ffbb0247000 	C:\WINDOWS\System32\CRYPT32.dll
0x00007ffbaf5d0000 - 0x00007ffbaf5dc000 	C:\WINDOWS\SYSTEM32\cryptbase.dll
0x00007ffbaf690000 - 0x00007ffbaf6f8000 	C:\WINDOWS\SYSTEM32\wldp.dll
0x00007ffba8d70000 - 0x00007ffba8ee8000 	C:\WINDOWS\SYSTEM32\drvstore.dll
0x00007ffbafb10000 - 0x00007ffbafb3d000 	C:\WINDOWS\SYSTEM32\devobj.dll
0x00007ffbafb40000 - 0x00007ffbafb91000 	C:\WINDOWS\SYSTEM32\cfgmgr32.dll
0x00007ffbb0310000 - 0x00007ffbb0392000 	C:\WINDOWS\System32\wintrust.dll
0x00007ffbb2d40000 - 0x00007ffbb2d60000 	C:\WINDOWS\System32\imagehlp.dll
0x00007ffbaf5b0000 - 0x00007ffbaf5cb000 	C:\WINDOWS\SYSTEM32\CRYPTSP.dll
0x00007ffbaec10000 - 0x00007ffbaec49000 	C:\WINDOWS\system32\rsaenh.dll
0x00007ffbafda0000 - 0x00007ffbafdca000 	C:\WINDOWS\SYSTEM32\bcrypt.dll
0x00007ffba1ff0000 - 0x00007ffba6f47000 	C:\WINDOWS\System32\DriverStore\FileRepository\nvami.inf_amd64_88ddf34dcee55c5c\nvgpucomp64.dll
0x00007ffba1100000 - 0x00007ffba123b000 	C:\WINDOWS\System32\DriverStore\FileRepository\nvami.inf_amd64_88ddf34dcee55c5c\NvMemMapStoragex.dll
0x00007ffacbcf0000 - 0x00007fface426000 	C:\WINDOWS\System32\DriverStore\FileRepository\nvami.inf_amd64_88ddf34dcee55c5c\nvd3dumx.dll
0x00007ffbab510000 - 0x00007ffbab571000 	C:\WINDOWS\SYSTEM32\directxdatabasehelper.dll
0x00007ffb810f0000 - 0x00007ffb81132000 	C:\Users\HB\.openjfx\cache\21.0.2+5\amd64\glass.dll
0x00007ffbb3370000 - 0x00007ffbb345f000 	C:\WINDOWS\System32\COMDLG32.dll
0x00007ffbb1370000 - 0x00007ffbb14cc000 	C:\WINDOWS\System32\MSCTF.dll
0x00007ffb81e70000 - 0x00007ffb81fb7000 	C:\WINDOWS\system32\nvspcap64.dll
0x00007ffbaee80000 - 0x00007ffbaeeb6000 	C:\WINDOWS\SYSTEM32\ntmarta.dll
0x00007ffbaf340000 - 0x00007ffbaf370000 	C:\WINDOWS\SYSTEM32\gpapi.dll
0x00007ffb3e8d0000 - 0x00007ffb3eff5000 	C:\WINDOWS\System32\DriverStore\FileRepository\nvami.inf_amd64_88ddf34dcee55c5c\nvppex.dll
0x00007ffb95ca0000 - 0x00007ffb95cb4000 	C:\Users\HB\.openjfx\cache\21.0.2+5\amd64\javafx_font.dll
0x00007ffbaf380000 - 0x00007ffbaf3b3000 	C:\WINDOWS\SYSTEM32\USERENV.dll
0x00007ffbae6b0000 - 0x00007ffbae6e2000 	C:\WINDOWS\SYSTEM32\IPHLPAPI.DLL
0x00007ffbb2a20000 - 0x00007ffbb2a2a000 	C:\WINDOWS\System32\NSI.dll

JVMTI agents:
C:\Program Files\JetBrains\IntelliJ IDEA 2025.2.4\lib\idea_rt.jar path:C:\Users\HB\.jdks\openjdk-26\bin\instrument.dll, loaded, initialized, instrumentlib options:61146

dbghelp: loaded successfully - version: 4.0.5 - missing functions: none
symbol engine: initialized successfully - sym options: 0x614 - pdb path: .;C:\Users\HB\.jdks\openjdk-26\bin;C:\WINDOWS\SYSTEM32;C:\WINDOWS\WinSxS\amd64_microsoft.windows.common-controls_6595b64144ccf1df_6.0.26100.8115_none_3e075c82e3354f9c;C:\Users\HB\.jdks\openjdk-26\bin\server;C:\Users\HB\.openjfx\cache\21.0.2+5\amd64;C:\WINDOWS\System32\DriverStore\FileRepository\nvami.inf_amd64_88ddf34dcee55c5c;C:\Program Files\Common Files\Microsoft Shared\Ink

VM Arguments:
jvm_args: -javaagent:C:\Program Files\JetBrains\IntelliJ IDEA 2025.2.4\lib\idea_rt.jar=61146 -Dfile.encoding=UTF-8 -Dsun.stdout.encoding=UTF-8 -Dsun.stderr.encoding=UTF-8 
java_command: org.example.Launcher
java_class_path (initial): C:\Users\HB\Desktop\crud pi\target\classes;C:\Users\HB\.m2\repository\com\mysql\mysql-connector-j\9.0.0\mysql-connector-j-9.0.0.jar;C:\Users\HB\.m2\repository\com\google\protobuf\protobuf-java\4.26.1\protobuf-java-4.26.1.jar;C:\Users\HB\.m2\repository\org\openjfx\javafx-controls\21.0.2\javafx-controls-21.0.2.jar;C:\Users\HB\.m2\repository\org\openjfx\javafx-controls\21.0.2\javafx-controls-21.0.2-win.jar;C:\Users\HB\.m2\repository\org\openjfx\javafx-graphics\21.0.2\javafx-graphics-21.0.2.jar;C:\Users\HB\.m2\repository\org\openjfx\javafx-graphics\21.0.2\javafx-graphics-21.0.2-win.jar;C:\Users\HB\.m2\repository\org\openjfx\javafx-base\21.0.2\javafx-base-21.0.2.jar;C:\Users\HB\.m2\repository\org\openjfx\javafx-base\21.0.2\javafx-base-21.0.2-win.jar;C:\Users\HB\.m2\repository\org\openjfx\javafx-fxml\21.0.2\javafx-fxml-21.0.2.jar;C:\Users\HB\.m2\repository\org\openjfx\javafx-fxml\21.0.2\javafx-fxml-21.0.2-win.jar;C:\Users\HB\.m2\repository\org\openjfx\javafx-web\21.0.2\javafx-web-21.0.2.jar;C:\Users\HB\.m2\repository\org\openjfx\javafx-web\21.0.2\javafx-web-21.0.2-win.jar;C:\Users\HB\.m2\repository\org\openjfx\javafx-media\21.0.2\javafx-media-21.0.2.jar;C:\Users\HB\.m2\repository\org\openjfx\javafx-media\21.0.2\javafx-media-21.0.2-win.jar;C:\Users\HB\.m2\repository\org\json\json\20240303\json-20240303.jar
Launcher Type: SUN_STANDARD

[Global flags]
     bool AOTAdapterCaching                        = false                                  {diagnostic} {ergonomic}
     bool AOTInvokeDynamicLinking                  = false                                  {diagnostic} {ergonomic}
     bool AOTRecordTraining                        = false                                  {diagnostic} {ergonomic}
     bool AOTReplayTraining                        = false                                  {diagnostic} {ergonomic}
     bool AOTStubCaching                           = false                                  {diagnostic} {ergonomic}
     intx CICompilerCount                          = 12                                        {product} {ergonomic}
     uint ConcGCThreads                            = 3                                         {product} {ergonomic}
     uint G1ConcRefinementThreads                  = 13                                        {product} {ergonomic}
     uint G1EagerReclaimRemSetThreshold            = 32                                   {experimental} {ergonomic}
   size_t G1HeapRegionSize                         = 4194304                                   {product} {ergonomic}
     uint G1RemSetArrayOfCardsEntries              = 32                                   {experimental} {ergonomic}
     uint G1RemSetHowlMaxNumBuckets                = 8                                    {experimental} {ergonomic}
     uint G1RemSetHowlNumBuckets                   = 8                                    {experimental} {ergonomic}
   size_t InitialHeapSize                          = 8388608                                   {product} {ergonomic}
     bool IntelJccErratumMitigation                = false                             {ARCH diagnostic} {ergonomic}
   size_t MarkStackSize                            = 4194304                                   {product} {ergonomic}
   size_t MarkStackSizeMax                         = 536870912                                 {product} {ergonomic}
   size_t MaxHeapSize                              = 6241124352                                {product} {ergonomic}
   size_t MaxNewSize                               = 3741319168                                {product} {ergonomic}
 uint64_t MaxRAM                                   = 24961396736                               {product} {ergonomic}
   size_t MinHeapDeltaBytes                        = 4194304                                   {product} {ergonomic}
   size_t MinHeapSize                              = 8388608                                   {product} {ergonomic}
   size_t NonNMethodCodeHeapSize                   = 7602176                                {pd product} {ergonomic}
   size_t NonProfiledCodeHeapSize                  = 122093568                              {pd product} {ergonomic}
   size_t ProfiledCodeHeapSize                     = 121962496                              {pd product} {ergonomic}
   size_t ReservedCodeCacheSize                    = 251658240                              {pd product} {ergonomic}
     bool SegmentedCodeCache                       = true                                      {product} {ergonomic}
   size_t SoftMaxHeapSize                          = 6241124352                             {manageable} {ergonomic}
     bool UseCompressedOops                        = true                           {product lp64_product} {ergonomic}
     bool UseCondCardMark                          = true                                      {product} {ergonomic}
     bool UseFastUnorderedTimeStamps               = true                                 {experimental} {ergonomic}
     bool UseG1GC                                  = true                                      {product} {ergonomic}
     bool UseLargePagesIndividualAllocation        = false                                  {pd product} {ergonomic}
      int X86ICacheSync                            = 3                                 {ARCH diagnostic} {ergonomic}

Logging:
Log output configuration:
 #0: stdout all=warning uptime,level,tags foldmultilines=false
 #1: stderr all=off uptime,level,tags foldmultilines=false

Release file:
IMPLEMENTOR="Oracle Corporation" 
JAVA_RUNTIME_VERSION="26+35-2893" 
JAVA_VERSION="26" 
JAVA_VERSION_DATE="2026-03-17" 
LIBC="default" 
MODULES="java.base java.compiler java.datatransfer java.xml java.prefs java.desktop java.instrument java.logging java.management java.security.sasl java.naming java.rmi java.management.rmi java.net.http java.scripting java.security.jgss java.transaction.xa java.sql java.sql.rowset java.xml.crypto java.se java.smartcardio jdk.accessibility jdk.internal.jvmstat jdk.attach jdk.charsets jdk.internal.opt jdk.zipfs jdk.compiler jdk.crypto.cryptoki jdk.crypto.ec jdk.crypto.mscapi jdk.dynalink jdk.internal.ed jdk.editpad jdk.internal.vm.ci jdk.graal.compiler jdk.graal.compiler.management jdk.hotspot.agent jdk.httpserver jdk.incubator.vector jdk.internal.le jdk.internal.md jdk.jartool jdk.javadoc jdk.jcmd jdk.management jdk.management.agent jdk.jconsole jdk.jdeps jdk.jdwp.agent jdk.jdi jdk.jfr jdk.jlink jdk.jpackage jdk.jshell jdk.jstatd jdk.localedata jdk.management.jfr jdk.naming.dns jdk.naming.rmi jdk.net jdk.nio.mapmode jdk.sctp jdk.security.auth jdk.security.jgss jdk.unsupported jdk.unsupported.desktop jdk.xml.dom" 
OS_ARCH="x86_64" 
OS_NAME="Windows" 
SOURCE=".:git:4408cd2a07a1" 

Environment Variables:
PATH=C:\php84;C:\php84;C:\Program Files\Common Files\Oracle\Java\javapath;C:\Program Files (x86)\VMware\VMware Workstation\bin\;C:\Program Files\Eclipse Adoptium\jdk-25.0.0.36-hotspot\bin;C:\Windows\system32;C:\Windows;C:\Windows\System32\Wbem;C:\Windows\System32\WindowsPowerShell\v1.0\;C:\Windows\System32\OpenSSH\;C:\Program Files (x86)\NVIDIA Corporation\PhysX\Common;C:\WINDOWS\system32;C:\WINDOWS;C:\WINDOWS\System32\Wbem;C:\WINDOWS\System32\WindowsPowerShell\v1.0\;C:\WINDOWS\System32\OpenSSH\;C:\Program Files\dotnet\;C:\Program Files\NVIDIA Corporation\NVIDIA App\NvDLISR;C:\MinGW\bin;C:\xampp\php;C:\ProgramData\ComposerSetup\bin;C:\Program Files\nodejs\;C:\Program Files\Git\cmd;C:\Program Files\Docker\Docker\resources\bin;C:\Program Files\MySQL\MySQL Shell 8.0\bin\;C:\php-8.5.3;C:\php84;C:\Users\HB\AppData\Local\Programs\PHP\current;C:\Users\HB\scoop\shims;C:\Users\HB\AppData\Local\Programs\Python\Launcher\;C:\Users\HB\AppData\Local\Microsoft\WindowsApps;C:\Users\HB\AppData\Local\Programs\Microsoft VS Code\bin;C:\Users\HB\.dotnet\tools;C:\Users\HB\AppData\Local\GitHubDesktop\bin;C:\Users\HB\AppData\Roaming\Composer\vendor\bin;C:\Users\HB\AppData\Local\Python\bin;C:\Users\HB\AppData\Local\Programs\Antigravity\bin;C:\Users\HB\AppData\Roaming\npm;C:\Users\HB\AppData\Local\Programs\Kiro\bin
USERNAME=HB
OS=Windows_NT
PROCESSOR_IDENTIFIER=AMD64 Family 25 Model 68 Stepping 1, AuthenticAMD
TMP=C:\Users\HB\AppData\Local\Temp
TEMP=C:\Users\HB\AppData\Local\Temp




Compilation memory statistics disabled.

Periodic native trim disabled

---------------  S Y S T E M  ---------------

OS:
 Windows 11 , 64 bit Build 26100 (10.0.26100.8246)
OS uptime: 2 days 0:17 hours
Hyper-V role detected

CPU: total 16 (initial active 16) (8 cores per cpu, 2 threads per core) family 25 model 68 stepping 1 microcode 0xa404101, cx8, cmov, fxsr, ht, mmx, 3dnowpref, sse, sse2, sse3, ssse3, sse4a, sse4.1, sse4.2, popcnt, lzcnt, tsc, tscinvbit, avx, avx2, aes, clmul, bmi1, bmi2, adx, sha, fma, vzeroupper, clflush, clflushopt, clwb, hv, rdtscp, rdpid, f16c, cet_ss
Processor Information for the first 16 processors :
  Max Mhz: 3201, Current Mhz: 3201, Mhz Limit: 3201

Memory: 4k page, system-wide physical 23805M (10207M free)
TotalPageFile size 28925M (AvailPageFile size 11626M)
current process WorkingSet (physical memory assigned to process): 286M, peak: 289M
current process commit charge ("private bytes"): 378M, peak: 388M

vm_info: OpenJDK 64-Bit Server VM (26+35-2893) for windows-amd64 JRE (26+35-2893), built on 2026-02-12T17:04:02Z with MS VC++ 17.13 (VS2022)

END.
