#
# A fatal error has been detected by the Java Runtime Environment:
#
#  EXCEPTION_ACCESS_VIOLATION (0xc0000005) at pc=0x00007ffd4b77180e, pid=21420, tid=18884
#
# JRE version: OpenJDK Runtime Environment (26.0+35) (build 26+35-2893)
# Java VM: OpenJDK 64-Bit Server VM (26+35-2893, mixed mode, sharing, tiered, compressed oops, compressed class ptrs, g1 gc, windows-amd64)
# Problematic frame:
# V  [jvm.dll+0x51180e]
#
# No core dump will be written. Minidumps are not enabled by default on client versions of Windows
#
# If you would like to submit a bug report, please visit:
#   https://bugreport.java.com/bugreport/crash.jsp
#

---------------  S U M M A R Y ------------

Command Line: -javaagent:C:\Program Files\JetBrains\IntelliJ IDEA 2025.2.4\lib\idea_rt.jar=63380 -Dfile.encoding=UTF-8 -Dsun.stdout.encoding=UTF-8 -Dsun.stderr.encoding=UTF-8 org.example.Launcher

Host: AMD Ryzen 7 6800H with Radeon Graphics         , 16 cores, 23G,  Windows 11 , 64 bit Build 26100 (10.0.26100.8246)
Time: Sat May  2 18:46:47 2026 Central Europe Daylight Time elapsed time: 5.025476 seconds (0d 0h 0m 5s)

---------------  T H R E A D  ---------------

Current thread (0x000001d1e48818a0):  JavaThread "JavaFX Application Thread"        [_thread_in_vm, id=18884, stack(0x000000c6cb300000,0x000000c6cb400000) (1024K)]

Stack: [0x000000c6cb300000,0x000000c6cb400000],  sp=0x000000c6cb3fe4b0,  free space=1017k
Native frames: (J=compiled Java code, j=interpreted, Vv=VM code, C=native code)
V  [jvm.dll+0x51180e]  (no source info available)
V  [jvm.dll+0x50e9a4]  (no source info available)
C  0x00007ffd03cfb1e5  (no source info available)
C  0x00007ffd0314d8bc  (no source info available)
C  0x00007ffd0314c0af  (no source info available)
C  0x00007ffd02a60f80  (no source info available)
C  0x000001d1cbb0d4f3  (no source info available)

The last pc belongs to native method entry point (kind = native) (printed below).
Java frames: (J=compiled Java code, j=interpreted, Vv=VM code)
j  com.sun.webkit.WebPage.twkExecuteScript(JLjava/lang/String;)Ljava/lang/Object;+0
j  com.sun.webkit.WebPage.executeScript(JLjava/lang/String;)Ljava/lang/Object;+78
j  javafx.scene.web.WebEngine.executeScript(Ljava/lang/String;)Ljava/lang/Object;+19
j  org.example.controller.MapViewController.lambda$showMap$2(Ljavafx/scene/web/WebEngine;Ljava/lang/String;Ljavafx/scene/layout/StackPane;Ljavafx/scene/layout/StackPane;)V+2
j  org.example.controller.MapViewController$$Lambda+0x0000000036494680.run()V+16
J 6164 c1 com.sun.javafx.application.PlatformImpl$$Lambda+0x0000000036085300.run()Ljava/lang/Object; (8 bytes) @ 0x000001d1c50a6e44 [0x000001d1c50a6d00+0x0000000000000144]
J 6162 c1 com.sun.javafx.application.PlatformImpl.lambda$runLater$11(Ljava/lang/Runnable;Ljava/security/AccessControlContext;)V (41 bytes) @ 0x000001d1c50a7b14 [0x000001d1c50a7680+0x0000000000000494]
J 6161 c1 com.sun.javafx.application.PlatformImpl$$Lambda+0x0000000036084840.run()V (12 bytes) @ 0x000001d1c50a6494 [0x000001d1c50a6400+0x0000000000000094]
J 6148 c1 com.sun.glass.ui.InvokeLaterDispatcher$Future.run()V (91 bytes) @ 0x000001d1c50a2094 [0x000001d1c50a1f80+0x0000000000000114]
v  ~StubRoutines::Stub Generator call_stub_stub 0x000001d1cbb018e2
j  com.sun.glass.ui.win.WinApplication._runLoop(Ljava/lang/Runnable;)V+0
j  com.sun.glass.ui.win.WinApplication.lambda$runLoop$3(ILjava/lang/Runnable;)V+8
j  com.sun.glass.ui.win.WinApplication$$Lambda+0x000000003606cf10.run()V+12
j  java.lang.Thread.runWith(Ljava/lang/Object;Ljava/lang/Runnable;)V+5 java.base@26
j  java.lang.Thread.run()V+19 java.base@26
v  ~StubRoutines::Stub Generator call_stub_stub 0x000001d1cbb018e2

siginfo: EXCEPTION_ACCESS_VIOLATION (0xc0000005), reading address 0x0000000000000000


Registers:
RAX=0x0000000000000000, RBX=0x0000000000000005, RCX=0x00000000690bffff, RDX=0x00007ffccf6bc956
RSP=0x000000c6cb3fe4b0, RBP=0x0000000000000000, RSI=0x0000000000000000, RDI=0x00000000354d3aa0
R8 =0x0000000000000000, R9 =0x0000000000000000, R10=0x00007ffd4b76e8e0, R11=0x000000c6cb3fe668
R12=0x00007ffd04b98eb8, R13=0x000001d1e48818a0, R14=0x00000000354dae00, R15=0x00007ffd04b9775c
RIP=0x00007ffd4b77180e, EFLAGS=0x0000000000010293

XMM[0]=0x0000000000000000 0x0000000000000000
XMM[1]=0x0000000000000001 0x000001d1e1bbfff8
XMM[2]=0x2525252525252525 0x2525252525252525
XMM[3]=0xee830681e1ddc99f 0x59db6a41e191dddf
XMM[4]=0x000e178101b4d89f 0x34e63b4167e12cdf
XMM[5]=0x72616e6f69746369 0x446d65747379735c
XMM[6]=0x0000000000000000 0x0000000000000000
XMM[7]=0x0000000000000000 0x0000000000000000
XMM[8]=0x0000000000000000 0x0000000000000000
XMM[9]=0x0000000000000000 0x0000000000000000
XMM[10]=0x0000000000000000 0x0000000000000000
XMM[11]=0x0000000000000000 0x0000000000000000
XMM[12]=0x0000000000000000 0x0000000000000000
XMM[13]=0x0000000000000000 0x0000000000000000
XMM[14]=0x0000000000000000 0x0000000000000000
XMM[15]=0x0000000000000000 0x0000000000000000
  MXCSR=0x00001fa7


Register to memory mapping:

RAX=0x0 is null
RBX=0x0000000000000005 is an unknown value
RCX=0x00000000690bffff is pointing into metadata
RDX=0x00007ffccf6bc956 is an unknown value
RSP=0x000000c6cb3fe4b0 is pointing into the stack for thread: 0x000001d1e48818a0
RBP=0x0 is null
RSI=0x0 is null
RDI=0x00000000354d3aa0 is pointing into metadata
R8 =0x0 is null
R9 =0x0 is null
R10=0x00007ffd4b76e8e0 jvm.dll
R11=0x000000c6cb3fe668 is pointing into the stack for thread: 0x000001d1e48818a0
R12=0x00007ffd04b98eb8 points into unknown readable memory: 0x00003e74696e693c | 3c 69 6e 69 74 3e 00 00
R13=0x000001d1e48818a0 is a thread
R14=0x00000000354dae00 is pointing into metadata
R15=0x00007ffd04b9775c points into unknown readable memory: 28 4a 49 29

Top of Stack: (sp=0x000000c6cb3fe4b0)
0x000000c6cb3fe4b0:   0000000000000005 0000000000000000   ................
0x000000c6cb3fe4c0:   00000000354d3aa0 000001d1e475bc80   .:M5......u.....
0x000000c6cb3fe4d0:   000001d1e467c690 000001d1e467c6d0   ..g.......g.....
0x000000c6cb3fe4e0:   000001d1e467c700 00000000000000d8   ..g.............
0x000000c6cb3fe4f0:   000000c6cb3fee50 000001d1e48818a0   P.?.............
0x000000c6cb3fe500:   0000000000000000 025666f46c5e0272   ........r.^l.fV.
0x000000c6cb3fe510:   0000000000000000 0000000000000000   ................
0x000000c6cb3fe520:   0000000000000100 00007ffd4bb6eb7c   ........|..K....
0x000000c6cb3fe530:   000001d1e48818a0 000001d1e4881cd0   ................
0x000000c6cb3fe540:   000001d1e48818a0 000000000000001b   ................
0x000000c6cb3fe550:   000001d1e475f4c8 0000000000000018   ..u.............
0x000000c6cb3fe560:   000001d1e467c6c8 00007ffd4b60e54f   ..g.....O.`K....
0x000000c6cb3fe570:   000001d1e475f4c8 000001d1e467c600   ..u.......g.....
0x000000c6cb3fe580:   000001d1e41924c0 000001d1df6cf280   .$........l.....
0x000000c6cb3fe590:   0000000000000000 0000000000000000   ................
0x000000c6cb3fe5a0:   0000000000000000 0000000000000000   ................
0x000000c6cb3fe5b0:   0000000000000000 0000000000000000   ................
0x000000c6cb3fe5c0:   000001d1f0455618 000001d1e475f4c8   .VE.......u.....
0x000000c6cb3fe5d0:   0000000000000018 000001d1e48818a0   ................
0x000000c6cb3fe5e0:   000001d1f0455618 000001d1ec15e038   .VE.....8.......
0x000000c6cb3fe5f0:   0000000000000000 00007ffdf9ff88c0   ................
0x000000c6cb3fe600:   000000c6cb3fe750 00007ffdf9ed489e   P.?......H......
0x000000c6cb3fe610:   000000c6cb3fe690 000000c6cb3fe690   ..?.......?.....
0x000000c6cb3fe620:   000086cce4dacc2c 000000c6cb3fe690   ,.........?.....
0x000000c6cb3fe630:   000001d1f0455618 0000000000000000   .VE.............
0x000000c6cb3fe640:   00007ffd04c4f388 0000000000000018   ................
0x000000c6cb3fe650:   000001d1e4881cd0 00007ffd04b9775c   ........\w......
0x000000c6cb3fe660:   00007ffd04b98eb8 00007ffd4b76e9a4   ..........vK....
0x000000c6cb3fe670:   000001d1e48818a0 00007ffd049ee10d   ................
0x000000c6cb3fe680:   000001d1f0455618 000001d1ec15e038   .VE.....8.......
0x000000c6cb3fe690:   0000000000000000 000001d1e48818a0   ................
0x000000c6cb3fe6a0:   000001d1e48818a0 000001d1e467c6b8   ..........g.....

Instructions: (pc=0x00007ffd4b77180e)
  0x00007ffd4b77170e:   41 57 48 81 ec 80 01 00 00 48 8b 05 22 91 85 00
  0x00007ffd4b77171e:   48 33 c4 48 89 84 24 70 01 00 00 0f b6 ac 24 e0
  0x00007ffd4b77172e:   01 00 00 4d 8b f9 4c 8b ac 24 e8 01 00 00 4d 8b
  0x00007ffd4b77173e:   e0 40 88 6c 24 30 48 8b f2 4d 85 c0 75 0e 48 8b
  0x00007ffd4b77174e:   0d 8d c6 8d 00 e8 98 be 3f 00 eb 03 49 8b c4 48
  0x00007ffd4b77175e:   c7 c3 ff ff ff ff 48 8b d3 48 ff c2 80 3c 10 00
  0x00007ffd4b77176e:   75 f7 4c 8d 44 24 58 48 8b c8 e8 33 fb 3f 00 48
  0x00007ffd4b77177e:   8b f8 48 85 c0 74 10 8b 08 66 83 f9 01 75 08 48
  0x00007ffd4b77178e:   8b c8 e8 0b ce 3f 00 48 ff c3 41 80 3c 1f 00 75
  0x00007ffd4b77179e:   f6 4c 8d 44 24 5c 8b d3 49 8b cf e8 02 fb 3f 00
  0x00007ffd4b7717ae:   4c 8b f0 48 85 c0 74 10 8b 08 66 83 f9 01 75 08
  0x00007ffd4b7717be:   48 8b c8 e8 da cd 3f 00 48 85 ff 0f 84 9d 02 00
  0x00007ffd4b7717ce:   00 4d 85 f6 0f 84 94 02 00 00 48 8b c6 83 e0 03
  0x00007ffd4b7717de:   48 83 f8 01 75 12 48 8b 05 ed 3c 83 00 48 8d 4e
  0x00007ffd4b7717ee:   ff ff d0 48 8b d8 eb 1b 48 83 f8 02 75 12 48 8b
  0x00007ffd4b7717fe:   05 1d 98 82 00 48 8d 4e fe ff d0 48 8b d8 eb 03
=>0x00007ffd4b77180e:   48 8b 1e 8b 15 61 c3 89 00 48 8b cb e8 f1 f9 2a
  0x00007ffd4b77181e:   00 8b 15 53 c3 89 00 48 8b cb 48 8b f0 e8 e0 f9
  0x00007ffd4b77182e:   2a 00 48 8b ce 48 85 c0 0f 85 c6 00 00 00 49 8b
  0x00007ffd4b77183e:   9d 90 03 00 00 48 8b 43 18 48 8b 6b 20 48 89 44
  0x00007ffd4b77184e:   24 38 48 8b 43 28 48 89 44 24 48 48 8b 43 08 48
  0x00007ffd4b77185e:   89 44 24 40 48 8b 06 ff 90 10 01 00 00 80 7c 24
  0x00007ffd4b77186e:   30 00 4c 8d 05 f9 97 52 00 4c 8b c8 4c 89 7c 24
  0x00007ffd4b77187e:   28 48 8d 05 c2 9b 52 00 4c 89 64 24 20 4c 0f 45
  0x00007ffd4b77188e:   c0 48 8d 15 9a 16 64 00 48 8d 4c 24 60 e8 70 2e
  0x00007ffd4b77189e:   be ff 4c 8b 0d 79 be 8d 00 48 8d 15 e2 15 64 00
  0x00007ffd4b7718ae:   49 8b cd 4c 8b 00 4c 89 44 24 20 41 b8 38 04 00
  0x00007ffd4b7718be:   00 e8 fc c7 e9 ff 48 8b 74 24 38 48 83 3e 00 74
  0x00007ffd4b7718ce:   15 48 8b 54 24 40 48 8b cb e8 e4 c2 c0 ff 48 8b
  0x00007ffd4b7718de:   ce e8 bc c2 c0 ff 48 39 6b 20 74 2b 48 8b 44 24
  0x00007ffd4b7718ee:   48 48 89 43 28 48 89 73 18 48 89 6b 20 33 db e9
  0x00007ffd4b7718fe:   92 01 00 00 48 8b 06 49 8b d5 ff 90 b0 00 00 00


Stack slot to memory mapping:

stack at sp + 0 slots: 0x0000000000000005 is an unknown value
stack at sp + 1 slots: 0x0 is null
stack at sp + 2 slots: 0x00000000354d3aa0 is pointing into metadata
stack at sp + 3 slots: 0x000001d1e475bc80 points into unknown readable memory: 0x0000000000000a02 | 02 0a 00 00 00 00 00 00
stack at sp + 4 slots: 0x000001d1e467c690 points into unknown readable memory: 0x0000000000000000 | 00 00 00 00 00 00 00 00
stack at sp + 5 slots: 0x000001d1e467c6d0 points into unknown readable memory: 0x00000007fff04980 | 80 49 f0 ff 07 00 00 00
stack at sp + 6 slots: 0x000001d1e467c700 points into unknown readable memory: 0x00000007fff08180 | 80 81 f0 ff 07 00 00 00
stack at sp + 7 slots: 0x00000000000000d8 is an unknown value

Lock stack of current Java thread (top to bottom):

native method entry point (kind = native)  [0x000001d1cbb0d120, 0x000001d1cbb0dc10]  2800 bytes

Loading hsdis library failed, undisassembled code is shown in MachCode section
[MachCode]
  0x000001d1cbb0d120: 488b 4b08 | 0fb7 492e | 584c 8d74 | ccf8 6800 | 0000 0068 | 0000 0000 | 5055 488b | ec41 5548 
  0x000001d1cbb0d140: 8b43 084c | 8d68 3848 | 8b40 0868 | 0000 0000 | 5348 8b50 | 1848 8b52 | 7048 8b12 | 5248 8b53 
  0x000001d1cbb0d160: 1048 85d2 | 7407 4881 | c2d0 0000 | 0052 488b | 5010 5249 | 8bc6 482b | c548 c1e8 | 0350 6800 
  0x000001d1cbb0d180: 0000 0068 | f7ff ffff | 41c6 87ca | 0400 0001 | 488b 4310 | 4885 c074 | 208b 8890 | 0000 0083 
  0x000001d1cbb0d1a0: c102 8988 | 9000 0000 | 2388 a400 | 0000 0f84 | ad09 0000 | e9cf 0000 | 0048 8b43 | 1848 85c0 
  0x000001d1cbb0d1c0: 0f85 b000 | 0000 e805 | 0000 00e9 | 9900 0000 | 488b d348 | 8d44 2408 | 4c89 6dc0 | 498b cfc5 
  0x000001d1cbb0d1e0: f877 4989 | af20 0400 | 0049 8987 | 1004 0000 | 4883 ec20 | 40f6 c40f | 0f84 1900 | 0000 4883 
  0x000001d1cbb0d200: ec08 48b8 | 5073 6e4b | fd7f 0000 | ffd0 4883 | c408 e90c | 0000 0048 | b850 736e | 4bfd 7f00 
  0x000001d1cbb0d220: 00ff d048 | 83c4 2049 | c787 1004 | 0000 0000 | 0000 49c7 | 8720 0400 | 0000 0000 | 0049 c787 
  0x000001d1cbb0d240: 1804 0000 | 0000 0000 | c5f8 7749 | 837f 0800 | 0f84 0500 | 0000 e985 | 45ff ff4c | 8b6d c04c 
  0x000001d1cbb0d260: 8b75 c84e | 8d74 f500 | c348 8b43 | 1848 85c0 | 0f84 1200 | 0000 8b48 | 0883 c102 | 8948 0823 
  0x000001d1cbb0d280: 482c 0f84 | d908 0000 | 493b a750 | 0500 000f | 8748 0000 | 0089 8424 | 00f0 ffff | 8984 2400 
  0x000001d1cbb0d2a0: e0ff ff89 | 8424 00d0 | ffff 8984 | 2400 c0ff | ff89 8424 | 00b0 ffff | 8984 2400 | a0ff ff89 
  0x000001d1cbb0d2c0: 8424 0090 | ffff 8984 | 2400 80ff | ff49 3ba7 | 4805 0000 | 7607 4989 | a750 0500 | 0041 c687 
  0x000001d1cbb0d2e0: ca04 0000 | 0048 8b5d | e84c 8b5b | 0845 0fb7 | 5b2e 41c1 | e303 492b | e348 83ec | 2048 83e4 
  0x000001d1cbb0d300: f04c 8b5b | 604d 85db | 0f85 ab00 | 0000 e805 | 0000 00e9 | 9900 0000 | 488b d348 | 8d44 2408 
  0x000001d1cbb0d320: 4c89 6dc0 | 498b cfc5 | f877 4989 | af20 0400 | 0049 8987 | 1004 0000 | 4883 ec20 | 40f6 c40f 
  0x000001d1cbb0d340: 0f84 1900 | 0000 4883 | ec08 48b8 | 109d 6e4b | fd7f 0000 | ffd0 4883 | c408 e90c | 0000 0048 
  0x000001d1cbb0d360: b810 9d6e | 4bfd 7f00 | 00ff d048 | 83c4 2049 | c787 1004 | 0000 0000 | 0000 49c7 | 8720 0400 
  0x000001d1cbb0d380: 0000 0000 | 0049 c787 | 1804 0000 | 0000 0000 | c5f8 7749 | 837f 0800 | 0f84 0500 | 0000 e93d 
  0x000001d1cbb0d3a0: 44ff ff4c | 8b6d c04c | 8b75 c84e | 8d74 f500 | c348 8b5d | e84c 8b5b | 6041 ffd3 | 488b 5de8 
  0x000001d1cbb0d3c0: 4889 4518 | 440f b75b | 2c41 f6c3 | 080f 841b | 0000 004c | 8b5b 084d | 8b5b 084d | 8b5b 184d 
  0x000001d1cbb0d3e0: 8b5b 704d | 8b1b 4c89 | 5d10 488d | 5510 488b | 4358 49ba | b04e ab4b | fd7f 0000 | 493b c20f 
  0x000001d1cbb0d400: 85ab 0000 | 00e8 0500 | 0000 e999 | 0000 0048 | 8bd3 488d | 4424 084c | 896d c049 | 8bcf c5f8 
  0x000001d1cbb0d420: 7749 89af | 2004 0000 | 4989 8710 | 0400 0048 | 83ec 2040 | f6c4 0f0f | 8419 0000 | 0048 83ec 
  0x000001d1cbb0d440: 0848 b810 | 9d6e 4bfd | 7f00 00ff | d048 83c4 | 08e9 0c00 | 0000 48b8 | 109d 6e4b | fd7f 0000 
  0x000001d1cbb0d460: ffd0 4883 | c420 49c7 | 8710 0400 | 0000 0000 | 0049 c787 | 2004 0000 | 0000 0000 | 49c7 8718 
  0x000001d1cbb0d480: 0400 0000 | 0000 00c5 | f877 4983 | 7f08 000f | 8405 0000 | 00e9 4643 | ffff 4c8b | 6dc0 4c8b 
  0x000001d1cbb0d4a0: 75c8 4e8d | 74f5 00c3 | 488b 5de8 | 488b 4358 | 498d 8f30 | 0400 004c | 8d15 d500 | 0000 4d89 
  0x000001d1cbb0d4c0: 9718 0400 | 00c5 f877 | 4989 af20 | 0400 0049 | 89a7 1004 | 0000 41c7 | 87ac 0400 | 0004 0000 
  0x000001d1cbb0d4e0: 0049 3ba7 | a805 0000 | 7607 4989 | a7a8 0500 | 00ff d049 | 3ba7 a805 | 0000 720b | 49c7 87a8 
  0x000001d1cbb0d500: 0500 0000 | 0000 00c5 | f877 4883 | ec10 c5fb | 1104 2448 | 83ec 1048 | 8904 2448 | c744 2408 
  0x000001d1cbb0d520: 0000 0000 | 41c7 87ac | 0400 0005 | 0000 00f0 | 8344 24c0 | 0049 3b6f | 280f 870e | 0000 0041 
  0x000001d1cbb0d540: 83bf a804 | 0000 000f | 8420 0000 | 0049 8bcf | 4c8b e448 | 83ec 2048 | 83e4 f048 | b860 0570 
  0x000001d1cbb0d560: 4bfd 7f00 | 00ff d049 | 8be4 4d33 | e441 c787 | ac04 0000 | 0800 0000 | 4d8b 97c0 | 0500 0049 
  0x000001d1cbb0d580: 83fa 0074 | 3549 c787 | c005 0000 | 0000 0000 | 41ff e249 | ba60 c1b0 | cbd1 0100 | 0041 ffd2 
  0x000001d1cbb0d5a0: 4883 ec10 | c5fb 1104 | 2448 83ec | 1048 8904 | 2448 c744 | 2408 0000 | 0000 49c7 | 8710 0400 
  0x000001d1cbb0d5c0: 0000 0000 | 0049 c787 | 2004 0000 | 0000 0000 | 49c7 8718 | 0400 0000 | 0000 00c5 | f877 4d8b 
  0x000001d1cbb0d5e0: 9f90 0400 | 0041 c783 | 0001 0000 | 0000 0000 | 49bb 5aaa | b0cb d101 | 0000 4c3b | 5d18 0f85 
  0x000001d1cbb0d600: 5001 0000 | 488b 0424 | 4883 c410 | 4885 c00f | 842a 0100 | 00a8 030f | 8508 0000 | 0048 8b00 
  0x000001d1cbb0d620: e91a 0100 | 00a8 010f | 8509 0000 | 0048 8b40 | fee9 0901 | 0000 488b | 40ff 4180 | 7f48 000f 
  0x000001d1cbb0d640: 84fa 0000 | 0048 85c0 | 0f84 f100 | 0000 4d8b | 5f38 4d85 | db74 1449 | 83eb 084d | 895f 384d 
  0x000001d1cbb0d660: 035f 4049 | 8903 e9d4 | 0000 0048 | 83ec 7048 | 8904 2448 | 894c 2408 | 4889 5424 | 104c 8944 
  0x000001d1cbb0d680: 2418 4c89 | 4c24 204c | 8954 2428 | 4c89 5c24 | 30c5 fb11 | 4424 40c5 | fb11 4c24 | 48c5 fb11 
  0x000001d1cbb0d6a0: 5424 50c5 | fb11 5c24 | 58c5 fb11 | 6424 60c5 | fb11 6c24 | 6849 8bd7 | 488b c848 | 83ec 2040 
  0x000001d1cbb0d6c0: f6c4 0f0f | 8419 0000 | 0048 83ec | 0848 b890 | ac62 4bfd | 7f00 00ff | d048 83c4 | 08e9 0c00 
  0x000001d1cbb0d6e0: 0000 48b8 | 90ac 624b | fd7f 0000 | ffd0 4883 | c420 c5fb | 106c 2468 | c5fb 1064 | 2460 c5fb 
  0x000001d1cbb0d700: 105c 2458 | c5fb 1054 | 2450 c5fb | 104c 2448 | c5fb 1044 | 2440 4c8b | 5c24 304c | 8b54 2428 
  0x000001d1cbb0d720: 4c8b 4c24 | 204c 8b44 | 2418 488b | 5424 1048 | 8b4c 2408 | 488b 0424 | 4883 c470 | c5f8 7748 
  0x000001d1cbb0d740: 8945 1048 | 83ec 1048 | 8904 2448 | c744 2408 | 0000 0000 | 4183 bf30 | 0500 0002 | 0f85 bf00 
  0x000001d1cbb0d760: 0000 4881 | ec80 0000 | 0048 8944 | 2478 4889 | 4c24 7048 | 8954 2468 | 4889 5c24 | 6048 896c 
  0x000001d1cbb0d780: 2450 4889 | 7424 4848 | 897c 2440 | 4c89 4424 | 384c 894c | 2430 4c89 | 5424 284c | 895c 2420 
  0x000001d1cbb0d7a0: 4c89 6424 | 184c 896c | 2410 4c89 | 7424 084c | 893c 244c | 8be4 4883 | ec20 4883 | e4f0 48b8 
  0x000001d1cbb0d7c0: 3036 ab4b | fd7f 0000 | ffd0 498b | e44c 8b3c | 244c 8b74 | 2408 4c8b | 6c24 104c | 8b64 2418 
  0x000001d1cbb0d7e0: 4c8b 5c24 | 204c 8b54 | 2428 4c8b | 4c24 304c | 8b44 2438 | 488b 7c24 | 4048 8b74 | 2448 488b 
  0x000001d1cbb0d800: 6c24 5048 | 8b5c 2460 | 488b 5424 | 6848 8b4c | 2470 488b | 4424 7848 | 81c4 8000 | 0000 4d33 
  0x000001d1cbb0d820: e448 8b5d | e84c 8b6b | 084d 8d6d | 3849 837f | 0800 0f84 | bb00 0000 | e805 0000 | 00e9 9600 
  0x000001d1cbb0d840: 0000 488d | 4424 084c | 896d c049 | 8bcf c5f8 | 7749 89af | 2004 0000 | 4989 8710 | 0400 0048 
  0x000001d1cbb0d860: 83ec 2040 | f6c4 0f0f | 8419 0000 | 0048 83ec | 0848 b840 | bb6e 4bfd | 7f00 00ff | d048 83c4 
  0x000001d1cbb0d880: 08e9 0c00 | 0000 48b8 | 40bb 6e4b | fd7f 0000 | ffd0 4883 | c420 49c7 | 8710 0400 | 0000 0000 
  0x000001d1cbb0d8a0: 0049 c787 | 2004 0000 | 0000 0000 | 49c7 8718 | 0400 0000 | 0000 00c5 | f877 4983 | 7f08 000f 
  0x000001d1cbb0d8c0: 8405 0000 | 00e9 163f | ffff 4c8b | 6dc0 4c8b | 75c8 4e8d | 74f5 00c3 | 48b9 2872 | d64b fd7f 
  0x000001d1cbb0d8e0: 0000 4883 | e4f0 48b8 | 40e4 974b | fd7f 0000 | ffd0 f444 | 0fb7 5b2c | 41f6 c320 | 0f84 7201 
  0x000001d1cbb0d900: 0000 488d | 55a8 4c8b | 5a08 4d85 | db0f 85bb | 0000 00e8 | 0500 0000 | e996 0000 | 0048 8d44 
  0x000001d1cbb0d920: 2408 4c89 | 6dc0 498b | cfc5 f877 | 4989 af20 | 0400 0049 | 8987 1004 | 0000 4883 | ec20 40f6 
  0x000001d1cbb0d940: c40f 0f84 | 1900 0000 | 4883 ec08 | 48b8 70ba | 6e4b fd7f | 0000 ffd0 | 4883 c408 | e90c 0000 
  0x000001d1cbb0d960: 0048 b870 | ba6e 4bfd | 7f00 00ff | d048 83c4 | 2049 c787 | 1004 0000 | 0000 0000 | 49c7 8720 
  0x000001d1cbb0d980: 0400 0000 | 0000 0049 | c787 1804 | 0000 0000 | 0000 c5f8 | 7749 837f | 0800 0f84 | 0500 0000 
  0x000001d1cbb0d9a0: e93b 3eff | ff4c 8b6d | c04c 8b75 | c84e 8d74 | f500 c348 | b928 72d6 | 4bfd 7f00 | 0048 83e4 
  0x000001d1cbb0d9c0: f048 b840 | e497 4bfd | 7f00 00ff | d0f4 4c89 | 6dc0 4c8b | 4a08 48c7 | 4208 0000 | 0000 458b 
  0x000001d1cbb0d9e0: 87c8 0600 | 004f 3b4c | 07f8 0f85 | 4200 0000 | 4183 afc8 | 0600 0008 | 4f3b 4c07 | f00f 842a 
  0x000001d1cbb0da00: 0000 0049 | 8b01 a802 | 0f85 1200 | 0000 4c8b | c049 83c8 | 01f0 4d0f | b101 0f84 | 0d00 0000 
  0x000001d1cbb0da20: 4183 87c8 | 0600 0008 | e905 0000 | 00e9 3e00 | 0000 4c89 | 4a08 488b | ca48 83ec | 2040 f6c4 
  0x000001d1cbb0da40: 0f0f 8419 | 0000 0048 | 83ec 0848 | b8a0 8c6e | 4bfd 7f00 | 00ff d048 | 83c4 08e9 | 0c00 0000 
  0x000001d1cbb0da60: 48b8 a08c | 6e4b fd7f | 0000 ffd0 | 4883 c420 | 4c8b 6dc0 | 41c6 877e | 0300 0001 | 493b 6f28 
  0x000001d1cbb0da80: 0f87 0500 | 0000 e9ab | 0000 0048 | 83ec 10c5 | fb11 0424 | 4883 ec10 | 4889 0424 | 48c7 4424 
  0x000001d1cbb0daa0: 0800 0000 | 00c5 f877 | 4989 af20 | 0400 0049 | baa5 dab0 | cbd1 0100 | 004d 8997 | 1804 0000 
  0x000001d1cbb0dac0: 4989 a710 | 0400 0049 | 8bcf 4883 | ec20 40f6 | c40f 0f84 | 1900 0000 | 4883 ec08 | 48b8 e072 
  0x000001d1cbb0dae0: 6e4b fd7f | 0000 ffd0 | 4883 c408 | e90c 0000 | 0048 b8e0 | 726e 4bfd | 7f00 00ff | d048 83c4 
  0x000001d1cbb0db00: 2049 c787 | 1004 0000 | 0000 0000 | 49c7 8720 | 0400 0000 | 0000 0049 | c787 1804 | 0000 0000 
  0x000001d1cbb0db20: 0000 c5f8 | 7748 8b04 | 2448 83c4 | 10c5 fb10 | 0424 4883 | c410 488b | 0424 4883 | c410 c5fb 
  0x000001d1cbb0db40: 1004 2448 | 83c4 104c | 8b5d 1841 | ffd3 4c8b | 5df8 c941 | c687 7e03 | 0000 005f | 498b e3ff 
  0x000001d1cbb0db60: e7ba 0000 | 0000 e805 | 0000 00e9 | 9600 0000 | 488d 4424 | 084c 896d | c049 8bcf | c5f8 7749 
  0x000001d1cbb0db80: 89af 2004 | 0000 4989 | 8710 0400 | 0048 83ec | 2040 f6c4 | 0f0f 8419 | 0000 0048 | 83ec 0848 
  0x000001d1cbb0dba0: b8a0 826e | 4bfd 7f00 | 00ff d048 | 83c4 08e9 | 0c00 0000 | 48b8 a082 | 6e4b fd7f | 0000 ffd0 
  0x000001d1cbb0dbc0: 4883 c420 | 49c7 8710 | 0400 0000 | 0000 0049 | c787 2004 | 0000 0000 | 0000 49c7 | 8718 0400 
  0x000001d1cbb0dbe0: 0000 0000 | 00c5 f877 | 4983 7f08 | 000f 8405 | 0000 00e9 | e83b ffff | 4c8b 6dc0 | 4c8b 75c8 
  0x000001d1cbb0dc00: 4e8d 74f5 | 00c3 488b | 5de8 e979 | f6ff ff90 
[/MachCode]

Compiled method (c1) 5253 6164       3       com.sun.javafx.application.PlatformImpl$$Lambda/0x0000000036085300::run (8 bytes)
 total in heap  [0x000001d1c50a6c08,0x000001d1c50a6f38] = 816
 main code      [0x000001d1c50a6d00,0x000001d1c50a6ef0] = 496
 stub code      [0x000001d1c50a6ef0,0x000001d1c50a6f30] = 64
 oops           [0x000001d1c50a6f30,0x000001d1c50a6f38] = 8
 mutable data [0x000001d1efeda7d0,0x000001d1efeda828] = 88
 relocation     [0x000001d1efeda7d0,0x000001d1efeda818] = 72
 metadata       [0x000001d1efeda818,0x000001d1efeda828] = 16
 immutable data [0x000001d1ec908210,0x000001d1ec9082ac] = 156
 dependencies   [0x000001d1ec908210,0x000001d1ec908218] = 8
 nul chk table  [0x000001d1ec908218,0x000001d1ec908228] = 16
 scopes pcs     [0x000001d1ec908228,0x000001d1ec908288] = 96
 scopes data    [0x000001d1ec908288,0x000001d1ec9082a8] = 32

[Constant Pool (empty)]


Loading hsdis library failed, undisassembled code is shown in MachCode section
[MachCode]
[Instructions begin]
  0x000001d1c50a6d00: 660f 1f84 | 0000 0000 | 0066 0f1f | 8400 0000 | 0000 448b | 5208 443b 

  0x000001d1c50a6d18: ;   {runtime_call Shared Runtime ic_miss_blob}
  0x000001d1c50a6d18: 5008 0f85 | c080 aa06 
[Verified Entry Point]
  0x000001d1c50a6d20: 8984 2400 | 80ff ff55 | 4883 ec30 | 4181 7f20 | 0500 0000 

  0x000001d1c50a6d34: ;   {runtime_call Stub::Stub Generator method_entry_barrier_stub}
  0x000001d1c50a6d34: 7405 e845 

  0x000001d1c50a6d38: ;   {metadata(method data for {method} {0x000001d1e05aeed0} 'run' '()Ljava/lang/Object;' in 'com/sun/javafx/application/PlatformImpl$$Lambda+0x0000000036085300')}
  0x000001d1c50a6d38: d3a8 0648 | be58 7db8 | e1d1 0100 | 008b be90 | 0000 0083 | c702 89be | 9000 0000 | 81e7 fe07 
  0x000001d1c50a6d58: 0000 85ff | 0f84 0401 | 0000 8b52 | 0c48 c1e2 

  0x000001d1c50a6d68: ;   {metadata(method data for {method} {0x000001d1e05aeed0} 'run' '()Ljava/lang/Object;' in 'com/sun/javafx/application/PlatformImpl$$Lambda+0x0000000036085300')}
  0x000001d1c50a6d68: 0348 be58 | 7db8 e1d1 | 0100 0048 | 8386 d800 

  0x000001d1c50a6d78: ;   {metadata(method data for {method} {0x000001d1e0420008} 'lambda$runLater$10' '(Ljava/lang/Runnable;)Ljava/lang/Void;' in 'com/sun/javafx/application/PlatformImpl')}
  0x000001d1c50a6d78: 0000 0148 | be80 7eb8 | e1d1 0100 | 008b be90 | 0000 0083 | c702 89be | 9000 0000 | 81e7 feff 
  0x000001d1c50a6d98: 1f00 85ff | 0f84 e500 | 0000 483b | 0248 8bf2 

  0x000001d1c50a6da8: ;   {metadata(method data for {method} {0x000001d1e0420008} 'lambda$runLater$10' '(Ljava/lang/Runnable;)Ljava/lang/Void;' in 'com/sun/javafx/application/PlatformImpl')}
  0x000001d1c50a6da8: 48bf 807e | b8e1 d101 | 0000 8b76 | 0841 ba00 | 0000 3549 | 03f2 483b | b7e0 0000 | 0075 0d48 
  0x000001d1c50a6dc8: 8387 e800 | 0000 01e9 | 6000 0000 | 483b b7f0 | 0000 0075 | 0d48 8387 | f800 0000 | 01e9 4a00 
  0x000001d1c50a6de8: 0000 4883 | bfe0 0000 | 0000 7517 | 4889 b7e0 | 0000 0048 | c787 e800 | 0000 0100 | 0000 e929 
  0x000001d1c50a6e08: 0000 0048 | 83bf f000 | 0000 0075 | 1748 89b7 | f000 0000 | 48c7 87f8 | 0000 0001 | 0000 00e9 
  0x000001d1c50a6e28: 0800 0000 | 4883 87d8 | 0000 0001 | 9048 b8d0 | b028 efd1 

  0x000001d1c50a6e3c: ;   {virtual_call}
  0x000001d1c50a6e3c: 0100 00e8 

  0x000001d1c50a6e40: ; ImmutableOopMap {}
                      ;*invokeinterface run {reexecute=0 rethrow=0 return_oop=0}
                      ; - com.sun.javafx.application.PlatformImpl::lambda$runLater$10@1 (line 456)
                      ; - com.sun.javafx.application.PlatformImpl$$Lambda/0x0000000036085300::run@4
  0x000001d1c50a6e40: 2436 b806 

  0x000001d1c50a6e44: ;   {post_call_nop}
  0x000001d1c50a6e44: 0f1f 8400 | 3c02 0000 

  0x000001d1c50a6e4c: ;   {oop(nullptr)}
  0x000001d1c50a6e4c: 48b8 0000 | 0000 0000 | 0000 4883 

  0x000001d1c50a6e58: ;   {poll_return}
  0x000001d1c50a6e58: c430 5d49 | 3b67 280f | 8748 0000 

  0x000001d1c50a6e64: ;   {metadata({method} {0x000001d1e05aeed0} 'run' '()Ljava/lang/Object;' in 'com/sun/javafx/application/PlatformImpl$$Lambda+0x0000000036085300')}
  0x000001d1c50a6e64: 00c3 49ba | c8ee 5ae0 | d101 0000 | 4c89 5424 | 0848 c704 | 24ff ffff 

  0x000001d1c50a6e7c: ;   {runtime_call C1 Runtime counter_overflow_blob}
  0x000001d1c50a6e7c: ffe8 de9d 

  0x000001d1c50a6e80: ; ImmutableOopMap {rdx=Oop }
                      ;*synchronization entry
                      ; - com.sun.javafx.application.PlatformImpl$$Lambda/0x0000000036085300::run@-1
  0x000001d1c50a6e80: b706 e9db 

  0x000001d1c50a6e84: ;   {metadata({method} {0x000001d1e0420008} 'lambda$runLater$10' '(Ljava/lang/Runnable;)Ljava/lang/Void;' in 'com/sun/javafx/application/PlatformImpl')}
  0x000001d1c50a6e84: feff ff49 | ba00 0042 | e0d1 0100 | 004c 8954 | 2408 48c7 | 0424 ffff 

  0x000001d1c50a6e9c: ;   {runtime_call C1 Runtime counter_overflow_blob}
  0x000001d1c50a6e9c: ffff e8bd 

  0x000001d1c50a6ea0: ; ImmutableOopMap {rdx=Oop }
                      ;*synchronization entry
                      ; - com.sun.javafx.application.PlatformImpl::lambda$runLater$10@-1 (line 456)
                      ; - com.sun.javafx.application.PlatformImpl$$Lambda/0x0000000036085300::run@4
  0x000001d1c50a6ea0: 9db7 06e9 | fafe ffff 

  0x000001d1c50a6ea8: ;   {runtime_call C1 Runtime throw_null_pointer_exception_blob}
  0x000001d1c50a6ea8: e8b3 3db7 

  0x000001d1c50a6eac: ; ImmutableOopMap {rdx=Oop }
                      ;*invokeinterface run {reexecute=0 rethrow=0 return_oop=0}
                      ; - com.sun.javafx.application.PlatformImpl::lambda$runLater$10@1 (line 456)
                      ; - com.sun.javafx.application.PlatformImpl$$Lambda/0x0000000036085300::run@4
                      ;   {internal_word}
  0x000001d1c50a6eac: 0649 ba5b | 6e0a c5d1 | 0100 004d | 8997 b804 

  0x000001d1c50a6ebc: ;   {runtime_call SafepointBlob}
  0x000001d1c50a6ebc: 0000 e99d | a3aa 0649 | 8b87 6805 | 0000 49c7 | 8768 0500 | 0000 0000 | 0049 c787 | 7005 0000 
  0x000001d1c50a6edc: 0000 0000 | 4883 c430 

  0x000001d1c50a6ee4: ;   {runtime_call C1 Runtime unwind_exception_blob}
  0x000001d1c50a6ee4: 5de9 762e | b706 f4f4 | f4f4 f4f4 
[Stub Code]
  0x000001d1c50a6ef0: ;   {other}
  0x000001d1c50a6ef0: 0f1f 4400 

  0x000001d1c50a6ef4: ;   {static_stub}
  0x000001d1c50a6ef4: 0048 bb00 | 0000 0000 

  0x000001d1c50a6efc: ;   {runtime_call nmethod}
  0x000001d1c50a6efc: 0000 00e9 | fbff ffff 
[Exception Handler]
  0x000001d1c50a6f04: ;   {runtime_call C1 Runtime handle_exception_from_callee_blob}
  0x000001d1c50a6f04: e8d7 5eb7 

  0x000001d1c50a6f08: ;   {external_word}
  0x000001d1c50a6f08: 0648 b928 | 72d6 4bfd | 7f00 0048 

  0x000001d1c50a6f14: ;   {runtime_call}
  0x000001d1c50a6f14: 83e4 f048 | b840 e497 | 4bfd 7f00 | 00ff d0f4 

  0x000001d1c50a6f24: ;   {runtime_call DeoptimizationBlob}
  0x000001d1c50a6f24: e837 a6aa | 06eb f9f4 | f4f4 f4f4 
[/MachCode]


Compiled method (c1) 5257 6162   !   3       com.sun.javafx.application.PlatformImpl::lambda$runLater$11 (41 bytes)
 total in heap  [0x000001d1c50a7588,0x000001d1c50a7fe0] = 2648
 main code      [0x000001d1c50a7680,0x000001d1c50a7f68] = 2280
 stub code      [0x000001d1c50a7f68,0x000001d1c50a7fd0] = 104
 oops           [0x000001d1c50a7fd0,0x000001d1c50a7fe0] = 16
 mutable data [0x000001d1ec8f0380,0x000001d1ec8f04b0] = 304
 relocation     [0x000001d1ec8f0380,0x000001d1ec8f0458] = 216
 metadata       [0x000001d1ec8f0458,0x000001d1ec8f04b0] = 88
 immutable data [0x000001d1f0347e50,0x000001d1f0348174] = 804
 dependencies   [0x000001d1f0347e50,0x000001d1f0347e68] = 24
 nul chk table  [0x000001d1f0347e68,0x000001d1f0347e90] = 40
 handler table  [0x000001d1f0347e90,0x000001d1f0347f08] = 120
 scopes pcs     [0x000001d1f0347f08,0x000001d1f0348058] = 336
 scopes data    [0x000001d1f0348058,0x000001d1f0348170] = 280

[Constant Pool (empty)]


Loading hsdis library failed, undisassembled code is shown in MachCode section
[MachCode]
[Verified Entry Point]
  # {method} {0x000001d1e041df18} 'lambda$runLater$11' '(Ljava/lang/Runnable;Ljava/security/AccessControlContext;)V' in 'com/sun/javafx/application/PlatformImpl'
  # parm0:    rdx:rdx   = 'java/lang/Runnable'
  # parm1:    r8:r8     = 'java/security/AccessControlContext'
  #           [sp+0xa0]  (sp of caller)
  0x000001d1c50a7680: 8984 2400 | 80ff ff55 | 4881 ec90 | 0000 0090 | 4181 7f20 | 0500 0000 

  0x000001d1c50a7698: ;   {runtime_call Stub::Stub Generator method_entry_barrier_stub}
  0x000001d1c50a7698: 7405 e8e1 

  0x000001d1c50a769c: ;   {metadata(method data for {method} {0x000001d1e041df18} 'lambda$runLater$11' '(Ljava/lang/Runnable;Ljava/security/AccessControlContext;)V' in 'com/sun/javafx/application/PlatformImpl')}
  0x000001d1c50a769c: c9a8 0648 | be88 77b8 | e1d1 0100 | 008b be90 | 0000 0083 | c702 89be | 9000 0000 | 81e7 fe07 
  0x000001d1c50a76bc: 0000 85ff | 0f84 1b07 | 0000 4c89 

  0x000001d1c50a76c8: ;   {metadata(method data for {method} {0x000001d1e041df18} 'lambda$runLater$11' '(Ljava/lang/Runnable;Ljava/security/AccessControlContext;)V' in 'com/sun/javafx/application/PlatformImpl')}
  0x000001d1c50a76c8: 4424 7848 | be88 77b8 | e1d1 0100 | 0048 8db6 | e800 0000 | 4885 d275 | 0ef6 4608 | 0175 4ff0 
  0x000001d1c50a76e8: 4883 4e08 | 01eb 478b | 7a08 41ba | 0000 0035 | 4903 fa4c | 8bd7 4833 | 7e08 48f7 | c7fc ffff 
  0x000001d1c50a7708: ff74 2b40 | f6c7 0275 | 2548 f746 | 08fe ffff | ff74 1749 | 8bfa 4833 | 7e08 48f7 | c7fc ffff 
  0x000001d1c50a7728: ff74 0b48 | 834e 0802 | eb04 4889 

  0x000001d1c50a7734: ;   {metadata(method data for {method} {0x000001d1e041df18} 'lambda$runLater$11' '(Ljava/lang/Runnable;Ljava/security/AccessControlContext;)V' in 'com/sun/javafx/application/PlatformImpl')}
  0x000001d1c50a7734: 7e08 48be | 8877 b8e1 | d101 0000 | 4883 86d8 | 0000 0001 

  0x000001d1c50a7748: ;   {metadata(method data for {method} {0x00000000352170e0} 'linkToTargetMethod' '(Ljava/lang/Object;Ljava/lang/Object;)Ljava/lang/Object;' in 'java/lang/invoke/Invokers$Holder')}
  0x000001d1c50a7748: 48be f071 | 37e0 d101 | 0000 8bbe | 9000 0000 | 83c7 0289 | be90 0000 | 0081 e7fe | ff1f 0085 
  0x000001d1c50a7768: ff0f 8493 

  0x000001d1c50a776c: ;   {metadata(method data for {method} {0x00000000352170e0} 'linkToTargetMethod' '(Ljava/lang/Object;Ljava/lang/Object;)Ljava/lang/Object;' in 'java/lang/invoke/Invokers$Holder')}
  0x000001d1c50a776c: 0600 0048 | bef0 7137 | e0d1 0100 | 0048 8386 | 0801 0000 

  0x000001d1c50a7780: ;   {metadata(method data for {method} {0x0000000035219c78} 'newInvokeSpecial' '(Ljava/lang/Object;Ljava/lang/Object;)Ljava/lang/Object;' in 'java/lang/invoke/DirectMethodHandle$Holder')}
  0x000001d1c50a7780: 0148 bec0 | 7337 e0d1 | 0100 008b | be90 0000 | 0083 c702 | 89be 9000 | 0000 81e7 | feff 1f00 
  0x000001d1c50a77a0: 85ff 0f84 | 7b06 0000 

  0x000001d1c50a77a8: ;   {metadata(method data for {method} {0x0000000035219c78} 'newInvokeSpecial' '(Ljava/lang/Object;Ljava/lang/Object;)Ljava/lang/Object;' in 'java/lang/invoke/DirectMethodHandle$Holder')}
  0x000001d1c50a77a8: 48be c073 | 37e0 d101 | 0000 4883 | 86d8 0000 

  0x000001d1c50a77b8: ;   {metadata(method data for {method} {0x0000000035209b18} 'allocateInstance' '(Ljava/lang/Object;)Ljava/lang/Object;' in 'java/lang/invoke/DirectMethodHandle')}
  0x000001d1c50a77b8: 0001 48be | a83a 24e0 | d101 0000 | 8bbe 9000 | 0000 83c7 | 0289 be90 | 0000 0081 | e7fe ff1f 
  0x000001d1c50a77d8: 0085 ff0f | 8463 0600 

  0x000001d1c50a77e0: ;   {oop(a 'jdk/internal/misc/Unsafe'{0x000000068c000000})}
  0x000001d1c50a77e0: 0048 be00 | 0000 8c06 | 0000 0048 

  0x000001d1c50a77ec: ;   {metadata(method data for {method} {0x0000000035209b18} 'allocateInstance' '(Ljava/lang/Object;)Ljava/lang/Object;' in 'java/lang/invoke/DirectMethodHandle')}
  0x000001d1c50a77ec: 8bfe 48bb | a83a 24e0 | d101 0000 | 8b7f 0841 | ba00 0000 | 3549 03fa | 483b bb10 | 0100 0075 
  0x000001d1c50a780c: 0d48 8383 | 1801 0000 | 01e9 6000 | 0000 483b | bb20 0100 | 0075 0d48 | 8383 2801 | 0000 01e9 
  0x000001d1c50a782c: 4a00 0000 | 4883 bb10 | 0100 0000 | 7517 4889 | bb10 0100 | 0048 c783 | 1801 0000 | 0100 0000 
  0x000001d1c50a784c: e929 0000 | 0048 83bb | 2001 0000 | 0075 1748 | 89bb 2001 | 0000 48c7 | 8328 0100 | 0001 0000 
  0x000001d1c50a786c: 00e9 0800 | 0000 4883 | 8308 0100 

  0x000001d1c50a7878: ;   {oop(a 'java/lang/Class'{0x000000068c3c4c48} = 'com/sun/javafx/application/PlatformImpl$$Lambda+0x0000000036085300')}
  0x000001d1c50a7878: 0001 49b8 | 484c 3c8c | 0600 0000 | 4889 5424 | 7048 8bd6 

  0x000001d1c50a788c: ;   {optimized virtual_call}
  0x000001d1c50a788c: 6666 90e8 

  0x000001d1c50a7890: ; ImmutableOopMap {[112]=Oop [120]=Oop }
                      ;*invokevirtual allocateInstance {reexecute=0 rethrow=0 return_oop=0}
                      ; - java.lang.invoke.DirectMethodHandle::allocateInstance@12 (line 503)
                      ; - java.lang.invoke.DirectMethodHandle$Holder::newInvokeSpecial@1
                      ; - java.lang.invoke.Invokers$Holder::linkToTargetMethod@5
                      ; - com.sun.javafx.application.PlatformImpl::lambda$runLater$11@1 (line 455)
  0x000001d1c50a7890: fcf7 1c07 

  0x000001d1c50a7894: ;   {post_call_nop}
  0x000001d1c50a7894: 0f1f 8400 | 0c03 0000 

  0x000001d1c50a789c: ;   {metadata(method data for {method} {0x0000000035219c78} 'newInvokeSpecial' '(Ljava/lang/Object;Ljava/lang/Object;)Ljava/lang/Object;' in 'java/lang/invoke/DirectMethodHandle$Holder')}
  0x000001d1c50a789c: 48ba c073 | 37e0 d101 | 0000 488d | 92f8 0000 | 0048 85c0 | 750a f602 | 0175 05f0 | 4883 0a01 
  0x000001d1c50a78bc: ;   {metadata(method data for {method} {0x0000000035219c78} 'newInvokeSpecial' '(Ljava/lang/Object;Ljava/lang/Object;)Ljava/lang/Object;' in 'java/lang/invoke/DirectMethodHandle$Holder')}
  0x000001d1c50a78bc: 48ba c073 | 37e0 d101 | 0000 4883 | 8208 0100 

  0x000001d1c50a78cc: ;   {metadata(method data for {method} {0x000000003520a5c0} 'constructorMethod' '(Ljava/lang/Object;)Ljava/lang/Object;' in 'java/lang/invoke/DirectMethodHandle')}
  0x000001d1c50a78cc: 0001 48ba | 203c 24e0 | d101 0000 | 8bb2 9000 | 0000 83c6 | 0289 b290 | 0000 0081 | e6fe ff1f 
  0x000001d1c50a78ec: 0085 f60f | 8470 0500 | 0048 3b00 

  0x000001d1c50a78f8: ;   {metadata(method data for {method} {0x0000000035219c78} 'newInvokeSpecial' '(Ljava/lang/Object;Ljava/lang/Object;)Ljava/lang/Object;' in 'java/lang/invoke/DirectMethodHandle$Holder')}
  0x000001d1c50a78f8: 488b d048 | bec0 7337 | e0d1 0100 | 0048 8386 | 6801 0000 

  0x000001d1c50a790c: ;   {metadata(method data for {method} {0x000001d1e05aee38} '<init>' '(Ljava/lang/Runnable;)V' in 'com/sun/javafx/application/PlatformImpl$$Lambda+0x0000000036085300')}
  0x000001d1c50a790c: 0148 bab8 | 79b8 e1d1 | 0100 008b | b290 0000 | 0083 c602 | 89b2 9000 | 0000 81e6 | feff 1f00 
  0x000001d1c50a792c: 85f6 0f84 | 5705 0000 

  0x000001d1c50a7934: ;   {metadata(method data for {method} {0x000001d1e05aee38} '<init>' '(Ljava/lang/Runnable;)V' in 'com/sun/javafx/application/PlatformImpl$$Lambda+0x0000000036085300')}
  0x000001d1c50a7934: 488b d048 | beb8 79b8 | e1d1 0100 | 0048 8386 | d800 0000 

  0x000001d1c50a7948: ;   {metadata(method data for {method} {0x00000000354bc550} '<init>' '()V' in 'java/lang/Object')}
  0x000001d1c50a7948: 0148 ba70 | af00 e0d1 | 0100 008b | b290 0000 | 0083 c602 | 89b2 9000 | 0000 81e6 | feff 1f00 
  0x000001d1c50a7968: 85f6 0f84 | 3c05 0000 | 410f be57 | 4885 d20f | 8550 0500 | 0048 8b54 | 2470 4c8b | d249 c1ea 
  0x000001d1c50a7988: 0344 8950 | 0c48 8bf8 | 4833 fa48 | c1ef 1674 | 1848 85d2 | 7413 488b | f848 c1ef | 0949 037f 
  0x000001d1c50a79a8: 5080 3fff | 7503 c607 

  0x000001d1c50a79b0: ;   {metadata(method data for {method} {0x00000000352170e0} 'linkToTargetMethod' '(Ljava/lang/Object;Ljava/lang/Object;)Ljava/lang/Object;' in 'java/lang/invoke/Invokers$Holder')}
  0x000001d1c50a79b0: 0048 baf0 | 7137 e0d1 | 0100 0048 | 8d92 4801 | 0000 4885 | c075 0af6 | 0201 7505 | f048 830a 
  0x000001d1c50a79d0: ;   {metadata(method data for {method} {0x000001d1e041df18} 'lambda$runLater$11' '(Ljava/lang/Runnable;Ljava/security/AccessControlContext;)V' in 'com/sun/javafx/application/PlatformImpl')}
  0x000001d1c50a79d0: 0148 ba88 | 77b8 e1d1 | 0100 0048 | 8d92 f800 | 0000 4885 | c075 0cf6 | 0201 7549 | f048 830a 
  0x000001d1c50a79f0: 01eb 428b | 7008 41ba | 0000 0035 | 4903 f24c | 8bd6 4833 | 3248 f7c6 | fcff ffff | 7427 40f6 
  0x000001d1c50a7a10: c602 7521 | 48f7 02fe | ffff ff74 | 1549 8bf2 | 4833 3248 | f7c6 fcff | ffff 7409 | 4883 0a02 
  0x000001d1c50a7a30: eb03 4889 

  0x000001d1c50a7a34: ;   {metadata(method data for {method} {0x000001d1e041df18} 'lambda$runLater$11' '(Ljava/lang/Runnable;Ljava/security/AccessControlContext;)V' in 'com/sun/javafx/application/PlatformImpl')}
  0x000001d1c50a7a34: 3248 ba88 | 77b8 e1d1 | 0100 0048 | 8382 0801 

  0x000001d1c50a7a44: ;   {metadata(method data for {method} {0x00000000353a6b90} 'doPrivileged' '(Ljava/security/PrivilegedAction;Ljava/security/AccessControlContext;)Ljava/lang/Object;' in 'java/security/AccessController')}
  0x000001d1c50a7a44: 0000 0148 | ba48 7a3f | e1d1 0100 | 008b b290 | 0000 0083 | c602 89b2 | 9000 0000 | 81e6 feff 
  0x000001d1c50a7a64: 1f00 85f6 | 0f84 7d04 | 0000 483b | 0048 8bd0 

  0x000001d1c50a7a74: ;   {metadata(method data for {method} {0x00000000353a6b90} 'doPrivileged' '(Ljava/security/PrivilegedAction;Ljava/security/AccessControlContext;)Ljava/lang/Object;' in 'java/security/AccessController')}
  0x000001d1c50a7a74: 48be 487a | 3fe1 d101 | 0000 8b52 | 0841 ba00 | 0000 3549 | 03d2 483b | 96e0 0000 | 0075 0d48 
  0x000001d1c50a7a94: 8386 e800 | 0000 01e9 | 6000 0000 | 483b 96f0 | 0000 0075 | 0d48 8386 | f800 0000 | 01e9 4a00 
  0x000001d1c50a7ab4: 0000 4883 | bee0 0000 | 0000 7517 | 4889 96e0 | 0000 0048 | c786 e800 | 0000 0100 | 0000 e929 
  0x000001d1c50a7ad4: 0000 0048 | 83be f000 | 0000 0075 | 1748 8996 | f000 0000 | 48c7 86f8 | 0000 0001 | 0000 00e9 
  0x000001d1c50a7af4: 0800 0000 | 4883 86d8 | 0000 0001 | 488b d066 | 9048 b8c0 | 8b6a f1d1 

  0x000001d1c50a7b0c: ;   {virtual_call}
  0x000001d1c50a7b0c: 0100 00e8 

  0x000001d1c50a7b10: ; ImmutableOopMap {}
                      ;*invokeinterface run {reexecute=0 rethrow=0 return_oop=0}
                      ; - java.security.AccessController::doPrivileged@1 (line 138)
                      ; - com.sun.javafx.application.PlatformImpl::lambda$runLater$11@7 (line 455)
  0x000001d1c50a7b10: fef1 ffff 

  0x000001d1c50a7b14: ;   {post_call_nop}
  0x000001d1c50a7b14: 0f1f 8400 | 8c05 0001 

  0x000001d1c50a7b1c: ;   {metadata(method data for {method} {0x000001d1e041df18} 'lambda$runLater$11' '(Ljava/lang/Runnable;Ljava/security/AccessControlContext;)V' in 'com/sun/javafx/application/PlatformImpl')}
  0x000001d1c50a7b1c: 4885 c048 | bf88 77b8 | e1d1 0100 | 0075 0c80 | 8f11 0100 | 0001 e9a6 | 0000 008b | 5808 41ba 
  0x000001d1c50a7b3c: 0000 0035 | 4903 da48 | 3b9f 2001 | 0000 750d | 4883 8728 | 0100 0001 | e960 0000 | 0048 3b9f 
  0x000001d1c50a7b5c: 3001 0000 | 750d 4883 | 8738 0100 | 0001 e94a | 0000 0048 | 83bf 2001 | 0000 0075 | 1748 899f 
  0x000001d1c50a7b7c: 2001 0000 | 48c7 8728 | 0100 0001 | 0000 00e9 | 2900 0000 | 4883 bf30 | 0100 0000 | 7517 4889 
  0x000001d1c50a7b9c: 9f30 0100 | 0048 c787 | 3801 0000 | 0100 0000 | e908 0000 | 0048 8387 | 1801 0000 

  0x000001d1c50a7bb8: ;   {metadata('java/lang/Void')}
  0x000001d1c50a7bb8: 0148 bb08 | 6a1b 3500 | 0000 008b | 7008 41ba | 0000 0035 | 4903 f248 | 3bde 0f85 | 3903 0000 
  0x000001d1c50a7bd8: e900 0000 | 0048 8bd0 

  0x000001d1c50a7be0: ;   {oop(a 'java/lang/Class'{0x000000068c013d80} = 'com/sun/javafx/application/PlatformImpl')}
  0x000001d1c50a7be0: 48ba 803d | 018c 0600 | 0000 8b92 | 9000 0000 | 48c1 e203 

  0x000001d1c50a7bf4: ; implicit exception: dispatches to 0x000001d1c50a7f1a
  0x000001d1c50a7bf4: 483b 0248 

  0x000001d1c50a7bf8: ;   {metadata(method data for {method} {0x000001d1e041df18} 'lambda$runLater$11' '(Ljava/lang/Runnable;Ljava/security/AccessControlContext;)V' in 'com/sun/javafx/application/PlatformImpl')}
  0x000001d1c50a7bf8: 8bf2 48bf | 8877 b8e1 | d101 0000 | 8b76 0841 | ba00 0000 | 3549 03f2 | 483b b750 | 0100 0075 
  0x000001d1c50a7c18: 0d48 8387 | 5801 0000 | 01e9 6000 | 0000 483b | b760 0100 | 0075 0d48 | 8387 6801 | 0000 01e9 
  0x000001d1c50a7c38: 4a00 0000 | 4883 bf50 | 0100 0000 | 7517 4889 | b750 0100 | 0048 c787 | 5801 0000 | 0100 0000 
  0x000001d1c50a7c58: e929 0000 | 0048 83bf | 6001 0000 | 0075 1748 | 89b7 6001 | 0000 48c7 | 8768 0100 | 0001 0000 
  0x000001d1c50a7c78: 00e9 0800 | 0000 4883 | 8748 0100 

  0x000001d1c50a7c84: ;   {optimized virtual_call}
  0x000001d1c50a7c84: 0001 90e8 

  0x000001d1c50a7c88: ; ImmutableOopMap {}
                      ;*invokevirtual decrementAndGet {reexecute=0 rethrow=0 return_oop=0}
                      ; - com.sun.javafx.application.PlatformImpl::lambda$runLater$11@17 (line 460)
  0x000001d1c50a7c88: 14f4 ffff 

  0x000001d1c50a7c8c: ;   {post_call_nop}
  0x000001d1c50a7c8c: 0f1f 8400 | 0407 0002 

  0x000001d1c50a7c94: ;   {metadata(method data for {method} {0x000001d1e041df18} 'lambda$runLater$11' '(Ljava/lang/Runnable;Ljava/security/AccessControlContext;)V' in 'com/sun/javafx/application/PlatformImpl')}
  0x000001d1c50a7c94: 48be 8877 | b8e1 d101 | 0000 4883 | 8678 0100 

  0x000001d1c50a7ca4: ;   {static_call}
  0x000001d1c50a7ca4: 0001 90e8 

  0x000001d1c50a7ca8: ; ImmutableOopMap {}
                      ;*invokestatic checkIdle {reexecute=0 rethrow=0 return_oop=0}
                      ; - com.sun.javafx.application.PlatformImpl::lambda$runLater$11@21 (line 461)
  0x000001d1c50a7ca8: 5407 0000 

  0x000001d1c50a7cac: ;   {post_call_nop}
  0x000001d1c50a7cac: 0f1f 8400 | 2407 0003 

  0x000001d1c50a7cb4: ;   {metadata(method data for {method} {0x000001d1e041df18} 'lambda$runLater$11' '(Ljava/lang/Runnable;Ljava/security/AccessControlContext;)V' in 'com/sun/javafx/application/PlatformImpl')}
  0x000001d1c50a7cb4: 48b8 8877 | b8e1 d101 | 0000 ff80 | 8801 0000 | 4881 c490 | 0000 005d 

  0x000001d1c50a7ccc: ;   {poll_return}
  0x000001d1c50a7ccc: 493b 6728 | 0f87 4902 | 0000 c349 | 8b87 6805 | 0000 4d33 | d24d 8997 | 6805 0000 | 4d33 d24d 
  0x000001d1c50a7cec: 8997 7005 

  0x000001d1c50a7cf0: ;   {oop(a 'java/lang/Class'{0x000000068c013d80} = 'com/sun/javafx/application/PlatformImpl')}
  0x000001d1c50a7cf0: 0000 48ba | 803d 018c | 0600 0000 | 8b92 9000 | 0000 48c1 | e203 483b | 0248 8bf2 

  0x000001d1c50a7d0c: ;   {metadata(method data for {method} {0x000001d1e041df18} 'lambda$runLater$11' '(Ljava/lang/Runnable;Ljava/security/AccessControlContext;)V' in 'com/sun/javafx/application/PlatformImpl')}
  0x000001d1c50a7d0c: 48bf 8877 | b8e1 d101 | 0000 8b76 | 0841 ba00 | 0000 3549 | 03f2 483b | b7a8 0100 | 0075 0d48 
  0x000001d1c50a7d2c: 8387 b001 | 0000 01e9 | 6000 0000 | 483b b7b8 | 0100 0075 | 0d48 8387 | c001 0000 | 01e9 4a00 
  0x000001d1c50a7d4c: 0000 4883 | bfa8 0100 | 0000 7517 | 4889 b7a8 | 0100 0048 | c787 b001 | 0000 0100 | 0000 e929 
  0x000001d1c50a7d6c: 0000 0048 | 83bf b801 | 0000 0075 | 1748 89b7 | b801 0000 | 48c7 87c0 | 0100 0001 | 0000 00e9 
  0x000001d1c50a7d8c: 0800 0000 | 4883 87a0 | 0100 0001 | 4889 8424 | 8000 0000 | 0f1f 8000 

  0x000001d1c50a7da4: ;   {optimized virtual_call}
  0x000001d1c50a7da4: 0000 00e8 

  0x000001d1c50a7da8: ; ImmutableOopMap {[128]=Oop }
                      ;*invokevirtual decrementAndGet {reexecute=0 rethrow=0 return_oop=0}
                      ; - com.sun.javafx.application.PlatformImpl::lambda$runLater$11@31 (line 460)
  0x000001d1c50a7da8: 3473 aa06 

  0x000001d1c50a7dac: ;   {post_call_nop}
  0x000001d1c50a7dac: 0f1f 8400 | 2408 0004 

  0x000001d1c50a7db4: ;   {metadata(method data for {method} {0x000001d1e041df18} 'lambda$runLater$11' '(Ljava/lang/Runnable;Ljava/security/AccessControlContext;)V' in 'com/sun/javafx/application/PlatformImpl')}
  0x000001d1c50a7db4: 48be 8877 | b8e1 d101 | 0000 4883 | 86d0 0100 

  0x000001d1c50a7dc4: ;   {static_call}
  0x000001d1c50a7dc4: 0001 90e8 

  0x000001d1c50a7dc8: ; ImmutableOopMap {[128]=Oop }
                      ;*invokestatic checkIdle {reexecute=0 rethrow=0 return_oop=0}
                      ; - com.sun.javafx.application.PlatformImpl::lambda$runLater$11@35 (line 461)
  0x000001d1c50a7dc8: 1479 aa06 

  0x000001d1c50a7dcc: ;   {post_call_nop}
  0x000001d1c50a7dcc: 0f1f 8400 | 4408 0005 | 488b 8424 | 8000 0000 | e976 0100 

  0x000001d1c50a7de0: ;   {metadata({method} {0x000001d1e041df18} 'lambda$runLater$11' '(Ljava/lang/Runnable;Ljava/security/AccessControlContext;)V' in 'com/sun/javafx/application/PlatformImpl')}
  0x000001d1c50a7de0: 0049 ba10 | df41 e0d1 | 0100 004c | 8954 2408 | 48c7 0424 | ffff ffff 

  0x000001d1c50a7df8: ;   {runtime_call C1 Runtime counter_overflow_blob}
  0x000001d1c50a7df8: e863 8eb7 

  0x000001d1c50a7dfc: ; ImmutableOopMap {rdx=Oop r8=Oop }
                      ;*synchronization entry
                      ; - com.sun.javafx.application.PlatformImpl::lambda$runLater$11@-1 (line 455)
  0x000001d1c50a7dfc: 06e9 c4f8 

  0x000001d1c50a7e00: ;   {metadata({method} {0x00000000352170e0} 'linkToTargetMethod' '(Ljava/lang/Object;Ljava/lang/Object;)Ljava/lang/Object;' in 'java/lang/invoke/Invokers$Holder')}
  0x000001d1c50a7e00: ffff 49ba | d870 2135 | 0000 0000 | 4c89 5424 | 0848 c704 | 24ff ffff 

  0x000001d1c50a7e18: ;   {runtime_call C1 Runtime counter_overflow_blob}
  0x000001d1c50a7e18: ffe8 428e 

  0x000001d1c50a7e1c: ; ImmutableOopMap {rdx=Oop [120]=Oop }
                      ;*synchronization entry
                      ; - java.lang.invoke.Invokers$Holder::linkToTargetMethod@-1
                      ; - com.sun.javafx.application.PlatformImpl::lambda$runLater$11@1 (line 455)
  0x000001d1c50a7e1c: b706 e94c 

  0x000001d1c50a7e20: ;   {metadata({method} {0x0000000035219c78} 'newInvokeSpecial' '(Ljava/lang/Object;Ljava/lang/Object;)Ljava/lang/Object;' in 'java/lang/invoke/DirectMethodHandle$Holder')}
  0x000001d1c50a7e20: f9ff ff49 | ba70 9c21 | 3500 0000 | 004c 8954 | 2408 48c7 | 0424 ffff 

  0x000001d1c50a7e38: ;   {runtime_call C1 Runtime counter_overflow_blob}
  0x000001d1c50a7e38: ffff e821 

  0x000001d1c50a7e3c: ; ImmutableOopMap {rdx=Oop [120]=Oop }
                      ;*synchronization entry
                      ; - java.lang.invoke.DirectMethodHandle$Holder::newInvokeSpecial@-1
                      ; - java.lang.invoke.Invokers$Holder::linkToTargetMethod@5
                      ; - com.sun.javafx.application.PlatformImpl::lambda$runLater$11@1 (line 455)
  0x000001d1c50a7e3c: 8eb7 06e9 | 64f9 ffff 

  0x000001d1c50a7e44: ;   {metadata({method} {0x0000000035209b18} 'allocateInstance' '(Ljava/lang/Object;)Ljava/lang/Object;' in 'java/lang/invoke/DirectMethodHandle')}
  0x000001d1c50a7e44: 49ba 109b | 2035 0000 | 0000 4c89 | 5424 0848 | c704 24ff 

  0x000001d1c50a7e58: ;   {runtime_call C1 Runtime counter_overflow_blob}
  0x000001d1c50a7e58: ffff ffe8 

  0x000001d1c50a7e5c: ; ImmutableOopMap {rdx=Oop [120]=Oop }
                      ;*synchronization entry
                      ; - java.lang.invoke.DirectMethodHandle::allocateInstance@-1 (line 502)
                      ; - java.lang.invoke.DirectMethodHandle$Holder::newInvokeSpecial@1
                      ; - java.lang.invoke.Invokers$Holder::linkToTargetMethod@5
                      ; - com.sun.javafx.application.PlatformImpl::lambda$runLater$11@1 (line 455)
  0x000001d1c50a7e5c: 008e b706 | e97c f9ff 

  0x000001d1c50a7e64: ;   {metadata({method} {0x000000003520a5c0} 'constructorMethod' '(Ljava/lang/Object;)Ljava/lang/Object;' in 'java/lang/invoke/DirectMethodHandle')}
  0x000001d1c50a7e64: ff49 bab8 | a520 3500 | 0000 004c | 8954 2408 | 48c7 0424 | ffff ffff 

  0x000001d1c50a7e7c: ;   {runtime_call C1 Runtime counter_overflow_blob}
  0x000001d1c50a7e7c: e8df 8db7 

  0x000001d1c50a7e80: ; ImmutableOopMap {rax=Oop [112]=Oop [120]=Oop }
                      ;*synchronization entry
                      ; - java.lang.invoke.DirectMethodHandle::constructorMethod@-1 (line 496)
                      ; - java.lang.invoke.DirectMethodHandle$Holder::newInvokeSpecial@6
                      ; - java.lang.invoke.Invokers$Holder::linkToTargetMethod@5
                      ; - com.sun.javafx.application.PlatformImpl::lambda$runLater$11@1 (line 455)
  0x000001d1c50a7e80: 06e9 6ffa 

  0x000001d1c50a7e84: ;   {runtime_call C1 Runtime throw_null_pointer_exception_blob}
  0x000001d1c50a7e84: ffff e8d5 

  0x000001d1c50a7e88: ; ImmutableOopMap {rax=Oop [112]=Oop [120]=Oop }
                      ;*invokestatic linkToSpecial {reexecute=0 rethrow=0 return_oop=0}
                      ; - java.lang.invoke.DirectMethodHandle$Holder::newInvokeSpecial@16
                      ; - java.lang.invoke.Invokers$Holder::linkToTargetMethod@5
                      ; - com.sun.javafx.application.PlatformImpl::lambda$runLater$11@1 (line 455)
                      ;   {metadata({method} {0x000001d1e05aee38} '<init>' '(Ljava/lang/Runnable;)V' in 'com/sun/javafx/application/PlatformImpl$$Lambda+0x0000000036085300')}
  0x000001d1c50a7e88: 2db7 0649 | ba30 ee5a | e0d1 0100 | 004c 8954 | 2408 48c7 | 0424 ffff 

  0x000001d1c50a7ea0: ;   {runtime_call C1 Runtime counter_overflow_blob}
  0x000001d1c50a7ea0: ffff e8b9 

  0x000001d1c50a7ea4: ; ImmutableOopMap {rax=Oop [112]=Oop [120]=Oop }
                      ;*synchronization entry
                      ; - com.sun.javafx.application.PlatformImpl$$Lambda/0x0000000036085300::<init>@-1
                      ; - java.lang.invoke.DirectMethodHandle$Holder::newInvokeSpecial@16
                      ; - java.lang.invoke.Invokers$Holder::linkToTargetMethod@5
                      ; - com.sun.javafx.application.PlatformImpl::lambda$runLater$11@1 (line 455)
  0x000001d1c50a7ea4: 8db7 06e9 | 88fa ffff 

  0x000001d1c50a7eac: ;   {metadata({method} {0x00000000354bc550} '<init>' '()V' in 'java/lang/Object')}
  0x000001d1c50a7eac: 49ba 48c5 | 4b35 0000 | 0000 4c89 | 5424 0848 | c704 24ff 

  0x000001d1c50a7ec0: ;   {runtime_call C1 Runtime counter_overflow_blob}
  0x000001d1c50a7ec0: ffff ffe8 

  0x000001d1c50a7ec4: ; ImmutableOopMap {rax=Oop [112]=Oop [120]=Oop }
                      ;*synchronization entry
                      ; - java.lang.Object::<init>@-1 (line 46)
                      ; - com.sun.javafx.application.PlatformImpl$$Lambda/0x0000000036085300::<init>@1
                      ; - java.lang.invoke.DirectMethodHandle$Holder::newInvokeSpecial@16
                      ; - java.lang.invoke.Invokers$Holder::linkToTargetMethod@5
                      ; - com.sun.javafx.application.PlatformImpl::lambda$runLater$11@1 (line 455)
  0x000001d1c50a7ec4: 988d b706 | e9a3 faff | ff8b 500c | 48c1 e203 | 4885 d20f | 84a0 faff | ff48 8914 

  0x000001d1c50a7ee0: ;   {runtime_call g1_pre_barrier_slow}
  0x000001d1c50a7ee0: 24e8 7a93 | b706 e992 

  0x000001d1c50a7ee8: ;   {metadata({method} {0x00000000353a6b90} 'doPrivileged' '(Ljava/security/PrivilegedAction;Ljava/security/AccessControlContext;)Ljava/lang/Object;' in 'java/security/AccessController')}
  0x000001d1c50a7ee8: faff ff49 | ba88 6b3a | 3500 0000 | 004c 8954 | 2408 48c7 | 0424 ffff 

  0x000001d1c50a7f00: ;   {runtime_call C1 Runtime counter_overflow_blob}
  0x000001d1c50a7f00: ffff e859 

  0x000001d1c50a7f04: ; ImmutableOopMap {rax=Oop }
                      ;*synchronization entry
                      ; - java.security.AccessController::doPrivileged@-1 (line 138)
                      ; - com.sun.javafx.application.PlatformImpl::lambda$runLater$11@7 (line 455)
  0x000001d1c50a7f04: 8db7 06e9 | 62fb ffff 

  0x000001d1c50a7f0c: ;   {runtime_call C1 Runtime throw_null_pointer_exception_blob}
  0x000001d1c50a7f0c: e84f 2db7 

  0x000001d1c50a7f10: ; ImmutableOopMap {rax=Oop }
                      ;*invokeinterface run {reexecute=0 rethrow=0 return_oop=0}
                      ; - java.security.AccessController::doPrivileged@1 (line 138)
                      ; - com.sun.javafx.application.PlatformImpl::lambda$runLater$11@7 (line 455)
  0x000001d1c50a7f10: 0648 8904 

  0x000001d1c50a7f14: ;   {runtime_call C1 Runtime throw_class_cast_exception_blob}
  0x000001d1c50a7f14: 24e8 c654 

  0x000001d1c50a7f18: ; ImmutableOopMap {}
                      ;*checkcast {reexecute=0 rethrow=0 return_oop=0}
                      ; - com.sun.javafx.application.PlatformImpl::lambda$runLater$11@10 (line 455)
                      ;   {runtime_call C1 Runtime throw_null_pointer_exception_blob}
  0x000001d1c50a7f18: b706 e841 

  0x000001d1c50a7f1c: ; ImmutableOopMap {rdx=Oop }
                      ;*invokevirtual decrementAndGet {reexecute=0 rethrow=0 return_oop=0}
                      ; - com.sun.javafx.application.PlatformImpl::lambda$runLater$11@17 (line 460)
                      ;   {internal_word}
  0x000001d1c50a7f1c: 2db7 0649 | bacc 7c0a | c5d1 0100 | 004d 8997 | b804 0000 

  0x000001d1c50a7f30: ;   {runtime_call SafepointBlob}
  0x000001d1c50a7f30: e92b 93aa 

  0x000001d1c50a7f34: ;   {runtime_call C1 Runtime throw_null_pointer_exception_blob}
  0x000001d1c50a7f34: 06e8 262d 

  0x000001d1c50a7f38: ; ImmutableOopMap {rax=Oop rdx=Oop }
                      ;*invokevirtual decrementAndGet {reexecute=0 rethrow=0 return_oop=0}
                      ; - com.sun.javafx.application.PlatformImpl::lambda$runLater$11@31 (line 460)
  0x000001d1c50a7f38: b706 498b | 8768 0500 | 0049 c787 | 6805 0000 | 0000 0000 | 49c7 8770 | 0500 0000 | 0000 0048 
  0x000001d1c50a7f58: 81c4 9000 

  0x000001d1c50a7f5c: ;   {runtime_call C1 Runtime unwind_exception_blob}
  0x000001d1c50a7f5c: 0000 5de9 | fc1d b706 | f4f4 f4f4 
[Stub Code]
  0x000001d1c50a7f68: ;   {other}
  0x000001d1c50a7f68: 0f1f 4400 

  0x000001d1c50a7f6c: ;   {static_stub}
  0x000001d1c50a7f6c: 0048 bb00 | 0000 0000 

  0x000001d1c50a7f74: ;   {runtime_call nmethod}
  0x000001d1c50a7f74: 0000 00e9 | fbff ffff 

  0x000001d1c50a7f7c: ;   {static_stub}
  0x000001d1c50a7f7c: 48bb 0000 | 0000 0000 

  0x000001d1c50a7f84: ;   {runtime_call nmethod}
  0x000001d1c50a7f84: 0000 e9fb 

  0x000001d1c50a7f88: ;   {static_stub}
  0x000001d1c50a7f88: ffff ff48 | bb40 f441 | e0d1 0100 

  0x000001d1c50a7f94: ;   {runtime_call I2C/C2I adapters}
  0x000001d1c50a7f94: 00e9 148b 

  0x000001d1c50a7f98: ;   {static_stub}
  0x000001d1c50a7f98: aa06 48bb | 0000 0000 | 0000 0000 

  0x000001d1c50a7fa4: ;   {runtime_call nmethod}
  0x000001d1c50a7fa4: e9fb ffff 

  0x000001d1c50a7fa8: ;   {runtime_call C1 Runtime handle_exception_from_callee_blob}
  0x000001d1c50a7fa8: ffe8 324e 

  0x000001d1c50a7fac: ;   {external_word}
  0x000001d1c50a7fac: b706 48b9 | 2872 d64b | fd7f 0000 | 4883 e4f0 

  0x000001d1c50a7fbc: ;   {runtime_call}
  0x000001d1c50a7fbc: 48b8 40e4 | 974b fd7f | 0000 ffd0 

  0x000001d1c50a7fc8: ;   {runtime_call DeoptimizationBlob}
  0x000001d1c50a7fc8: f4e8 9295 | aa06 ebf9 
[/MachCode]


---------------  P R O C E S S  ---------------

Threads class SMR info:
_java_thread_list=0x000001d1eef6fe40, length=50, elements={
0x000001d1b9d464c0, 0x000001d1df2a5790, 0x000001d1df2a5f40, 0x000001d1df2a8160,
0x000001d1df2aaa50, 0x000001d1df2ac0d0, 0x000001d1df2b5400, 0x000001d1df2c0c80,
0x000001d1df2d2980, 0x000001d1df86cc50, 0x000001d1df927a40, 0x000001d1df9281f0,
0x000001d1df9d54e0, 0x000001d1e474d900, 0x000001d1e48e4170, 0x000001d1e48818a0,
0x000001d1e4cb7d30, 0x000001d1e4efd7a0, 0x000001d1e56f9dd0, 0x000001d1ebc428b0,
0x000001d1ebc420e0, 0x000001d1ebc46730, 0x000001d1ebc43850, 0x000001d1ebc48670,
0x000001d1ebe2ff00, 0x000001d1ebe30ea0, 0x000001d1ebe32de0, 0x000001d1ebe354f0,
0x000001d1ebe33d80, 0x000001d1ebe34d20, 0x000001d1ebe77410, 0x000001d1ebe79350,
0x000001d1f042ac90, 0x000001d1f15ed480, 0x000001d1f15f3a10, 0x000001d1e4fb96f0,
0x000001d1eff371e0, 0x000001d1eff34300, 0x000001d1eff398f0, 0x000001d1eff3a890,
0x000001d1eff3c000, 0x000001d1e4fb9f00, 0x000001d1e4fb6690, 0x000001d1efb28540,
0x000001d1efb2cb90, 0x000001d1e4fba710, 0x000001d1e4fb6ea0, 0x000001d1efb338f0,
0x000001d1efb32180, 0x000001d1f09d2010
}

Java Threads: ( => current thread )
  0x000001d1b9d464c0 JavaThread "main"                              [_thread_blocked, id=27452, stack(0x000000c6c9400000,0x000000c6c9500000) (1024K)]
  0x000001d1df2a5790 JavaThread "Reference Handler"          daemon [_thread_blocked, id=27164, stack(0x000000c6c9d00000,0x000000c6c9e00000) (1024K)]
  0x000001d1df2a5f40 JavaThread "Finalizer"                  daemon [_thread_blocked, id=27312, stack(0x000000c6c9e00000,0x000000c6c9f00000) (1024K)]
  0x000001d1df2a8160 JavaThread "Signal Dispatcher"          daemon [_thread_blocked, id=23244, stack(0x000000c6c9f00000,0x000000c6ca000000) (1024K)]
  0x000001d1df2aaa50 JavaThread "Attach Listener"            daemon [_thread_blocked, id=28508, stack(0x000000c6ca000000,0x000000c6ca100000) (1024K)]
  0x000001d1df2ac0d0 JavaThread "Service Thread"             daemon [_thread_blocked, id=27544, stack(0x000000c6ca100000,0x000000c6ca200000) (1024K)]
  0x000001d1df2b5400 JavaThread "Monitor Deflation Thread"   daemon [_thread_blocked, id=26944, stack(0x000000c6ca200000,0x000000c6ca300000) (1024K)]
  0x000001d1df2c0c80 JavaThread "C2 CompilerThread0"         daemon [_thread_blocked, id=17564, stack(0x000000c6ca300000,0x000000c6ca400000) (1024K)]
  0x000001d1df2d2980 JavaThread "C1 CompilerThread0"         daemon [_thread_blocked, id=19368, stack(0x000000c6ca400000,0x000000c6ca500000) (1024K)]
  0x000001d1df86cc50 JavaThread "Common-Cleaner"             daemon [_thread_blocked, id=6388, stack(0x000000c6ca800000,0x000000c6ca900000) (1024K)]
  0x000001d1df927a40 JavaThread "Monitor Ctrl-Break"         daemon [_thread_in_native, id=18596, stack(0x000000c6ca900000,0x000000c6caa00000) (1024K)]
  0x000001d1df9281f0 JavaThread "Notification Thread"        daemon [_thread_blocked, id=21824, stack(0x000000c6caa00000,0x000000c6cab00000) (1024K)]
  0x000001d1df9d54e0 JavaThread "JavaFX-Launcher"                   [_thread_blocked, id=21376, stack(0x000000c6cab00000,0x000000c6cac00000) (1024K)]
  0x000001d1e474d900 JavaThread "QuantumRenderer-0"          daemon [_thread_blocked, id=6248, stack(0x000000c6cb100000,0x000000c6cb200000) (1024K)]
  0x000001d1e48e4170 JavaThread "InvokeLaterDispatcher"      daemon [_thread_blocked, id=21176, stack(0x000000c6ca700000,0x000000c6ca800000) (1024K)]
=>0x000001d1e48818a0 JavaThread "JavaFX Application Thread"         [_thread_in_vm, id=18884, stack(0x000000c6cb300000,0x000000c6cb400000) (1024K)]
  0x000001d1e4cb7d30 JavaThread "Thread-2"                   daemon [_thread_in_native, id=28452, stack(0x000000c6cb700000,0x000000c6cb800000) (1024K)]
  0x000001d1e4efd7a0 JavaThread "mysql-cj-abandoned-connection-cleanup" daemon [_thread_blocked, id=23392, stack(0x000000c6cb900000,0x000000c6cba00000) (1024K)]
  0x000001d1e56f9dd0 JavaThread "Thread-3"                   daemon [_thread_blocked, id=8448, stack(0x000000c6cc300000,0x000000c6cc400000) (1024K)]
  0x000001d1ebc428b0 JavaThread "Thread-4"                   daemon [_thread_blocked, id=13700, stack(0x000000c6cc400000,0x000000c6cc500000) (1024K)]
  0x000001d1ebc420e0 JavaThread "Thread-5"                   daemon [_thread_blocked, id=8704, stack(0x000000c6cc500000,0x000000c6cc600000) (1024K)]
  0x000001d1ebc46730 JavaThread "Thread-6"                   daemon [_thread_blocked, id=8372, stack(0x000000c6cc600000,0x000000c6cc700000) (1024K)]
  0x000001d1ebc43850 JavaThread "Thread-7"                   daemon [_thread_blocked, id=4380, stack(0x000000c6cc700000,0x000000c6cc800000) (1024K)]
  0x000001d1ebc48670 JavaThread "Thread-8"                   daemon [_thread_blocked, id=4532, stack(0x000000c6cc800000,0x000000c6cc900000) (1024K)]
  0x000001d1ebe2ff00 JavaThread "Thread-9"                   daemon [_thread_blocked, id=27868, stack(0x000000c6cc900000,0x000000c6cca00000) (1024K)]
  0x000001d1ebe30ea0 JavaThread "Thread-10"                  daemon [_thread_blocked, id=8148, stack(0x000000c6cca00000,0x000000c6ccb00000) (1024K)]
  0x000001d1ebe32de0 JavaThread "Thread-11"                  daemon [_thread_blocked, id=17288, stack(0x000000c6ccb00000,0x000000c6ccc00000) (1024K)]
  0x000001d1ebe354f0 JavaThread "Thread-12"                  daemon [_thread_blocked, id=24008, stack(0x000000c6ccc00000,0x000000c6ccd00000) (1024K)]
  0x000001d1ebe33d80 JavaThread "Thread-13"                  daemon [_thread_blocked, id=28476, stack(0x000000c6ccd00000,0x000000c6cce00000) (1024K)]
  0x000001d1ebe34d20 JavaThread "Thread-14"                  daemon [_thread_blocked, id=12640, stack(0x000000c6cce00000,0x000000c6ccf00000) (1024K)]
  0x000001d1ebe77410 JavaThread "Prism Font Disposer"        daemon [_thread_blocked, id=27876, stack(0x000000c6cd400000,0x000000c6cd500000) (1024K)]
  0x000001d1ebe79350 JavaThread "Keep-Alive-Timer"           daemon [_thread_blocked, id=3392, stack(0x000000c6cd500000,0x000000c6cd600000) (1024K)]
  0x000001d1f042ac90 JavaThread "InnocuousThread-1"          daemon [_thread_blocked, id=19620, stack(0x000000c6cda00000,0x000000c6cdb00000) (1024K)]
  0x000001d1f15ed480 JavaThread "Cleaner-0"                  daemon [_thread_blocked, id=21460, stack(0x000000c6cdb40000,0x000000c6cdc40000) (1024K)]
  0x000001d1f15f3a10 JavaThread "Disposer"                   daemon [_thread_blocked, id=11708, stack(0x000000c6ca600000,0x000000c6ca700000) (1024K)]
  0x000001d1e4fb96f0 JavaThread "C2 CompilerThread1"         daemon [_thread_blocked, id=26836, stack(0x000000c6cb800000,0x000000c6cb900000) (1024K)]
  0x000001d1eff371e0 JavaThread "VirtualThread-unblocker"    daemon [_thread_blocked, id=17680, stack(0x000000c6cbb00000,0x000000c6cbc00000) (1024K)]
  0x000001d1eff34300 JavaThread "ForkJoinPool-1-worker-1"    daemon [_thread_in_native, id=27116, stack(0x000000c6cc200000,0x000000c6cc300000) (1024K)]
  0x000001d1eff398f0 JavaThread "ForkJoinPool-1-worker-2"    daemon [_thread_blocked, id=12124, stack(0x000000c6cd600000,0x000000c6cd700000) (1024K)]
  0x000001d1eff3a890 JavaThread "HttpClient-1-Worker-0"      daemon [_thread_blocked, id=16088, stack(0x000000c6cd700000,0x000000c6cd800000) (1024K)]
  0x000001d1eff3c000 JavaThread "HttpClient-1-Worker-1"      daemon [_thread_blocked, id=27512, stack(0x000000c6cd800000,0x000000c6cd900000) (1024K)]
  0x000001d1e4fb9f00 JavaThread "C1 CompilerThread1"         daemon [_thread_blocked, id=28228, stack(0x000000c6ce250000,0x000000c6ce350000) (1024K)]
  0x000001d1e4fb6690 JavaThread "C2 CompilerThread2"         daemon [_thread_blocked, id=27484, stack(0x000000c6ce350000,0x000000c6ce450000) (1024K)]
  0x000001d1efb28540 JavaThread "HttpClient-1-Worker-2"      daemon [_thread_blocked, id=25588, stack(0x000000c6ce450000,0x000000c6ce550000) (1024K)]
  0x000001d1efb2cb90 JavaThread "HttpClient-1-Worker-3"      daemon [_thread_blocked, id=19244, stack(0x000000c6ce550000,0x000000c6ce650000) (1024K)]
  0x000001d1e4fba710 JavaThread "C1 CompilerThread2"         daemon [_thread_blocked, id=28356, stack(0x000000c6ce650000,0x000000c6ce750000) (1024K)]
  0x000001d1e4fb6ea0 JavaThread "C1 CompilerThread3"         daemon [_thread_blocked, id=27364, stack(0x000000c6ce750000,0x000000c6ce850000) (1024K)]
  0x000001d1efb338f0 JavaThread "ForkJoinPool.commonPool-worker-1" daemon [_thread_blocked, id=15676, stack(0x000000c6ce850000,0x000000c6ce950000) (1024K)]
  0x000001d1efb32180 JavaThread "ForkJoinPool.commonPool-worker-2" daemon [_thread_blocked, id=26716, stack(0x000000c6ce950000,0x000000c6cea50000) (1024K)]
  0x000001d1f09d2010 JavaThread "Thread-17"                  daemon [_thread_blocked, id=26984, stack(0x000000c6cf050000,0x000000c6cf150000) (1024K)]
Total: 50

Other Threads:
  0x000001d1df2921b0 VMThread "VM Thread"                           [id=14868, stack(0x000000c6c9c00000,0x000000c6c9d00000) (1024K)]
  0x000001d1ba252e20 WatcherThread "VM Periodic Task Thread"        [id=11336, stack(0x000000c6c9b00000,0x000000c6c9c00000) (1024K)]
  0x000001d1ba23c380 WorkerThread "GC Thread#0"                     [id=6664, stack(0x000000c6c9500000,0x000000c6c9600000) (1024K)]
  0x000001d1e43ffd00 WorkerThread "GC Thread#1"                     [id=20124, stack(0x000000c6cac00000,0x000000c6cad00000) (1024K)]
  0x000001d1df939980 WorkerThread "GC Thread#2"                     [id=7404, stack(0x000000c6cad00000,0x000000c6cae00000) (1024K)]
  0x000001d1df938c90 WorkerThread "GC Thread#3"                     [id=28028, stack(0x000000c6cae00000,0x000000c6caf00000) (1024K)]
  0x000001d1df937b50 WorkerThread "GC Thread#4"                     [id=12492, stack(0x000000c6cb500000,0x000000c6cb600000) (1024K)]
  0x000001d1df937fa0 WorkerThread "GC Thread#5"                     [id=28432, stack(0x000000c6cb600000,0x000000c6cb700000) (1024K)]
  0x000001d1e4f98720 WorkerThread "GC Thread#6"                     [id=8360, stack(0x000000c6cbc00000,0x000000c6cbd00000) (1024K)]
  0x000001d1e4f97190 WorkerThread "GC Thread#7"                     [id=21152, stack(0x000000c6cbd00000,0x000000c6cbe00000) (1024K)]
  0x000001d1e4f982d0 WorkerThread "GC Thread#8"                     [id=3404, stack(0x000000c6cbe00000,0x000000c6cbf00000) (1024K)]
  0x000001d1e4f96d40 WorkerThread "GC Thread#9"                     [id=22516, stack(0x000000c6cbf00000,0x000000c6cc000000) (1024K)]
  0x000001d1e4f98fc0 WorkerThread "GC Thread#10"                    [id=8080, stack(0x000000c6cc000000,0x000000c6cc100000) (1024K)]
  0x000001d1e4f99410 WorkerThread "GC Thread#11"                    [id=2632, stack(0x000000c6cc100000,0x000000c6cc200000) (1024K)]
  0x000001d1e4f99860 WorkerThread "GC Thread#12"                    [id=23532, stack(0x000000c6cd000000,0x000000c6cd100000) (1024K)]
  0x000001d1ba24eb40 ConcurrentGCThread "G1 Main Marker"            [id=4604, stack(0x000000c6c9600000,0x000000c6c9700000) (1024K)]
  0x000001d1ba2505b0 WorkerThread "G1 Conc#0"                       [id=23176, stack(0x000000c6c9700000,0x000000c6c9800000) (1024K)]
  0x000001d1df93a220 WorkerThread "G1 Conc#1"                       [id=11036, stack(0x000000c6caf00000,0x000000c6cb000000) (1024K)]
  0x000001d1df93a670 WorkerThread "G1 Conc#2"                       [id=28608, stack(0x000000c6cb000000,0x000000c6cb100000) (1024K)]
  0x000001d1ba29eb90 WorkerThread "G1 Refinement Workers#0"         [id=22360, stack(0x000000c6c9900000,0x000000c6c9a00000) (1024K)]
  0x000001d1ba29d710 ConcurrentGCThread "G1 Refine Control"         [id=10192, stack(0x000000c6c9800000,0x000000c6c9900000) (1024K)]
  0x000001d1df158c30 ConcurrentGCThread "G1 Service"                [id=20088, stack(0x000000c6c9a00000,0x000000c6c9b00000) (1024K)]
Total: 22

Threads with active compile tasks:
Total: 0

VM state: not at safepoint (normal execution)

VM Mutex/Monitor currently owned by a thread: None

Heap address: 0x000000068c000000, size: 5952 MB, Compressed Oops mode: Zero based, Oop shift amount: 3

CDS archive(s) mapped at: [0x0000000035000000-0x0000000035de0000-0x0000000035de0000), size 14548992, SharedBaseAddress: 0x0000000035000000, ArchiveRelocationMode: 1.
Compressed class space mapped at: 0x0000000036000000-0x0000000076000000, reserved size: 1073741824
UseCompressedClassPointers 1, UseCompactObjectHeaders 0
Narrow klass pointer bits 32, Max shift 3
Narrow klass base: 0x0000000035000000, Narrow klass shift: 0
Encoding Range: [0x0000000035000000 - 0x0000000135000000), (4294967296 bytes)
Klass Range:    [0x0000000035000000 - 0x0000000076000000), (1090519040 bytes)
Klass ID Range:  [8 - 1090519033) (1090519025)
Protection zone: [0x0000000035000000 - 0x0000000035010000), (65536 bytes)

GC Precious Log:
 CardTable entry size: 512
 Card Set container configuration: InlinePtr #cards 4 size 8 Array Of Cards #cards 32 size 80 Howl #buckets 8 coarsen threshold 7372 Howl Bitmap #cards 1024 size 144 coarsen threshold 921 Card regions per heap region 1 cards per card region 8192
 CPUs: 16 total, 16 available
 Memory: 23805M
 Large Page Support: Disabled
 NUMA Support: Disabled
 Compressed Oops: Enabled (Zero based)
 Heap Region Size: 4M
 Heap Min Capacity: 8M
 Heap Initial Capacity: 8M
 Heap Max Capacity: 5952M
 Pre-touch: Disabled
 Parallel Workers: 13
 Concurrent Workers: 3
 Concurrent Refinement Workers: 13
 Periodic GC: Disabled

Heap:
 garbage-first heap   total reserved 6094848K, committed 61440K, used 25424K [0x000000068c000000, 0x0000000800000000)
  region size 4M, 2 eden (8M), 1 survivor (4M), 5 old (20M), 0 humongous (0M), 7 free (28M)

Heap Regions: E=young(eden), S=young(survivor), O=old, HS=humongous(starts), HC=humongous(continues), CS=collection set, F=free, TAMS=top-at-mark-start, PB=parsable bottom
|    0|0x000000068c000000, 0x000000068c400000, 0x000000068c400000|100%| O|  |TAMS 0x000000068c000000| PB 0x000000068c000000| Untracked |  0
|    1|0x000000068c400000, 0x000000068c800000, 0x000000068c800000|100%| O|  |TAMS 0x000000068c400000| PB 0x000000068c400000| Untracked |  0
|    2|0x000000068c800000, 0x000000068cc00000, 0x000000068cc00000|100%| O|  |TAMS 0x000000068c800000| PB 0x000000068c800000| Untracked |  0
|    3|0x000000068cc00000, 0x000000068d000000, 0x000000068d000000|100%| O|  |TAMS 0x000000068cc00000| PB 0x000000068cc00000| Untracked |  0
|    4|0x000000068d000000, 0x000000068d291970, 0x000000068d400000| 64%| O|  |TAMS 0x000000068d000000| PB 0x000000068d000000| Untracked |  0
|    5|0x000000068d400000, 0x000000068d400000, 0x000000068d800000|  0%| F|  |TAMS 0x000000068d400000| PB 0x000000068d400000| Untracked |  0
|    6|0x000000068d800000, 0x000000068d800000, 0x000000068dc00000|  0%| F|  |TAMS 0x000000068d800000| PB 0x000000068d800000| Untracked |  0
|    7|0x000000068dc00000, 0x000000068dc00000, 0x000000068e000000|  0%| F|  |TAMS 0x000000068dc00000| PB 0x000000068dc00000| Untracked |  0
|    8|0x000000068e000000, 0x000000068e2426b8, 0x000000068e400000| 56%| S|CS|TAMS 0x000000068e000000| PB 0x000000068e000000| Complete  |  1
|    9|0x000000068e400000, 0x000000068e400000, 0x000000068e800000|  0%| F|  |TAMS 0x000000068e400000| PB 0x000000068e400000| Untracked |  0
|   10|0x000000068e800000, 0x000000068e800000, 0x000000068ec00000|  0%| F|  |TAMS 0x000000068e800000| PB 0x000000068e800000| Untracked |  0
|   11|0x000000068ec00000, 0x000000068ec00000, 0x000000068f000000|  0%| F|  |TAMS 0x000000068ec00000| PB 0x000000068ec00000| Untracked |  0
|   12|0x000000068f000000, 0x000000068f000000, 0x000000068f400000|  0%| F|  |TAMS 0x000000068f000000| PB 0x000000068f000000| Untracked |  0
|   13|0x000000068f400000, 0x000000068f4303a0, 0x000000068f800000|  4%| E|CS|TAMS 0x000000068f400000| PB 0x000000068f400000| Complete  |  0
| 1487|0x00000007ffc00000, 0x0000000800000000, 0x0000000800000000|100%| E|CS|TAMS 0x00000007ffc00000| PB 0x00000007ffc00000| Complete  |  0

Card table byte_map: [0x000001d1d5db0000,0x000001d1d6950000] _byte_map_base: 0x000001d1d2950000
Refinement table byte_map: [0x000001d1d5210000,0x000001d1d5db0000] _byte_map_base: 0x000001d1d1db0000

Marking Bits: (CMBitMap*) 0x000001d1ba23cb00
 Bits: [0x000001d1d6950000, 0x000001d1dc650000)

Polling page: 0x000001d1b9f10000

Metaspace:
Metaspace        used 32915K, committed 33280K, reserved 1114112K
 class space     used 4503K, committed 4672K, reserved 1048576K

Usage:
  Non-class:     27.75 MB used.
      Class:      4.40 MB used.
       Both:     32.14 MB used.

Virtual space:
  Non-class space:       64.00 MB reserved,      27.94 MB ( 44%) committed,  1 nodes.
      Class space:        1.00 GB reserved,       4.56 MB ( <1%) committed,  1 nodes.
             Both:        1.06 GB reserved,      32.50 MB (  3%) committed. 

Chunk freelists:
   Non-Class:  3.97 MB
       Class:  11.42 MB
        Both:  15.39 MB

MaxMetaspaceSize: unlimited
CompressedClassSpaceSize: 1.00 GB
Initial GC threshold: 21.00 MB
Current GC threshold: 35.44 MB
CDS: on
 - commit_granule_bytes: 65536.
 - commit_granule_words: 8192.
 - virtual_space_node_default_size: 8388608.
 - enlarge_chunks_in_place: 1.
UseCompressedClassPointers 1, UseCompactObjectHeaders 0
Narrow klass pointer bits 32, Max shift 3
Narrow klass base: 0x0000000035000000, Narrow klass shift: 0
Encoding Range: [0x0000000035000000 - 0x0000000135000000), (4294967296 bytes)
Klass Range:    [0x0000000035000000 - 0x0000000076000000), (1090519040 bytes)
Klass ID Range:  [8 - 1090519033) (1090519025)
Protection zone: [0x0000000035000000 - 0x0000000035010000), (65536 bytes)


Internal statistics:

num_allocs_failed_limit: 5.
num_arena_births: 370.
num_arena_deaths: 0.
num_vsnodes_births: 2.
num_vsnodes_deaths: 0.
num_space_committed: 520.
num_space_uncommitted: 0.
num_chunks_returned_to_freelist: 5.
num_chunks_taken_from_freelist: 1311.
num_chunk_merges: 0.
num_chunk_splits: 864.
num_chunks_enlarged: 645.
num_inconsistent_stats: 0.

CodeHeap 'non-profiled nmethods': size=119232Kb used=2324Kb max_used=2324Kb free=116907Kb
 bounds [0x000001d1cc240000, 0x000001d1cc4b0000, 0x000001d1d36b0000]
CodeHeap 'profiled nmethods': size=119104Kb used=10699Kb max_used=10699Kb free=108404Kb
 bounds [0x000001d1c46b0000, 0x000001d1c5130000, 0x000001d1cbb00000]
CodeHeap 'non-nmethods': size=7424Kb used=3591Kb max_used=3683Kb free=3832Kb
 bounds [0x000001d1cbb00000, 0x000001d1cbeb0000, 0x000001d1cc240000]
CodeCache: size=245760Kb, used=16614Kb, max_used=16706Kb, free=229143Kb
 total_blobs=7378, nmethods=6363, adapters=916, full_count=0
Compilation: enabled, stopped_count=0, restarted_count=0

Compilation events (20 events):
Event: 4.983 Thread 0x000001d1e4fb96f0 nmethod 6454 0x000001d1cc476908 code [0x000001d1cc476a20, 0x000001d1cc476aa8]
Event: 4.992 Thread 0x000001d1df2c0c80 nmethod 6417% 0x000001d1cc476c08 code [0x000001d1cc476d00, 0x000001d1cc47d5c0]
Event: 4.995 Thread 0x000001d1e4fba710 6455       3       com.sun.javafx.tk.quantum.PaintCollector::getInstance (4 bytes)
Event: 4.995 Thread 0x000001d1e4fba710 nmethod 6455 0x000001d1c5120d08 code [0x000001d1c5120e00, 0x000001d1c5120ee8]
Event: 4.995 Thread 0x000001d1df2d2980 6456       3       java.util.ArrayList::sort (21 bytes)
Event: 4.995 Thread 0x000001d1e4fb6ea0 6457       3       java.util.ArrayList::sortRange (34 bytes)
Event: 4.996 Thread 0x000001d1df2d2980 nmethod 6456 0x000001d1c5121008 code [0x000001d1c5121100, 0x000001d1c5121250]
Event: 4.996 Thread 0x000001d1e4fb6ea0 nmethod 6457 0x000001d1c5121308 code [0x000001d1c5121400, 0x000001d1c5121660]
Event: 5.003 Thread 0x000001d1e4fb96f0 6458       4       com.sun.javafx.geom.RectBounds::add (9 bytes)
Event: 5.003 Thread 0x000001d1df2c0c80 6459       4       com.sun.marlin.Renderer::_endRendering (2639 bytes)
Event: 5.004 Thread 0x000001d1e4fb96f0 nmethod 6458 0x000001d1cc47d608 code [0x000001d1cc47d700, 0x000001d1cc47d8f0]
Event: 5.004 Thread 0x000001d1e4fb6ea0 6460       3       java.lang.StringBuilder::append (8 bytes)
Event: 5.004 Thread 0x000001d1e4fb9f00 6461       3       java.lang.AbstractStringBuilder::append (58 bytes)
Event: 5.004 Thread 0x000001d1e4fba710 6462       3       java.util.Formatter$FormatSpecifier::print (234 bytes)
Event: 5.004 Thread 0x000001d1df2d2980 6463       3       java.lang.StringBuilder::append (6 bytes)
Event: 5.004 Thread 0x000001d1e4fb6ea0 nmethod 6460 0x000001d1c5121688 code [0x000001d1c5121780, 0x000001d1c51218c8]
Event: 5.004 Thread 0x000001d1df2d2980 nmethod 6463 0x000001d1c5121988 code [0x000001d1c5121a80, 0x000001d1c5121ca0]
Event: 5.004 Thread 0x000001d1e4fb9f00 nmethod 6461 0x000001d1c5121d08 code [0x000001d1c5121e00, 0x000001d1c5122680]
Event: 5.004 Thread 0x000001d1e4fba710 nmethod 6462 0x000001d1c5122688 code [0x000001d1c5122780, 0x000001d1c5122ef0]
Event: 5.013 Thread 0x000001d1e4fb6690 nmethod 6453 0x000001d1cc47d908 code [0x000001d1cc47da40, 0x000001d1cc480258]

GC Heap Usage History (20 events):
Event: 0.889 {heap Before GC invocations=6 (full 0):
 garbage-first heap   total reserved 6094848K, committed 20480K, used 9076K [0x000000068c000000, 0x0000000800000000)
  region size 4M, 1 eden (4M), 1 survivor (4M), 1 old (4M), 0 humongous (0M), 2 free (8M)
}
Event: 0.890 {heap After GC invocations=7 (full 0):
 garbage-first heap   total reserved 6094848K, committed 28672K, used 5958K [0x000000068c000000, 0x0000000800000000)
  region size 4M, 0 eden (0M), 1 survivor (4M), 1 old (4M), 0 humongous (0M), 5 free (20M)
}
Event: 1.096 {heap Before GC invocations=7 (full 0):
 garbage-first heap   total reserved 6094848K, committed 28672K, used 18246K [0x000000068c000000, 0x0000000800000000)
  region size 4M, 3 eden (12M), 1 survivor (4M), 1 old (4M), 0 humongous (0M), 2 free (8M)
}
Event: 1.099 {heap After GC invocations=8 (full 0):
 garbage-first heap   total reserved 6094848K, committed 28672K, used 7538K [0x000000068c000000, 0x0000000800000000)
  region size 4M, 0 eden (0M), 1 survivor (4M), 1 old (4M), 0 humongous (0M), 5 free (20M)
}
Event: 1.413 {heap Before GC invocations=8 (full 0):
 garbage-first heap   total reserved 6094848K, committed 28672K, used 15730K [0x000000068c000000, 0x0000000800000000)
  region size 4M, 2 eden (8M), 1 survivor (4M), 1 old (4M), 0 humongous (0M), 3 free (12M)
}
Event: 1.416 {heap After GC invocations=9 (full 0):
 garbage-first heap   total reserved 6094848K, committed 28672K, used 9276K [0x000000068c000000, 0x0000000800000000)
  region size 4M, 0 eden (0M), 1 survivor (4M), 2 old (8M), 0 humongous (0M), 4 free (16M)
}
Event: 1.516 {heap Before GC invocations=9 (full 0):
 garbage-first heap   total reserved 6094848K, committed 28672K, used 17468K [0x000000068c000000, 0x0000000800000000)
  region size 4M, 2 eden (8M), 1 survivor (4M), 2 old (8M), 0 humongous (0M), 2 free (8M)
}
Event: 1.519 {heap After GC invocations=10 (full 0):
 garbage-first heap   total reserved 6094848K, committed 28672K, used 11876K [0x000000068c000000, 0x0000000800000000)
  region size 4M, 0 eden (0M), 1 survivor (4M), 2 old (8M), 0 humongous (0M), 4 free (16M)
}
Event: 1.595 {heap Before GC invocations=10 (full 0):
 garbage-first heap   total reserved 6094848K, committed 28672K, used 20068K [0x000000068c000000, 0x0000000800000000)
  region size 4M, 2 eden (8M), 1 survivor (4M), 2 old (8M), 0 humongous (0M), 2 free (8M)
}
Event: 1.598 {heap After GC invocations=11 (full 0):
 garbage-first heap   total reserved 6094848K, committed 28672K, used 12622K [0x000000068c000000, 0x0000000800000000)
  region size 4M, 0 eden (0M), 1 survivor (4M), 3 old (12M), 0 humongous (0M), 3 free (12M)
}
Event: 1.657 {heap Before GC invocations=11 (full 0):
 garbage-first heap   total reserved 6094848K, committed 28672K, used 12622K [0x000000068c000000, 0x0000000800000000)
  region size 4M, 1 eden (4M), 1 survivor (4M), 3 old (12M), 0 humongous (0M), 2 free (8M)
}
Event: 1.659 {heap After GC invocations=12 (full 0):
 garbage-first heap   total reserved 6094848K, committed 28672K, used 12796K [0x000000068c000000, 0x0000000800000000)
  region size 4M, 0 eden (0M), 1 survivor (4M), 3 old (12M), 0 humongous (0M), 3 free (12M)
}
Event: 1.716 {heap Before GC invocations=13 (full 0):
 garbage-first heap   total reserved 6094848K, committed 28672K, used 20988K [0x000000068c000000, 0x0000000800000000)
  region size 4M, 2 eden (8M), 1 survivor (4M), 3 old (12M), 0 humongous (0M), 1 free (4M)
}
Event: 1.717 {heap After GC invocations=14 (full 0):
 garbage-first heap   total reserved 6094848K, committed 28672K, used 12998K [0x000000068c000000, 0x0000000800000000)
  region size 4M, 0 eden (0M), 1 survivor (4M), 3 old (12M), 0 humongous (0M), 3 free (12M)
}
Event: 1.794 {heap Before GC invocations=14 (full 0):
 garbage-first heap   total reserved 6094848K, committed 28672K, used 21190K [0x000000068c000000, 0x0000000800000000)
  region size 4M, 2 eden (8M), 1 survivor (4M), 3 old (12M), 0 humongous (0M), 1 free (4M)
}
Event: 1.796 {heap After GC invocations=15 (full 0):
 garbage-first heap   total reserved 6094848K, committed 61440K, used 13355K [0x000000068c000000, 0x0000000800000000)
  region size 4M, 0 eden (0M), 1 survivor (4M), 3 old (12M), 0 humongous (0M), 11 free (44M)
}
Event: 2.279 {heap Before GC invocations=15 (full 0):
 garbage-first heap   total reserved 6094848K, committed 61440K, used 42027K [0x000000068c000000, 0x0000000800000000)
  region size 4M, 7 eden (28M), 1 survivor (4M), 3 old (12M), 0 humongous (0M), 4 free (16M)
}
Event: 2.283 {heap After GC invocations=16 (full 0):
 garbage-first heap   total reserved 6094848K, committed 61440K, used 18877K [0x000000068c000000, 0x0000000800000000)
  region size 4M, 0 eden (0M), 1 survivor (4M), 4 old (16M), 0 humongous (0M), 10 free (40M)
}
Event: 4.442 {heap Before GC invocations=16 (full 0):
 garbage-first heap   total reserved 6094848K, committed 61440K, used 39357K [0x000000068c000000, 0x0000000800000000)
  region size 4M, 6 eden (24M), 1 survivor (4M), 4 old (16M), 0 humongous (0M), 4 free (16M)
}
Event: 4.446 {heap After GC invocations=17 (full 0):
 garbage-first heap   total reserved 6094848K, committed 61440K, used 21328K [0x000000068c000000, 0x0000000800000000)
  region size 4M, 0 eden (0M), 1 survivor (4M), 5 old (20M), 0 humongous (0M), 9 free (36M)
}

Metaspace Usage History (20 events):
Event: 0.889 {metaspace Before GC invocations=6 (full 0):
 Metaspace       used 8866K, committed 9024K, reserved 1114112K
  class space    used 1136K, committed 1216K, reserved 1048576K
}
Event: 0.890 {metaspace After GC invocations=7 (full 0):
 Metaspace       used 8866K, committed 9024K, reserved 1114112K
  class space    used 1136K, committed 1216K, reserved 1048576K
}
Event: 1.096 {metaspace Before GC invocations=7 (full 0):
 Metaspace       used 12101K, committed 12288K, reserved 1114112K
  class space    used 1583K, committed 1664K, reserved 1048576K
}
Event: 1.099 {metaspace After GC invocations=8 (full 0):
 Metaspace       used 12101K, committed 12288K, reserved 1114112K
  class space    used 1583K, committed 1664K, reserved 1048576K
}
Event: 1.413 {metaspace Before GC invocations=8 (full 0):
 Metaspace       used 18014K, committed 18240K, reserved 1114112K
  class space    used 2291K, committed 2432K, reserved 1048576K
}
Event: 1.416 {metaspace After GC invocations=9 (full 0):
 Metaspace       used 18014K, committed 18240K, reserved 1114112K
  class space    used 2291K, committed 2432K, reserved 1048576K
}
Event: 1.516 {metaspace Before GC invocations=9 (full 0):
 Metaspace       used 18973K, committed 19200K, reserved 1114112K
  class space    used 2406K, committed 2496K, reserved 1048576K
}
Event: 1.519 {metaspace After GC invocations=10 (full 0):
 Metaspace       used 18973K, committed 19200K, reserved 1114112K
  class space    used 2406K, committed 2496K, reserved 1048576K
}
Event: 1.595 {metaspace Before GC invocations=10 (full 0):
 Metaspace       used 20484K, committed 20736K, reserved 1114112K
  class space    used 2642K, committed 2752K, reserved 1048576K
}
Event: 1.598 {metaspace After GC invocations=11 (full 0):
 Metaspace       used 20484K, committed 20736K, reserved 1114112K
  class space    used 2642K, committed 2752K, reserved 1048576K
}
Event: 1.657 {metaspace Before GC invocations=11 (full 0):
 Metaspace       used 21255K, committed 21504K, reserved 1114112K
  class space    used 2745K, committed 2880K, reserved 1048576K
}
Event: 1.659 {metaspace After GC invocations=12 (full 0):
 Metaspace       used 21255K, committed 21504K, reserved 1114112K
  class space    used 2745K, committed 2880K, reserved 1048576K
}
Event: 1.716 {metaspace Before GC invocations=13 (full 0):
 Metaspace       used 22253K, committed 22464K, reserved 1114112K
  class space    used 2901K, committed 3008K, reserved 1048576K
}
Event: 1.717 {metaspace After GC invocations=14 (full 0):
 Metaspace       used 22253K, committed 22464K, reserved 1114112K
  class space    used 2901K, committed 3008K, reserved 1048576K
}
Event: 1.794 {metaspace Before GC invocations=14 (full 0):
 Metaspace       used 23517K, committed 23744K, reserved 1114112K
  class space    used 3156K, committed 3264K, reserved 1048576K
}
Event: 1.796 {metaspace After GC invocations=15 (full 0):
 Metaspace       used 23517K, committed 23744K, reserved 1114112K
  class space    used 3156K, committed 3264K, reserved 1048576K
}
Event: 2.279 {metaspace Before GC invocations=15 (full 0):
 Metaspace       used 27049K, committed 27264K, reserved 1114112K
  class space    used 3731K, committed 3840K, reserved 1048576K
}
Event: 2.283 {metaspace After GC invocations=16 (full 0):
 Metaspace       used 27049K, committed 27264K, reserved 1114112K
  class space    used 3731K, committed 3840K, reserved 1048576K
}
Event: 4.442 {metaspace Before GC invocations=16 (full 0):
 Metaspace       used 32618K, committed 33024K, reserved 1114112K
  class space    used 4486K, committed 4672K, reserved 1048576K
}
Event: 4.446 {metaspace After GC invocations=17 (full 0):
 Metaspace       used 32618K, committed 33024K, reserved 1114112K
  class space    used 4486K, committed 4672K, reserved 1048576K
}

Dll operation events (20 events):
Event: 0.344 Attempting to load shared library C:\Users\HB\.openjfx\cache\21.0.2+5\amd64\vcruntime140_1.dll
Event: 0.345 Loaded shared library C:\Users\HB\.openjfx\cache\21.0.2+5\amd64\vcruntime140_1.dll
Event: 0.351 Attempting to load shared library C:\Users\HB\.openjfx\cache\21.0.2+5\amd64\msvcp140.dll
Event: 0.351 Loaded shared library C:\Users\HB\.openjfx\cache\21.0.2+5\amd64\msvcp140.dll
Event: 0.353 Attempting to load shared library C:\Users\HB\.openjfx\cache\21.0.2+5\amd64\msvcp140_1.dll
Event: 0.354 Loaded shared library C:\Users\HB\.openjfx\cache\21.0.2+5\amd64\msvcp140_1.dll
Event: 0.357 Attempting to load shared library C:\Users\HB\.openjfx\cache\21.0.2+5\amd64\msvcp140_2.dll
Event: 0.358 Loaded shared library C:\Users\HB\.openjfx\cache\21.0.2+5\amd64\msvcp140_2.dll
Event: 0.389 Attempting to load shared library C:\Users\HB\.openjfx\cache\21.0.2+5\amd64\prism_d3d.dll
Event: 0.391 Loaded shared library C:\Users\HB\.openjfx\cache\21.0.2+5\amd64\prism_d3d.dll
Event: 0.543 Attempting to load shared library C:\Users\HB\.openjfx\cache\21.0.2+5\amd64\glass.dll
Event: 0.544 Loaded shared library C:\Users\HB\.openjfx\cache\21.0.2+5\amd64\glass.dll
Event: 0.875 Attempting to load shared library C:\Users\HB\.openjfx\cache\21.0.2+5\amd64\javafx_font.dll
Event: 0.876 Loaded shared library C:\Users\HB\.openjfx\cache\21.0.2+5\amd64\javafx_font.dll
Event: 1.197 Attempting to load shared library C:\Users\HB\.jdks\openjdk-26\bin\sunmscapi.dll
Event: 1.198 Loaded shared library C:\Users\HB\.jdks\openjdk-26\bin\sunmscapi.dll
Event: 1.511 Attempting to load shared library C:\Users\HB\.openjfx\cache\21.0.2+5\amd64\javafx_iio.dll
Event: 1.511 Loaded shared library C:\Users\HB\.openjfx\cache\21.0.2+5\amd64\javafx_iio.dll
Event: 3.996 Attempting to load shared library C:\Users\HB\.openjfx\cache\21.0.2+5\amd64\jfxwebkit.dll
Event: 3.997 Loaded shared library C:\Users\HB\.openjfx\cache\21.0.2+5\amd64\jfxwebkit.dll

Deoptimization events (20 events):
Event: 4.656 Thread 0x000001d1e474d900 Uncommon trap: trap_request=0xffffffd6 fr.pc=0x000001d1cc45e804 relative=0x0000000000000404
Event: 4.656 Thread 0x000001d1e474d900 Uncommon trap: reason=array_check action=maybe_recompile pc=0x000001d1cc45e804 method=com.sun.prism.impl.ps.BaseShaderContext.setTexture(ILcom/sun/prism/Texture;)V @ 50 c2
Event: 4.656 Thread 0x000001d1e474d900 DEOPT PACKING pc=0x000001d1cc45e804 sp=0x000000c6cb1fd100
Event: 4.656 Thread 0x000001d1e474d900 DEOPT UNPACKING pc=0x000001d1cbc22282 sp=0x000000c6cb1fd0c8 mode 2
Event: 4.670 Thread 0x000001d1e474d900 DEOPT PACKING pc=0x000001d1c4f75887 sp=0x000000c6cb1fce30
Event: 4.670 Thread 0x000001d1e474d900 DEOPT UNPACKING pc=0x000001d1cbb51a02 sp=0x000000c6cb1fc300 mode 0
Event: 4.753 Thread 0x000001d1e474d900 Uncommon trap: trap_request=0xffffff66 fr.pc=0x000001d1cc4620ec relative=0x00000000000007ec
Event: 4.753 Thread 0x000001d1e474d900 Uncommon trap: reason=loop_limit_check action=maybe_recompile pc=0x000001d1cc4620ec method=com.sun.javafx.geom.transform.AffineBase.doTransform([FI[FIII)V @ 128 c2
Event: 4.753 Thread 0x000001d1e474d900 DEOPT PACKING pc=0x000001d1cc4620ec sp=0x000000c6cb1fcf10
Event: 4.753 Thread 0x000001d1e474d900 DEOPT UNPACKING pc=0x000001d1cbc22282 sp=0x000000c6cb1fce38 mode 2
Event: 4.802 Thread 0x000001d1e474d900 DEOPT PACKING pc=0x000001d1c4f75887 sp=0x000000c6cb1fce30
Event: 4.802 Thread 0x000001d1e474d900 DEOPT UNPACKING pc=0x000001d1cbb51a02 sp=0x000000c6cb1fc300 mode 0
Event: 4.829 Thread 0x000001d1e474d900 DEOPT PACKING pc=0x000001d1c4f75887 sp=0x000000c6cb1fcf70
Event: 4.829 Thread 0x000001d1e474d900 DEOPT UNPACKING pc=0x000001d1cbb51a02 sp=0x000000c6cb1fc440 mode 0
Event: 4.933 Thread 0x000001d1e474d900 DEOPT PACKING pc=0x000001d1c4f75887 sp=0x000000c6cb1fce30
Event: 4.933 Thread 0x000001d1e474d900 DEOPT UNPACKING pc=0x000001d1cbb51a02 sp=0x000000c6cb1fc300 mode 0
Event: 4.976 Thread 0x000001d1e474d900 DEOPT PACKING pc=0x000001d1c4f75887 sp=0x000000c6cb1fce30
Event: 4.976 Thread 0x000001d1e474d900 DEOPT UNPACKING pc=0x000001d1cbb51a02 sp=0x000000c6cb1fc300 mode 0
Event: 5.003 Thread 0x000001d1e474d900 DEOPT PACKING pc=0x000001d1c4f756b3 sp=0x000000c6cb1fce30
Event: 5.003 Thread 0x000001d1e474d900 DEOPT UNPACKING pc=0x000001d1cbb51a02 sp=0x000000c6cb1fc300 mode 0

Classes loaded (20 events):
Event: 4.351 Loading class jdk/internal/util/Exceptions$NonSocketInfo
Event: 4.351 Loading class jdk/internal/util/Exceptions$NonSocketInfo done
Event: 4.357 Loading class java/util/TreeMap$EntrySpliterator
Event: 4.357 Loading class java/util/TreeMap$TreeMapSpliterator
Event: 4.357 Loading class java/util/TreeMap$TreeMapSpliterator done
Event: 4.357 Loading class java/util/TreeMap$EntrySpliterator done
Event: 4.357 Loading class java/util/concurrent/ArrayBlockingQueue
Event: 4.357 Loading class java/util/concurrent/ArrayBlockingQueue done
Event: 4.357 Loading class java/util/concurrent/CompletableFuture$MinimalStage
Event: 4.357 Loading class java/util/Comparators$NaturalOrderComparator
Event: 4.358 Loading class java/util/Comparators$NaturalOrderComparator done
Event: 4.358 Loading class java/util/concurrent/CompletableFuture$MinimalStage done
Event: 4.359 Loading class java/util/zip/CheckedInputStream
Event: 4.359 Loading class java/util/zip/CheckedInputStream done
Event: 4.359 Loading class java/util/concurrent/CompletableFuture$BiApply
Event: 4.360 Loading class java/util/concurrent/CompletableFuture$BiApply done
Event: 4.361 Loading class java/nio/HeapByteBufferR
Event: 4.361 Loading class java/nio/HeapByteBufferR done
Event: 4.363 Loading class java/util/zip/GZIPInputStream$1
Event: 4.363 Loading class java/util/zip/GZIPInputStream$1 done

Classes unloaded (0 events):
No events

Classes redefined (0 events):
No events

Internal exceptions (20 events):
Event: 4.198 Thread 0x000001d1eff3a890 Exception <a 'java/lang/NoSuchMethodError'{0x000000068ec31bc8}: 'void java.lang.invoke.DirectMethodHandle$Holder.invokeInterface(java.lang.Object, java.lang.Object, java.lang.Object)'> (0x000000068ec31bc8) 
thrown [s\open\src\hotspot\share\interpreter\linkResolver.cpp, line 804]
Event: 4.198 Thread 0x000001d1eff3c000 Exception <a 'java/lang/NoSuchMethodError'{0x000000068ec3fbc8}: 'void java.lang.invoke.DirectMethodHandle$Holder.invokeInterface(java.lang.Object, java.lang.Object, java.lang.Object)'> (0x000000068ec3fbc8) 
thrown [s\open\src\hotspot\share\interpreter\linkResolver.cpp, line 804]
Event: 4.199 Thread 0x000001d1eff3a890 Exception <a 'java/lang/IncompatibleClassChangeError'{0x000000068ec4ba20}: Found class java.lang.Object, but interface was expected> (0x000000068ec4ba20) 
thrown [s\open\src\hotspot\share\interpreter\linkResolver.cpp, line 871]
Event: 4.199 Thread 0x000001d1eff3c000 Exception <a 'java/lang/IncompatibleClassChangeError'{0x000000068ec43b98}: Found class java.lang.Object, but interface was expected> (0x000000068ec43b98) 
thrown [s\open\src\hotspot\share\interpreter\linkResolver.cpp, line 871]
Event: 4.222 Thread 0x000001d1eff34300 Exception <a 'java/lang/NoSuchMethodError'{0x000000068ed26cb0}: 'int java.lang.invoke.DirectMethodHandle$Holder.invokeStatic(java.lang.Object, int, java.lang.Object)'> (0x000000068ed26cb0) 
thrown [s\open\src\hotspot\share\interpreter\linkResolver.cpp, line 804]
Event: 4.223 Thread 0x000001d1eff34300 Exception <a 'java/lang/NoSuchMethodError'{0x000000068ee0bd80}: 'void java.lang.invoke.DirectMethodHandle$Holder.invokeStatic(java.lang.Object, java.lang.Object, int)'> (0x000000068ee0bd80) 
thrown [s\open\src\hotspot\share\interpreter\linkResolver.cpp, line 804]
Event: 4.231 Thread 0x000001d1eff34300 Exception <a 'java/lang/NoSuchMethodError'{0x000000068ee3b2c0}: 'long java.lang.invoke.DirectMethodHandle$Holder.invokeStatic(java.lang.Object, long, long)'> (0x000000068ee3b2c0) 
thrown [s\open\src\hotspot\share\interpreter\linkResolver.cpp, line 804]
Event: 4.231 Thread 0x000001d1eff3a890 Exception <a 'java/lang/NoSuchMethodError'{0x000000068eee6920}: 'long java.lang.invoke.DirectMethodHandle$Holder.invokeStatic(java.lang.Object, long, long)'> (0x000000068eee6920) 
thrown [s\open\src\hotspot\share\interpreter\linkResolver.cpp, line 804]
Event: 4.231 Thread 0x000001d1eff3c000 Exception <a 'java/lang/NoSuchMethodError'{0x000000068eef7260}: 'long java.lang.invoke.DirectMethodHandle$Holder.invokeStatic(java.lang.Object, long, long)'> (0x000000068eef7260) 
thrown [s\open\src\hotspot\share\interpreter\linkResolver.cpp, line 804]
Event: 4.346 Thread 0x000001d1eff3a890 Exception <a 'java/lang/NoSuchMethodError'{0x000000068eb17180}: 'long java.lang.invoke.DirectMethodHandle$Holder.invokeStatic(java.lang.Object, java.lang.Object)'> (0x000000068eb17180) 
thrown [s\open\src\hotspot\share\interpreter\linkResolver.cpp, line 804]
Event: 4.513 Thread 0x000001d1e48818a0 Exception <a 'java/io/FileNotFoundException'{0x00000007ffc248e8}> (0x00000007ffc248e8) 
thrown [s\open\src\hotspot\share\prims\jni.cpp, line 514]
Event: 4.513 Thread 0x000001d1e48818a0 Exception <a 'java/io/FileNotFoundException'{0x00000007ffc25728}> (0x00000007ffc25728) 
thrown [s\open\src\hotspot\share\prims\jni.cpp, line 514]
Event: 4.513 Thread 0x000001d1e48818a0 Exception <a 'java/io/FileNotFoundException'{0x00000007ffc26580}> (0x00000007ffc26580) 
thrown [s\open\src\hotspot\share\prims\jni.cpp, line 514]
Event: 4.513 Thread 0x000001d1e48818a0 Exception <a 'java/io/FileNotFoundException'{0x00000007ffc273c0}> (0x00000007ffc273c0) 
thrown [s\open\src\hotspot\share\prims\jni.cpp, line 514]
Event: 4.515 Thread 0x000001d1e48818a0 Exception <a 'java/io/FileNotFoundException'{0x00000007ffc3bd30}> (0x00000007ffc3bd30) 
thrown [s\open\src\hotspot\share\prims\jni.cpp, line 514]
Event: 4.515 Thread 0x000001d1e48818a0 Exception <a 'java/io/FileNotFoundException'{0x00000007ffc3cb70}> (0x00000007ffc3cb70) 
thrown [s\open\src\hotspot\share\prims\jni.cpp, line 514]
Event: 4.515 Thread 0x000001d1e48818a0 Exception <a 'java/io/FileNotFoundException'{0x00000007ffc3d9c8}> (0x00000007ffc3d9c8) 
thrown [s\open\src\hotspot\share\prims\jni.cpp, line 514]
Event: 4.515 Thread 0x000001d1e48818a0 Exception <a 'java/io/FileNotFoundException'{0x00000007ffc3e808}> (0x00000007ffc3e808) 
thrown [s\open\src\hotspot\share\prims\jni.cpp, line 514]
Event: 5.020 Thread 0x000001d1e48818a0 Exception <a 'java/lang/NoClassDefFoundError'{0x00000007fff046a8}: netscape/javascript/JSObject> (0x00000007fff046a8) 
thrown [s\open\src\hotspot\share\classfile\systemDictionary.cpp, line 318]
Event: 5.021 Thread 0x000001d1e48818a0 Exception <a 'java/lang/NoClassDefFoundError'{0x00000007fff08180}: netscape/javascript/JSObject> (0x00000007fff08180) 
thrown [s\open\src\hotspot\share\classfile\systemDictionary.cpp, line 318]

VM Operations (20 events):
Event: 4.095 Executing non-safepoint VM operation: HandshakeAllThreads (Deoptimize)
Event: 4.095 Executing non-safepoint VM operation: HandshakeAllThreads (Deoptimize) done
Event: 4.111 Executing non-safepoint VM operation: HandshakeAllThreads (Deoptimize)
Event: 4.111 Executing non-safepoint VM operation: HandshakeAllThreads (Deoptimize) done
Event: 4.130 Executing non-safepoint VM operation: HandshakeAllThreads (Deoptimize)
Event: 4.130 Executing non-safepoint VM operation: HandshakeAllThreads (Deoptimize) done
Event: 4.139 Executing non-safepoint VM operation: HandshakeAllThreads (Deoptimize)
Event: 4.139 Executing non-safepoint VM operation: HandshakeAllThreads (Deoptimize) done
Event: 4.195 Executing non-safepoint VM operation: HandshakeAllThreads (Deoptimize)
Event: 4.196 Executing non-safepoint VM operation: HandshakeAllThreads (Deoptimize) done
Event: 4.349 Executing non-safepoint VM operation: HandshakeAllThreads (Deoptimize)
Event: 4.349 Executing non-safepoint VM operation: HandshakeAllThreads (Deoptimize) done
Event: 4.362 Executing non-safepoint VM operation: HandshakeAllThreads (Deoptimize)
Event: 4.362 Executing non-safepoint VM operation: HandshakeAllThreads (Deoptimize) done
Event: 4.442 Executing safepoint VM operation: G1CollectForAllocation (G1 Evacuation Pause)
Event: 4.446 Executing safepoint VM operation: G1CollectForAllocation (G1 Evacuation Pause) done
Event: 4.522 Executing non-safepoint VM operation: HandshakeAllThreads (Deoptimize)
Event: 4.522 Executing non-safepoint VM operation: HandshakeAllThreads (Deoptimize) done
Event: 4.527 Executing non-safepoint VM operation: HandshakeAllThreads (Deoptimize)
Event: 4.527 Executing non-safepoint VM operation: HandshakeAllThreads (Deoptimize) done

Memory protections (0 events):
No events

Nmethod flushes (20 events):
Event: 1.670 Thread 0x000001d1df2921b0 flushing  nmethod 0x000001d1c4738d88
Event: 1.670 Thread 0x000001d1df2921b0 flushing  nmethod 0x000001d1c473f188
Event: 1.670 Thread 0x000001d1df2921b0 flushing  nmethod 0x000001d1cc24db88
Event: 1.670 Thread 0x000001d1df2921b0 flushing  nmethod 0x000001d1cc24f688
Event: 1.670 Thread 0x000001d1df2921b0 flushing  nmethod 0x000001d1c46b5408
Event: 1.670 Thread 0x000001d1df2921b0 flushing  nmethod 0x000001d1c46b6388
Event: 1.670 Thread 0x000001d1df2921b0 flushing  nmethod 0x000001d1c46b6f88
Event: 1.670 Thread 0x000001d1df2921b0 flushing  nmethod 0x000001d1c46b7408
Event: 1.670 Thread 0x000001d1df2921b0 flushing  nmethod 0x000001d1c46e6b08
Event: 1.670 Thread 0x000001d1df2921b0 flushing  nmethod 0x000001d1c470f788
Event: 1.670 Thread 0x000001d1df2921b0 flushing  nmethod 0x000001d1c470fd88
Event: 1.670 Thread 0x000001d1df2921b0 flushing  nmethod 0x000001d1cc24ff88
Event: 1.670 Thread 0x000001d1df2921b0 flushing  nmethod 0x000001d1cc252b08
Event: 1.670 Thread 0x000001d1df2921b0 flushing  nmethod 0x000001d1c46bd508
Event: 1.670 Thread 0x000001d1df2921b0 flushing  nmethod 0x000001d1c46bd808
Event: 1.670 Thread 0x000001d1df2921b0 flushing  nmethod 0x000001d1c46c0608
Event: 1.670 Thread 0x000001d1df2921b0 flushing  nmethod 0x000001d1c46c1988
Event: 1.670 Thread 0x000001d1df2921b0 flushing  nmethod 0x000001d1c46c1e08
Event: 1.670 Thread 0x000001d1df2921b0 flushing  nmethod 0x000001d1c46c2488
Event: 1.670 Thread 0x000001d1df2921b0 flushing  nmethod 0x000001d1c46e2b88

Events (20 events):
Event: 4.022 Thread 0x000001d1e48818a0 Thread added: 0x000001d1f15f3a10
Event: 4.085 Thread 0x000001d1df2d2980 Thread added: 0x000001d1e4fb96f0
Event: 4.140 Thread 0x000001d1e48818a0 Thread added: 0x000001d1eff371e0
Event: 4.141 Thread 0x000001d1e48818a0 Thread added: 0x000001d1eff34300
Event: 4.143 Thread 0x000001d1eff34300 Thread added: 0x000001d1eff398f0
Event: 4.152 Thread 0x000001d1e48818a0 Thread added: 0x000001d1eff3a890
Event: 4.154 Thread 0x000001d1e48818a0 Thread added: 0x000001d1eff3c000
Event: 4.167 Thread 0x000001d1df2d2980 Thread added: 0x000001d1e4fb9f00
Event: 4.206 Thread 0x000001d1df2d2980 Thread added: 0x000001d1e4fb6690
Event: 4.232 Thread 0x000001d1eff34300 Thread added: 0x000001d1efb28540
Event: 4.233 Thread 0x000001d1eff34300 Thread added: 0x000001d1efb2cb90
Event: 4.317 Thread 0x000001d1e4fb9f00 Thread added: 0x000001d1e4fba710
Event: 4.317 Thread 0x000001d1e4fb9f00 Thread added: 0x000001d1e4fb6ea0
Event: 4.358 Thread 0x000001d1eff3a890 Thread added: 0x000001d1efb338f0
Event: 4.359 Thread 0x000001d1efb338f0 Thread added: 0x000001d1efb32180
Event: 4.428 Thread 0x000001d1e4fb6ea0 Thread added: 0x000001d1e4fbcf60
Event: 4.503 Thread 0x000001d1f09d85a0 Thread added: 0x000001d1f09d85a0
Event: 4.504 Thread 0x000001d1f09d85a0 Thread exited: 0x000001d1f09d85a0
Event: 4.525 Thread 0x000001d1e48818a0 Thread added: 0x000001d1f09d2010
Event: 4.954 Thread 0x000001d1e4fbcf60 Thread exited: 0x000001d1e4fbcf60


Dynamic libraries:
0x00007ff74c9d0000 - 0x00007ff74c9de000 	C:\Users\HB\.jdks\openjdk-26\bin\java.exe
0x00007ffdfc760000 - 0x00007ffdfc9c7000 	C:\WINDOWS\SYSTEM32\ntdll.dll
0x00007ffdfa980000 - 0x00007ffdfaa49000 	C:\WINDOWS\System32\KERNEL32.DLL
0x00007ffdf91a0000 - 0x00007ffdf9594000 	C:\WINDOWS\System32\KERNELBASE.dll
0x00007ffdf9ec0000 - 0x00007ffdfa00b000 	C:\WINDOWS\System32\ucrtbase.dll
0x00007ffdea740000 - 0x00007ffdea757000 	C:\Users\HB\.jdks\openjdk-26\bin\jli.dll
0x00007ffdea760000 - 0x00007ffdea77e000 	C:\Users\HB\.jdks\openjdk-26\bin\VCRUNTIME140.dll
0x00007ffdfb750000 - 0x00007ffdfb915000 	C:\WINDOWS\System32\USER32.dll
0x00007ffddc4b0000 - 0x00007ffddc743000 	C:\WINDOWS\WinSxS\amd64_microsoft.windows.common-controls_6595b64144ccf1df_6.0.26100.8115_none_3e075c82e3354f9c\COMCTL32.dll
0x00007ffdfa0d0000 - 0x00007ffdfa0f7000 	C:\WINDOWS\System32\win32u.dll
0x00007ffdfa6f0000 - 0x00007ffdfa799000 	C:\WINDOWS\System32\msvcrt.dll
0x00007ffdfb1d0000 - 0x00007ffdfb1fb000 	C:\WINDOWS\System32\GDI32.dll
0x00007ffdfa240000 - 0x00007ffdfa36b000 	C:\WINDOWS\System32\gdi32full.dll
0x00007ffdf9e10000 - 0x00007ffdf9eb3000 	C:\WINDOWS\System32\msvcp_win.dll
0x00007ffdfa5f0000 - 0x00007ffdfa622000 	C:\WINDOWS\System32\IMM32.DLL
0x00007ffdea8c0000 - 0x00007ffdea8cc000 	C:\Users\HB\.jdks\openjdk-26\bin\vcruntime140_1.dll
0x00007ffdc3860000 - 0x00007ffdc38ed000 	C:\Users\HB\.jdks\openjdk-26\bin\msvcp140.dll
0x00007ffd4b260000 - 0x00007ffd4c12e000 	C:\Users\HB\.jdks\openjdk-26\bin\server\jvm.dll
0x00007ffdfa630000 - 0x00007ffdfa6e6000 	C:\WINDOWS\System32\ADVAPI32.dll
0x00007ffdfb2a0000 - 0x00007ffdfb347000 	C:\WINDOWS\System32\sechost.dll
0x00007ffdfc580000 - 0x00007ffdfc698000 	C:\WINDOWS\System32\RPCRT4.dll
0x00007ffdfb920000 - 0x00007ffdfb9a0000 	C:\WINDOWS\System32\WS2_32.dll
0x00007ffdf8ce0000 - 0x00007ffdf8d3e000 	C:\WINDOWS\SYSTEM32\POWRPROF.dll
0x00007ffdf2760000 - 0x00007ffdf276b000 	C:\WINDOWS\SYSTEM32\VERSION.dll
0x00007ffdeac70000 - 0x00007ffdeaca6000 	C:\WINDOWS\SYSTEM32\WINMM.dll
0x00007ffdf8cc0000 - 0x00007ffdf8cd4000 	C:\WINDOWS\SYSTEM32\UMPDC.dll
0x00007ffdf7dc0000 - 0x00007ffdf7ddb000 	C:\WINDOWS\SYSTEM32\kernel.appcore.dll
0x00007ffdea730000 - 0x00007ffdea73a000 	C:\Users\HB\.jdks\openjdk-26\bin\jimage.dll
0x00007ffde4150000 - 0x00007ffde4392000 	C:\WINDOWS\SYSTEM32\DBGHELP.DLL
0x00007ffdfb370000 - 0x00007ffdfb6f2000 	C:\WINDOWS\System32\combase.dll
0x00007ffdfabf0000 - 0x00007ffdfacc8000 	C:\WINDOWS\System32\OLEAUT32.dll
0x00007ffdd5310000 - 0x00007ffdd534b000 	C:\WINDOWS\SYSTEM32\dbgcore.DLL
0x00007ffdfa190000 - 0x00007ffdfa235000 	C:\WINDOWS\System32\bcryptPrimitives.dll
0x00007ffdf4840000 - 0x00007ffdf4850000 	C:\Users\HB\.jdks\openjdk-26\bin\instrument.dll
0x00007ffde0c20000 - 0x00007ffde0c3f000 	C:\Users\HB\.jdks\openjdk-26\bin\java.dll
0x00007ffdfc3d0000 - 0x00007ffdfc567000 	C:\WINDOWS\System32\ole32.dll
0x00007ffdfba30000 - 0x00007ffdfc197000 	C:\WINDOWS\System32\SHELL32.dll
0x00007ffdf9030000 - 0x00007ffdf919a000 	C:\WINDOWS\System32\wintypes.dll
0x00007ffdf95a0000 - 0x00007ffdf9e08000 	C:\WINDOWS\System32\windows.storage.dll
0x00007ffdfa4f0000 - 0x00007ffdfa5e8000 	C:\WINDOWS\System32\SHCORE.dll
0x00007ffdfb160000 - 0x00007ffdfb1c6000 	C:\WINDOWS\System32\shlwapi.dll
0x00007ffdf8f50000 - 0x00007ffdf8f79000 	C:\WINDOWS\SYSTEM32\profapi.dll
0x00007ffddfc80000 - 0x00007ffddfc97000 	C:\Users\HB\.jdks\openjdk-26\bin\zip.dll
0x00007ffddff40000 - 0x00007ffddff52000 	C:\Users\HB\.jdks\openjdk-26\bin\net.dll
0x00007ffdf8330000 - 0x00007ffdf839c000 	C:\WINDOWS\system32\mswsock.dll
0x00007ffddfca0000 - 0x00007ffddfcb6000 	C:\Users\HB\.jdks\openjdk-26\bin\nio.dll
0x00007ffde0940000 - 0x00007ffde0949000 	C:\Users\HB\.jdks\openjdk-26\bin\extnet.dll
0x000001d1dfa80000 - 0x000001d1dfa83000 	C:\Users\HB\.openjfx\cache\21.0.2+5\amd64\api-ms-win-core-console-l1-1-0.dll
0x000001d1dfa90000 - 0x000001d1dfa93000 	C:\Users\HB\.openjfx\cache\21.0.2+5\amd64\api-ms-win-core-console-l1-2-0.dll
0x000001d1dfaa0000 - 0x000001d1dfaa3000 	C:\Users\HB\.openjfx\cache\21.0.2+5\amd64\api-ms-win-core-datetime-l1-1-0.dll
0x000001d1dfab0000 - 0x000001d1dfab3000 	C:\Users\HB\.openjfx\cache\21.0.2+5\amd64\api-ms-win-core-debug-l1-1-0.dll
0x000001d1dfac0000 - 0x000001d1dfac3000 	C:\Users\HB\.openjfx\cache\21.0.2+5\amd64\api-ms-win-core-errorhandling-l1-1-0.dll
0x000001d1dfad0000 - 0x000001d1dfad4000 	C:\Users\HB\.openjfx\cache\21.0.2+5\amd64\api-ms-win-core-file-l1-1-0.dll
0x000001d1dfae0000 - 0x000001d1dfae3000 	C:\Users\HB\.openjfx\cache\21.0.2+5\amd64\api-ms-win-core-file-l1-2-0.dll
0x000001d1dfaf0000 - 0x000001d1dfaf3000 	C:\Users\HB\.openjfx\cache\21.0.2+5\amd64\api-ms-win-core-file-l2-1-0.dll
0x000001d1dfb00000 - 0x000001d1dfb03000 	C:\Users\HB\.openjfx\cache\21.0.2+5\amd64\api-ms-win-core-handle-l1-1-0.dll
0x000001d1dfb10000 - 0x000001d1dfb13000 	C:\Users\HB\.openjfx\cache\21.0.2+5\amd64\api-ms-win-core-heap-l1-1-0.dll
0x000001d1dfb20000 - 0x000001d1dfb23000 	C:\Users\HB\.openjfx\cache\21.0.2+5\amd64\api-ms-win-core-interlocked-l1-1-0.dll
0x000001d1dfb30000 - 0x000001d1dfb33000 	C:\Users\HB\.openjfx\cache\21.0.2+5\amd64\api-ms-win-core-libraryloader-l1-1-0.dll
0x000001d1dfb40000 - 0x000001d1dfb43000 	C:\Users\HB\.openjfx\cache\21.0.2+5\amd64\api-ms-win-core-localization-l1-2-0.dll
0x000001d1dfb50000 - 0x000001d1dfb53000 	C:\Users\HB\.openjfx\cache\21.0.2+5\amd64\api-ms-win-core-memory-l1-1-0.dll
0x000001d1dfb60000 - 0x000001d1dfb63000 	C:\Users\HB\.openjfx\cache\21.0.2+5\amd64\api-ms-win-core-namedpipe-l1-1-0.dll
0x000001d1dfb70000 - 0x000001d1dfb73000 	C:\Users\HB\.openjfx\cache\21.0.2+5\amd64\api-ms-win-core-processenvironment-l1-1-0.dll
0x000001d1dfb80000 - 0x000001d1dfb83000 	C:\Users\HB\.openjfx\cache\21.0.2+5\amd64\api-ms-win-core-processthreads-l1-1-0.dll
0x000001d1dfb90000 - 0x000001d1dfb93000 	C:\Users\HB\.openjfx\cache\21.0.2+5\amd64\api-ms-win-core-processthreads-l1-1-1.dll
0x000001d1dfba0000 - 0x000001d1dfba3000 	C:\Users\HB\.openjfx\cache\21.0.2+5\amd64\api-ms-win-core-profile-l1-1-0.dll
0x000001d1dfbb0000 - 0x000001d1dfbb3000 	C:\Users\HB\.openjfx\cache\21.0.2+5\amd64\api-ms-win-core-rtlsupport-l1-1-0.dll
0x000001d1dfbc0000 - 0x000001d1dfbc3000 	C:\Users\HB\.openjfx\cache\21.0.2+5\amd64\api-ms-win-core-string-l1-1-0.dll
0x000001d1dfbd0000 - 0x000001d1dfbd3000 	C:\Users\HB\.openjfx\cache\21.0.2+5\amd64\api-ms-win-core-synch-l1-1-0.dll
0x000001d1dfbe0000 - 0x000001d1dfbe3000 	C:\Users\HB\.openjfx\cache\21.0.2+5\amd64\api-ms-win-core-synch-l1-2-0.dll
0x000001d1dfbf0000 - 0x000001d1dfbf3000 	C:\Users\HB\.openjfx\cache\21.0.2+5\amd64\api-ms-win-core-sysinfo-l1-1-0.dll
0x000001d1dfc00000 - 0x000001d1dfc03000 	C:\Users\HB\.openjfx\cache\21.0.2+5\amd64\api-ms-win-core-timezone-l1-1-0.dll
0x000001d1dfc10000 - 0x000001d1dfc13000 	C:\Users\HB\.openjfx\cache\21.0.2+5\amd64\api-ms-win-core-util-l1-1-0.dll
0x000001d1dfc20000 - 0x000001d1dfc23000 	C:\Users\HB\.openjfx\cache\21.0.2+5\amd64\api-ms-win-crt-conio-l1-1-0.dll
0x000001d1dfc30000 - 0x000001d1dfc34000 	C:\Users\HB\.openjfx\cache\21.0.2+5\amd64\api-ms-win-crt-convert-l1-1-0.dll
0x000001d1dfc40000 - 0x000001d1dfc43000 	C:\Users\HB\.openjfx\cache\21.0.2+5\amd64\api-ms-win-crt-environment-l1-1-0.dll
0x000001d1dfc50000 - 0x000001d1dfc53000 	C:\Users\HB\.openjfx\cache\21.0.2+5\amd64\api-ms-win-crt-filesystem-l1-1-0.dll
0x000001d1dfc60000 - 0x000001d1dfc63000 	C:\Users\HB\.openjfx\cache\21.0.2+5\amd64\api-ms-win-crt-heap-l1-1-0.dll
0x000001d1dfc70000 - 0x000001d1dfc73000 	C:\Users\HB\.openjfx\cache\21.0.2+5\amd64\api-ms-win-crt-locale-l1-1-0.dll
0x000001d1dfc80000 - 0x000001d1dfc85000 	C:\Users\HB\.openjfx\cache\21.0.2+5\amd64\api-ms-win-crt-math-l1-1-0.dll
0x000001d1dfc90000 - 0x000001d1dfc95000 	C:\Users\HB\.openjfx\cache\21.0.2+5\amd64\api-ms-win-crt-multibyte-l1-1-0.dll
0x000001d1dfca0000 - 0x000001d1dfcb0000 	C:\Users\HB\.openjfx\cache\21.0.2+5\amd64\api-ms-win-crt-private-l1-1-0.dll
0x000001d1dfcb0000 - 0x000001d1dfcb3000 	C:\Users\HB\.openjfx\cache\21.0.2+5\amd64\api-ms-win-crt-process-l1-1-0.dll
0x000001d1dfcc0000 - 0x000001d1dfcc4000 	C:\Users\HB\.openjfx\cache\21.0.2+5\amd64\api-ms-win-crt-runtime-l1-1-0.dll
0x000001d1dfcd0000 - 0x000001d1dfcd4000 	C:\Users\HB\.openjfx\cache\21.0.2+5\amd64\api-ms-win-crt-stdio-l1-1-0.dll
0x000001d1dfce0000 - 0x000001d1dfce4000 	C:\Users\HB\.openjfx\cache\21.0.2+5\amd64\api-ms-win-crt-string-l1-1-0.dll
0x000001d1dfcf0000 - 0x000001d1dfcf3000 	C:\Users\HB\.openjfx\cache\21.0.2+5\amd64\api-ms-win-crt-time-l1-1-0.dll
0x000001d1dfd00000 - 0x000001d1dfd03000 	C:\Users\HB\.openjfx\cache\21.0.2+5\amd64\api-ms-win-crt-utility-l1-1-0.dll
0x00007ffdccba0000 - 0x00007ffdccc9c000 	C:\Users\HB\.openjfx\cache\21.0.2+5\amd64\ucrtbase.dll
0x00007ffdf47c0000 - 0x00007ffdf47db000 	C:\Users\HB\.openjfx\cache\21.0.2+5\amd64\vcruntime140.dll
0x00007ffdf47b0000 - 0x00007ffdf47bc000 	C:\Users\HB\.openjfx\cache\21.0.2+5\amd64\vcruntime140_1.dll
0x00007ffdd9630000 - 0x00007ffdd96be000 	C:\Users\HB\.openjfx\cache\21.0.2+5\amd64\msvcp140.dll
0x00007ffdf47a0000 - 0x00007ffdf47a9000 	C:\Users\HB\.openjfx\cache\21.0.2+5\amd64\msvcp140_1.dll
0x00007ffdea9d0000 - 0x00007ffdeaa11000 	C:\Users\HB\.openjfx\cache\21.0.2+5\amd64\msvcp140_2.dll
0x00007ffdea8d0000 - 0x00007ffdea900000 	C:\Users\HB\.openjfx\cache\21.0.2+5\amd64\prism_d3d.dll
0x00007ffd67080000 - 0x00007ffd67232000 	C:\WINDOWS\system32\d3d9.dll
0x00007ffdf6d40000 - 0x00007ffdf6d6f000 	C:\WINDOWS\SYSTEM32\dwmapi.dll
0x00007ffdf6cd0000 - 0x00007ffdf6d13000 	C:\WINDOWS\SYSTEM32\dxcore.dll
0x00007ffdf6a50000 - 0x00007ffdf6af9000 	C:\WINDOWS\system32\uxtheme.dll
0x00007ffdf2770000 - 0x00007ffdf2834000 	C:\WINDOWS\System32\DriverStore\FileRepository\nvami.inf_amd64_88ddf34dcee55c5c\nvldumdx.dll
0x00007ffdf8680000 - 0x00007ffdf8693000 	C:\WINDOWS\SYSTEM32\msasn1.dll
0x00007ffdf2660000 - 0x00007ffdf269b000 	C:\WINDOWS\SYSTEM32\cryptnet.dll
0x00007ffdfa370000 - 0x00007ffdfa4e7000 	C:\WINDOWS\System32\CRYPT32.dll
0x00007ffdf8630000 - 0x00007ffdf863c000 	C:\WINDOWS\SYSTEM32\cryptbase.dll
0x00007ffdf86f0000 - 0x00007ffdf8758000 	C:\WINDOWS\SYSTEM32\wldp.dll
0x00007ffdf2430000 - 0x00007ffdf25a8000 	C:\WINDOWS\SYSTEM32\drvstore.dll
0x00007ffdf8be0000 - 0x00007ffdf8c0d000 	C:\WINDOWS\SYSTEM32\devobj.dll
0x00007ffdf8c10000 - 0x00007ffdf8c61000 	C:\WINDOWS\SYSTEM32\cfgmgr32.dll
0x00007ffdfa100000 - 0x00007ffdfa182000 	C:\WINDOWS\System32\wintrust.dll
0x00007ffdfb200000 - 0x00007ffdfb220000 	C:\WINDOWS\System32\imagehlp.dll
0x00007ffdf8610000 - 0x00007ffdf862b000 	C:\WINDOWS\SYSTEM32\CRYPTSP.dll
0x00007ffdf7d20000 - 0x00007ffdf7d59000 	C:\WINDOWS\system32\rsaenh.dll
0x00007ffdf8f20000 - 0x00007ffdf8f4a000 	C:\WINDOWS\SYSTEM32\bcrypt.dll
0x00007ffdeb1d0000 - 0x00007ffdf0127000 	C:\WINDOWS\System32\DriverStore\FileRepository\nvami.inf_amd64_88ddf34dcee55c5c\nvgpucomp64.dll
0x00007ffdeacb0000 - 0x00007ffdeadeb000 	C:\WINDOWS\System32\DriverStore\FileRepository\nvami.inf_amd64_88ddf34dcee55c5c\NvMemMapStoragex.dll
0x00007ffd433f0000 - 0x00007ffd45b26000 	C:\WINDOWS\System32\DriverStore\FileRepository\nvami.inf_amd64_88ddf34dcee55c5c\nvd3dumx.dll
0x00007ffdf4570000 - 0x00007ffdf45d1000 	C:\WINDOWS\SYSTEM32\directxdatabasehelper.dll
0x00007ffddd9d0000 - 0x00007ffddda12000 	C:\Users\HB\.openjfx\cache\21.0.2+5\amd64\glass.dll
0x00007ffdfaaf0000 - 0x00007ffdfabdf000 	C:\WINDOWS\System32\COMDLG32.dll
0x00007ffdfc1a0000 - 0x00007ffdfc2fc000 	C:\WINDOWS\System32\MSCTF.dll
0x00007ffdca090000 - 0x00007ffdca1d7000 	C:\WINDOWS\system32\nvspcap64.dll
0x00007ffdf7ee0000 - 0x00007ffdf7f16000 	C:\WINDOWS\SYSTEM32\ntmarta.dll
0x00007ffdf83a0000 - 0x00007ffdf83d0000 	C:\WINDOWS\SYSTEM32\gpapi.dll
0x00007ffdc2820000 - 0x00007ffdc2f45000 	C:\WINDOWS\System32\DriverStore\FileRepository\nvami.inf_amd64_88ddf34dcee55c5c\nvppex.dll
0x00007ffde0c00000 - 0x00007ffde0c14000 	C:\Users\HB\.openjfx\cache\21.0.2+5\amd64\javafx_font.dll
0x00007ffdf83e0000 - 0x00007ffdf8413000 	C:\WINDOWS\SYSTEM32\USERENV.dll
0x00007ffdf7830000 - 0x00007ffdf7862000 	C:\WINDOWS\SYSTEM32\IPHLPAPI.DLL
0x00007ffdfc300000 - 0x00007ffdfc30a000 	C:\WINDOWS\System32\NSI.dll

JVMTI agents:
C:\Program Files\JetBrains\IntelliJ IDEA 2025.2.4\lib\idea_rt.jar path:C:\Users\HB\.jdks\openjdk-26\bin\instrument.dll, loaded, initialized, instrumentlib options:63380

dbghelp: loaded successfully - version: 4.0.5 - missing functions: none
symbol engine: initialized successfully - sym options: 0x614 - pdb path: .;C:\Users\HB\.jdks\openjdk-26\bin;C:\WINDOWS\SYSTEM32;C:\WINDOWS\WinSxS\amd64_microsoft.windows.common-controls_6595b64144ccf1df_6.0.26100.8115_none_3e075c82e3354f9c;C:\Users\HB\.jdks\openjdk-26\bin\server;C:\Users\HB\.openjfx\cache\21.0.2+5\amd64;C:\WINDOWS\System32\DriverStore\FileRepository\nvami.inf_amd64_88ddf34dcee55c5c;C:\Program Files\Common Files\Microsoft Shared\Ink

VM Arguments:
jvm_args: -javaagent:C:\Program Files\JetBrains\IntelliJ IDEA 2025.2.4\lib\idea_rt.jar=63380 -Dfile.encoding=UTF-8 -Dsun.stdout.encoding=UTF-8 -Dsun.stderr.encoding=UTF-8 
java_command: org.example.Launcher
java_class_path (initial): C:\Users\HB\Documents\GitHub\pijv\target\classes;C:\Users\HB\.m2\repository\com\mysql\mysql-connector-j\9.0.0\mysql-connector-j-9.0.0.jar;C:\Users\HB\.m2\repository\com\google\protobuf\protobuf-java\4.26.1\protobuf-java-4.26.1.jar;C:\Users\HB\.m2\repository\org\openjfx\javafx-controls\21.0.2\javafx-controls-21.0.2.jar;C:\Users\HB\.m2\repository\org\openjfx\javafx-controls\21.0.2\javafx-controls-21.0.2-win.jar;C:\Users\HB\.m2\repository\org\openjfx\javafx-graphics\21.0.2\javafx-graphics-21.0.2.jar;C:\Users\HB\.m2\repository\org\openjfx\javafx-graphics\21.0.2\javafx-graphics-21.0.2-win.jar;C:\Users\HB\.m2\repository\org\openjfx\javafx-base\21.0.2\javafx-base-21.0.2.jar;C:\Users\HB\.m2\repository\org\openjfx\javafx-base\21.0.2\javafx-base-21.0.2-win.jar;C:\Users\HB\.m2\repository\org\openjfx\javafx-fxml\21.0.2\javafx-fxml-21.0.2.jar;C:\Users\HB\.m2\repository\org\openjfx\javafx-fxml\21.0.2\javafx-fxml-21.0.2-win.jar;C:\Users\HB\.m2\repository\org\openjfx\javafx-web\21.0.2\javafx-web-21.0.2.jar;C:\Users\HB\.m2\repository\org\openjfx\javafx-web\21.0.2\javafx-web-21.0.2-win.jar;C:\Users\HB\.m2\repository\org\openjfx\javafx-media\21.0.2\javafx-media-21.0.2.jar;C:\Users\HB\.m2\repository\org\openjfx\javafx-media\21.0.2\javafx-media-21.0.2-win.jar;C:\Users\HB\.m2\repository\org\json\json\20240303\json-20240303.jar
Launcher Type: SUN_STANDARD

[Global flags]
     bool AOTAdapterCaching                        = false                                  {diagnostic} {ergonomic}
     bool AOTInvokeDynamicLinking                  = false                                  {diagnostic} {ergonomic}
     bool AOTRecordTraining                        = false                                  {diagnostic} {ergonomic}
     bool AOTReplayTraining                        = false                                  {diagnostic} {ergonomic}
     bool AOTStubCaching                           = false                                  {diagnostic} {ergonomic}
     intx CICompilerCount                          = 12                                        {product} {ergonomic}
     uint ConcGCThreads                            = 3                                         {product} {ergonomic}
     uint G1ConcRefinementThreads                  = 13                                        {product} {ergonomic}
     uint G1EagerReclaimRemSetThreshold            = 32                                   {experimental} {ergonomic}
   size_t G1HeapRegionSize                         = 4194304                                   {product} {ergonomic}
     uint G1RemSetArrayOfCardsEntries              = 32                                   {experimental} {ergonomic}
     uint G1RemSetHowlMaxNumBuckets                = 8                                    {experimental} {ergonomic}
     uint G1RemSetHowlNumBuckets                   = 8                                    {experimental} {ergonomic}
   size_t InitialHeapSize                          = 8388608                                   {product} {ergonomic}
     bool IntelJccErratumMitigation                = false                             {ARCH diagnostic} {ergonomic}
   size_t MarkStackSize                            = 4194304                                   {product} {ergonomic}
   size_t MarkStackSizeMax                         = 536870912                                 {product} {ergonomic}
   size_t MaxHeapSize                              = 6241124352                                {product} {ergonomic}
   size_t MaxNewSize                               = 3741319168                                {product} {ergonomic}
 uint64_t MaxRAM                                   = 24961396736                               {product} {ergonomic}
   size_t MinHeapDeltaBytes                        = 4194304                                   {product} {ergonomic}
   size_t MinHeapSize                              = 8388608                                   {product} {ergonomic}
   size_t NonNMethodCodeHeapSize                   = 7602176                                {pd product} {ergonomic}
   size_t NonProfiledCodeHeapSize                  = 122093568                              {pd product} {ergonomic}
   size_t ProfiledCodeHeapSize                     = 121962496                              {pd product} {ergonomic}
   size_t ReservedCodeCacheSize                    = 251658240                              {pd product} {ergonomic}
     bool SegmentedCodeCache                       = true                                      {product} {ergonomic}
   size_t SoftMaxHeapSize                          = 6241124352                             {manageable} {ergonomic}
     bool UseCompressedOops                        = true                           {product lp64_product} {ergonomic}
     bool UseCondCardMark                          = true                                      {product} {ergonomic}
     bool UseFastUnorderedTimeStamps               = true                                 {experimental} {ergonomic}
     bool UseG1GC                                  = true                                      {product} {ergonomic}
     bool UseLargePagesIndividualAllocation        = false                                  {pd product} {ergonomic}
      int X86ICacheSync                            = 3                                 {ARCH diagnostic} {ergonomic}

Logging:
Log output configuration:
 #0: stdout all=warning uptime,level,tags foldmultilines=false
 #1: stderr all=off uptime,level,tags foldmultilines=false

Release file:
IMPLEMENTOR="Oracle Corporation" 
JAVA_RUNTIME_VERSION="26+35-2893" 
JAVA_VERSION="26" 
JAVA_VERSION_DATE="2026-03-17" 
LIBC="default" 
MODULES="java.base java.compiler java.datatransfer java.xml java.prefs java.desktop java.instrument java.logging java.management java.security.sasl java.naming java.rmi java.management.rmi java.net.http java.scripting java.security.jgss java.transaction.xa java.sql java.sql.rowset java.xml.crypto java.se java.smartcardio jdk.accessibility jdk.internal.jvmstat jdk.attach jdk.charsets jdk.internal.opt jdk.zipfs jdk.compiler jdk.crypto.cryptoki jdk.crypto.ec jdk.crypto.mscapi jdk.dynalink jdk.internal.ed jdk.editpad jdk.internal.vm.ci jdk.graal.compiler jdk.graal.compiler.management jdk.hotspot.agent jdk.httpserver jdk.incubator.vector jdk.internal.le jdk.internal.md jdk.jartool jdk.javadoc jdk.jcmd jdk.management jdk.management.agent jdk.jconsole jdk.jdeps jdk.jdwp.agent jdk.jdi jdk.jfr jdk.jlink jdk.jpackage jdk.jshell jdk.jstatd jdk.localedata jdk.management.jfr jdk.naming.dns jdk.naming.rmi jdk.net jdk.nio.mapmode jdk.sctp jdk.security.auth jdk.security.jgss jdk.unsupported jdk.unsupported.desktop jdk.xml.dom" 
OS_ARCH="x86_64" 
OS_NAME="Windows" 
SOURCE=".:git:4408cd2a07a1" 

Environment Variables:
PATH=C:\php84;C:\php84;C:\Program Files\Common Files\Oracle\Java\javapath;C:\Program Files (x86)\VMware\VMware Workstation\bin\;C:\Program Files\Eclipse Adoptium\jdk-25.0.0.36-hotspot\bin;C:\Windows\system32;C:\Windows;C:\Windows\System32\Wbem;C:\Windows\System32\WindowsPowerShell\v1.0\;C:\Windows\System32\OpenSSH\;C:\Program Files (x86)\NVIDIA Corporation\PhysX\Common;C:\WINDOWS\system32;C:\WINDOWS;C:\WINDOWS\System32\Wbem;C:\WINDOWS\System32\WindowsPowerShell\v1.0\;C:\WINDOWS\System32\OpenSSH\;C:\Program Files\dotnet\;C:\Program Files\NVIDIA Corporation\NVIDIA App\NvDLISR;C:\MinGW\bin;C:\xampp\php;C:\ProgramData\ComposerSetup\bin;C:\Program Files\nodejs\;C:\Program Files\Git\cmd;C:\Program Files\Docker\Docker\resources\bin;C:\Program Files\MySQL\MySQL Shell 8.0\bin\;C:\php-8.5.3;C:\php84;C:\Users\HB\AppData\Local\Programs\PHP\current;C:\Users\HB\scoop\shims;C:\Users\HB\AppData\Local\Programs\Python\Launcher\;C:\Users\HB\AppData\Local\Microsoft\WindowsApps;C:\Users\HB\AppData\Local\Programs\Microsoft VS Code\bin;C:\Users\HB\.dotnet\tools;C:\Users\HB\AppData\Local\GitHubDesktop\bin;C:\Users\HB\AppData\Roaming\Composer\vendor\bin;C:\Users\HB\AppData\Local\Python\bin;C:\Users\HB\AppData\Local\Programs\Antigravity\bin;C:\Users\HB\AppData\Roaming\npm;C:\Users\HB\AppData\Local\Programs\Kiro\bin
USERNAME=HB
OS=Windows_NT
PROCESSOR_IDENTIFIER=AMD64 Family 25 Model 68 Stepping 1, AuthenticAMD
TMP=C:\Users\HB\AppData\Local\Temp
TEMP=C:\Users\HB\AppData\Local\Temp




Compilation memory statistics disabled.

Periodic native trim disabled

---------------  S Y S T E M  ---------------

OS:
 Windows 11 , 64 bit Build 26100 (10.0.26100.8246)
OS uptime: 0 days 0:52 hours
Hyper-V role detected

CPU: total 16 (initial active 16) (8 cores per cpu, 2 threads per core) family 25 model 68 stepping 1 microcode 0xa404101, cx8, cmov, fxsr, ht, mmx, 3dnowpref, sse, sse2, sse3, ssse3, sse4a, sse4.1, sse4.2, popcnt, lzcnt, tsc, tscinvbit, avx, avx2, aes, clmul, bmi1, bmi2, adx, sha, fma, vzeroupper, clflush, clflushopt, clwb, hv, rdtscp, rdpid, f16c, cet_ss
Processor Information for the first 16 processors :
  Max Mhz: 3201, Current Mhz: 3201, Mhz Limit: 3201

Memory: 4k page, system-wide physical 23805M (10282M free)
TotalPageFile size 29437M (AvailPageFile size 9781M)
current process WorkingSet (physical memory assigned to process): 294M, peak: 299M
current process commit charge ("private bytes"): 396M, peak: 414M

vm_info: OpenJDK 64-Bit Server VM (26+35-2893) for windows-amd64 JRE (26+35-2893), built on 2026-02-12T17:04:02Z with MS VC++ 17.13 (VS2022)

END.
